congress,convened,bioguide,name,state,senate_class,party,party_raw,birthday,age_years,age_days,age_exact
1,1789-03-04,B000226,Richard Bassett,DE,2,Democratic-Republican,Anti-Administration,1745-04-02,43,336,43.9205
1,1789-03-04,D000013,Tristram Dalton,MA,1,Federalist,Pro-Administration,1738-05-28,50,280,50.7671
1,1789-03-04,E000155,Jonathan Elmer,NJ,1,Federalist,Pro-Administration,1745-11-29,43,95,43.2603
1,1789-03-04,F000100,William Few,GA,2,Democratic-Republican,Anti-Administration,1748-06-08,40,269,40.737
1,1789-03-04,H000368,Benjamin Hawkins,NC,3,Federalist,Pro-Administration,1754-08-15,34,201,34.5507
1,1789-03-04,J000182,William Samuel Johnson,CT,3,Federalist,Pro-Administration,1727-10-07,61,148,61.4055
1,1789-03-04,J000198,Samuel Johnston,NC,2,Federalist,Pro-Administration,1733-12-15,55,79,55.2164
1,1789-03-04,L000201,Richard Henry Lee,VA,2,Democratic-Republican,Anti-Administration,1732-01-20,57,43,57.1178
1,1789-03-04,M000031,William Maclay,PA,1,Democratic-Republican,Anti-Administration,1737-07-20,51,227,51.6219
1,1789-03-04,M000985,Robert Morris,PA,3,Federalist,Pro-Administration,1734-01-20,55,43,55.1178
1,1789-03-04,P000102,William Paterson,NJ,2,Federalist,Pro-Administration,1745-12-24,43,70,43.1918
1,1789-03-04,C000185,Charles Carroll,MD,1,Federalist,Pro-Administration,1737-09-19,51,166,51.4548
1,1789-03-04,E000147,Oliver Ellsworth,CT,1,Federalist,Pro-Administration,1745-04-29,43,309,43.8466
1,1789-03-04,R000091,George Read,DE,1,Federalist,Pro-Administration,1733-09-18,55,167,55.4575
1,1789-03-04,S001009,Caleb Strong,MA,2,Federalist,Pro-Administration,1745-01-09,44,54,44.1479
1,1789-03-04,W000633,Paine Wingate,NH,2,Democratic-Republican,Anti-Administration,1739-05-14,49,294,49.8055
1,1789-03-04,G000526,James Gunn,GA,3,Federalist,Federalist,1753-03-13,35,356,35.9753
1,1789-03-04,L000067,John Langdon,NH,3,Democratic-Republican,Democratic Republican,1741-06-26,47,251,47.6877
1,1789-03-04,S000154,Philip John Schuyler,NY,1,Federalist,Pro-Administration,1733-11-20,55,104,55.2849
1,1789-03-04,B001186,Pierce Butler,SC,2,Democratic-Republican,Democratic Republican,1744-07-11,44,236,44.6466
1,1789-03-04,K000212,Rufus King,NY,3,Federalist,Federalist,1755-03-24,33,345,33.9452
2,1791-10-24,B000226,Richard Bassett,DE,2,Democratic-Republican,Anti-Administration,1745-04-02,46,205,46.5601
2,1791-10-24,F000100,William Few,GA,2,Democratic-Republican,Anti-Administration,1748-06-08,43,138,43.377
2,1791-10-24,H000368,Benjamin Hawkins,NC,3,Federalist,Pro-Administration,1754-08-15,37,70,37.1913
2,1791-10-24,J000182,William Samuel Johnson,CT,3,Federalist,Pro-Administration,1727-10-07,64,17,64.0464
2,1791-10-24,J000198,Samuel Johnston,NC,2,Federalist,Pro-Administration,1733-12-15,57,313,57.8575
2,1791-10-24,L000201,Richard Henry Lee,VA,2,Democratic-Republican,Anti-Administration,1732-01-20,59,277,59.7589
2,1791-10-24,M000985,Robert Morris,PA,3,Federalist,Pro-Administration,1734-01-20,57,277,57.7589
2,1791-10-24,D000324,Philemon Dickinson,NJ,2,Federalist,Pro-Administration,1739-04-05,52,202,52.5519
2,1791-10-24,B001133,Aaron Burr,NY,1,Republican,Republican,1756-02-06,35,260,35.7123
2,1791-10-24,C000009,George Cabot,MA,1,Federalist,Federalist,1752-12-03,38,325,38.8904
2,1791-10-24,C000185,Charles Carroll,MD,1,Other,,1737-09-19,54,35,54.0956
2,1791-10-24,E000147,Oliver Ellsworth,CT,1,Federalist,Federalist,1745-04-29,46,178,46.4863
2,1791-10-24,R000091,George Read,DE,1,Other,,1733-09-18,58,36,58.0984
2,1791-10-24,R000350,Moses Robinson,VT,1,Democratic-Republican,Anti-Administration,1741-03-22,50,216,50.5902
2,1791-10-24,S000349,Roger Sherman,CT,3,Federalist,Pro-Administration,1721-04-19,70,188,70.5137
2,1791-10-24,S001009,Caleb Strong,MA,2,Federalist,Pro-Administration,1745-01-09,46,288,46.789
2,1791-10-24,W000633,Paine Wingate,NH,2,Democratic-Republican,Anti-Administration,1739-05-14,52,163,52.4454
2,1791-10-24,G000526,James Gunn,GA,3,Federalist,Federalist,1753-03-13,38,225,38.6148
2,1791-10-24,L000067,John Langdon,NH,3,Democratic-Republican,Democratic Republican,1741-06-26,50,120,50.3279
2,1791-10-24,F000313,Theodore Foster,RI,1,Federalist,Federalist,1752-04-29,39,178,39.4863
2,1791-10-24,R000550,John Rutherfurd,NJ,1,Federalist,Federalist,1760-09-20,31,34,31.0929
2,1791-10-24,B001186,Pierce Butler,SC,2,Democratic-Republican,Democratic Republican,1744-07-11,47,105,47.2869
2,1791-10-24,S000805,Joseph Stanton,RI,2,Democratic-Republican,Anti-Administration,1739-07-19,52,97,52.265
2,1791-10-24,B000745,Stephen Row Bradley,VT,3,Other,,1754-02-20,37,246,37.674
2,1791-10-24,M000858,James Monroe,VA,1,Democratic-Republican,Anti-Administration,1758-04-28,33,179,33.4891
2,1791-10-24,K000212,Rufus King,NY,3,Federalist,Federalist,1755-03-24,36,214,36.5847
3,1793-12-02,H000368,Benjamin Hawkins,NC,3,Federalist,Pro-Administration,1754-08-15,39,109,39.2986
3,1793-12-02,M000985,Robert Morris,PA,3,Federalist,Pro-Administration,1734-01-20,59,316,59.8658
3,1793-12-02,B001133,Aaron Burr,NY,1,Republican,Republican,1756-02-06,37,299,37.8192
3,1793-12-02,C000009,George Cabot,MA,1,Federalist,Federalist,1752-12-03,40,364,40.9973
3,1793-12-02,E000147,Oliver Ellsworth,CT,1,Federalist,Federalist,1745-04-29,48,217,48.5945
3,1793-12-02,R000091,George Read,DE,1,Other,,1733-09-18,60,75,60.2055
3,1793-12-02,R000350,Moses Robinson,VT,1,Democratic-Republican,Anti-Administration,1741-03-22,52,255,52.6986
3,1793-12-02,S000349,Roger Sherman,CT,3,Federalist,Pro-Administration,1721-04-19,72,227,72.6219
3,1793-12-02,P000473,Richard Potts,MD,1,Federalist,Federalist,1753-07-19,40,136,40.3726
3,1793-12-02,B000739,William Bradford,RI,2,Federalist,Federalist,1729-11-04,64,28,64.0767
3,1793-12-02,F000368,Frederick Frelinghuysen,NJ,2,Federalist,Federalist,1753-04-13,40,233,40.6384
3,1793-12-02,M000828,Stephen Mix Mitchell,CT,3,Federalist,Pro-Administration,1743-12-09,49,358,49.9808
3,1793-12-02,S001009,Caleb Strong,MA,2,Federalist,Federalist,1745-01-09,48,327,48.8959
3,1793-12-02,V000104,John Vining,DE,2,Federalist,Federalist,1758-12-23,34,344,34.9425
3,1793-12-02,G000526,James Gunn,GA,3,Federalist,Federalist,1753-03-13,40,264,40.7233
3,1793-12-02,L000067,John Langdon,NH,3,Democratic-Republican,Democratic Republican,1741-06-26,52,159,52.4356
3,1793-12-02,F000313,Theodore Foster,RI,1,Federalist,Federalist,1752-04-29,41,217,41.5945
3,1793-12-02,R000550,John Rutherfurd,NJ,1,Federalist,Federalist,1760-09-20,33,73,33.2
3,1793-12-02,B000929,John Brown,KY,2,Republican,Republican,1757-09-12,36,81,36.2219
3,1793-12-02,L000364,Samuel Livermore,NH,2,Federalist,Federalist,1732-05-14,61,202,61.5534
3,1793-12-02,J000017,James Jackson,GA,2,Republican,Republican,1757-09-21,36,72,36.1973
3,1793-12-02,B001186,Pierce Butler,SC,2,Republican,Republican,1744-07-11,49,144,49.3945
3,1793-12-02,B000745,Stephen Row Bradley,VT,3,Other,,1754-02-20,39,285,39.7808
3,1793-12-02,M000858,James Monroe,VA,1,Democratic-Republican,Anti-Administration,1758-04-28,35,218,35.5973
3,1793-12-02,K000212,Rufus King,NY,3,Federalist,Federalist,1755-03-24,38,253,38.6932
3,1793-12-02,T000086,John Taylor,VA,2,Other,,1753-12-19,39,348,39.9534
4,1795-12-07,B001133,Aaron Burr,NY,1,Republican,Republican,1756-02-06,39,304,39.8329
4,1795-12-07,C000009,George Cabot,MA,1,Federalist,Federalist,1752-12-03,43,4,43.0109
4,1795-12-07,E000147,Oliver Ellsworth,CT,1,Federalist,Federalist,1745-04-29,50,222,50.6066
4,1795-12-07,R000350,Moses Robinson,VT,1,Democratic-Republican,Anti-Administration,1741-03-22,54,260,54.7104
4,1795-12-07,P000473,Richard Potts,MD,1,Federalist,Federalist,1753-07-19,42,141,42.3852
4,1795-12-07,B000739,William Bradford,RI,2,Federalist,Federalist,1729-11-04,66,33,66.0902
4,1795-12-07,F000368,Frederick Frelinghuysen,NJ,2,Federalist,Federalist,1753-04-13,42,238,42.6503
4,1795-12-07,S001009,Caleb Strong,MA,2,Federalist,Federalist,1745-01-09,50,332,50.9096
4,1795-12-07,V000104,John Vining,DE,2,Federalist,Federalist,1758-12-23,36,349,36.9562
4,1795-12-07,T000107,Henry Tazewell,VA,2,Republican,Republican,1753-11-27,42,10,42.0273
4,1795-12-07,B000474,William Bingham,PA,3,Federalist,Federalist,1752-03-08,43,274,43.7486
4,1795-12-07,G000526,James Gunn,GA,3,Federalist,Federalist,1753-03-13,42,269,42.735
4,1795-12-07,L000067,John Langdon,NH,3,Republican,Republican,1741-06-26,54,164,54.4481
4,1795-12-07,P000026,Elijah Paine,VT,3,Federalist,Federalist,1757-01-21,38,320,38.8767
4,1795-12-07,T000389,Jonathan Trumbull,CT,3,Federalist,Federalist,1740-03-26,55,256,55.6995
4,1795-12-07,F000313,Theodore Foster,RI,1,Federalist,Federalist,1752-04-29,43,222,43.6066
4,1795-12-07,L000115,Henry Latimer,DE,1,Federalist,Federalist,1752-04-24,43,227,43.6202
4,1795-12-07,M000226,Stevens Thomson Mason,VA,1,Republican,Republican,1760-12-29,34,343,34.9397
4,1795-12-07,R000448,James Ross,PA,1,Federalist,Federalist,1762-07-12,33,148,33.4044
4,1795-12-07,R000550,John Rutherfurd,NJ,1,Federalist,Federalist,1760-09-20,35,78,35.2131
4,1795-12-07,B000929,John Brown,KY,2,Republican,Republican,1757-09-12,38,86,38.235
4,1795-12-07,L000364,Samuel Livermore,NH,2,Federalist,Federalist,1732-05-14,63,207,63.5656
4,1795-12-07,J000017,James Jackson,GA,2,Republican,Republican,1757-09-21,38,77,38.2104
4,1795-12-07,B001186,Pierce Butler,SC,2,Republican,Republican,1744-07-11,51,149,51.4071
4,1795-12-07,K000212,Rufus King,NY,3,Federalist,Federalist,1755-03-24,40,258,40.7049
5,1797-05-15,B000739,William Bradford,RI,2,Federalist,Federalist,1729-11-04,67,192,67.526
5,1797-05-15,V000104,John Vining,DE,2,Federalist,Federalist,1758-12-23,38,143,38.3918
5,1797-05-15,T000107,Henry Tazewell,VA,2,Republican,Republican,1753-11-27,43,169,43.463
5,1797-05-15,B000474,William Bingham,PA,3,Federalist,Federalist,1752-03-08,45,68,45.1863
5,1797-05-15,G000526,James Gunn,GA,3,Federalist,Federalist,1753-03-13,44,63,44.1726
5,1797-05-15,L000067,John Langdon,NH,3,Republican,Republican,1741-06-26,55,323,55.8849
5,1797-05-15,P000026,Elijah Paine,VT,3,Federalist,Federalist,1757-01-21,40,114,40.3123
5,1797-05-15,B000570,William Blount,TN,2,Republican,Republican,1749-03-26,48,50,48.137
5,1797-05-15,G000286,Benjamin Goodhue,MA,1,Federalist,Federalist,1748-09-20,48,237,48.6493
5,1797-05-15,H000841,John Eager Howard,MD,1,Federalist,Federalist,1752-06-04,44,345,44.9452
5,1797-05-15,C000369,Nathaniel Chipman,VT,1,Federalist,Federalist,1752-11-15,44,181,44.4959
5,1797-05-15,F000313,Theodore Foster,RI,1,Republican,Republican,1752-04-29,45,16,45.0438
5,1797-05-15,L000115,Henry Latimer,DE,1,Federalist,Federalist,1752-04-24,45,21,45.0575
5,1797-05-15,M000226,Stevens Thomson Mason,VA,1,Republican,Republican,1760-12-29,36,137,36.3753
5,1797-05-15,R000448,James Ross,PA,1,Federalist,Federalist,1762-07-12,34,307,34.8411
5,1797-05-15,R000550,John Rutherfurd,NJ,1,Federalist,Federalist,1760-09-20,36,237,36.6493
5,1797-05-15,S000154,Philip John Schuyler,NY,1,Federalist,Federalist,1733-11-20,63,176,63.4822
5,1797-05-15,B000929,John Brown,KY,2,Republican,Republican,1757-09-12,39,245,39.6712
5,1797-05-15,G000427,Ray Greene,RI,2,Federalist,Federalist,1765-02-02,32,102,32.2795
5,1797-05-15,L000364,Samuel Livermore,NH,2,Federalist,Federalist,1732-05-14,65,1,65.0027
5,1797-05-15,S000222,Theodore Sedgwick,MA,2,Federalist,Federalist,1746-05-09,51,6,51.0164
5,1797-05-15,T000348,Uriah Tracy,CT,3,Federalist,Federalist,1755-02-02,42,102,42.2795
5,1797-05-15,A000197,Joseph Anderson,TN,2,Republican,Republican,1757-11-05,39,191,39.5233
5,1797-05-15,H000618,James Hillhouse,CT,1,Federalist,Federalist,1754-10-20,42,207,42.5671
5,1797-05-15,S000941,Richard Stockton,NJ,2,Federalist,Federalist,1764-04-17,33,28,33.0767
5,1797-05-15,J000005,Andrew Jackson,TN,1,Republican,Republican,1767-03-15,30,61,30.1671
6,1799-12-02,B000474,William Bingham,PA,3,Federalist,Federalist,1752-03-08,47,269,47.737
6,1799-12-02,G000526,James Gunn,GA,3,Federalist,Federalist,1753-03-13,46,264,46.7233
6,1799-12-02,L000067,John Langdon,NH,3,Republican,Republican,1741-06-26,58,159,58.4356
6,1799-12-02,P000026,Elijah Paine,VT,3,Federalist,Federalist,1757-01-21,42,315,42.863
6,1799-12-02,G000286,Benjamin Goodhue,MA,1,Federalist,Federalist,1748-09-20,51,73,51.2
6,1799-12-02,H000841,John Eager Howard,MD,1,Federalist,Federalist,1752-06-04,47,181,47.4959
6,1799-12-02,C000369,Nathaniel Chipman,VT,1,Federalist,Federalist,1752-11-15,47,17,47.0466
6,1799-12-02,F000313,Theodore Foster,RI,1,Republican,Republican,1752-04-29,47,217,47.5945
6,1799-12-02,L000115,Henry Latimer,DE,1,Federalist,Federalist,1752-04-24,47,222,47.6082
6,1799-12-02,M000226,Stevens Thomson Mason,VA,1,Republican,Republican,1760-12-29,38,338,38.926
6,1799-12-02,R000448,James Ross,PA,1,Federalist,Federalist,1762-07-12,37,143,37.3918
6,1799-12-02,W000202,James Watson,NY,1,Federalist,Federalist,1750-04-06,49,240,49.6575
6,1799-12-02,B000929,John Brown,KY,2,Republican,Republican,1757-09-12,42,81,42.2219
6,1799-12-02,D000165,Jonathan Dayton,NJ,2,Federalist,Federalist,1760-10-16,39,47,39.1288
6,1799-12-02,D000296,Samuel Dexter,MA,2,Federalist,Federalist,1761-05-14,38,202,38.5534
6,1799-12-02,G000427,Ray Greene,RI,2,Federalist,Federalist,1765-02-02,34,303,34.8301
6,1799-12-02,L000364,Samuel Livermore,NH,2,Federalist,Federalist,1732-05-14,67,202,67.5534
6,1799-12-02,T000348,Uriah Tracy,CT,3,Federalist,Federalist,1755-02-02,44,303,44.8301
6,1799-12-02,B000084,Abraham Baldwin,GA,2,Republican,Republican,1754-11-22,45,10,45.0274
6,1799-12-02,S000524,Daniel Smith,TN,1,Republican,Republican,1748-10-29,51,34,51.0932
6,1799-12-02,F000344,Jesse Franklin,NC,2,Republican,Republican,1760-03-24,39,253,39.6932
6,1799-12-02,A000197,Joseph Anderson,TN,1,Republican,Republican,1757-11-05,42,27,42.074
6,1799-12-02,H000618,James Hillhouse,CT,1,Federalist,Federalist,1754-10-20,45,43,45.1178
6,1799-12-02,N000086,Wilson Cary Nicholas,VA,2,Republican,Republican,1761-01-31,38,305,38.8356
6,1799-12-02,S000150,James Schureman,NJ,1,Federalist,Federalist,1756-02-12,43,293,43.8027
6,1799-12-02,W000287,William Hill Wells,DE,2,Federalist,Federalist,1769-01-07,30,329,30.9014
6,1799-12-02,P000354,Charles Pinckney,SC,2,Republican,Republican,1757-10-26,42,37,42.1014
7,1801-12-07,H000841,John Eager Howard,MD,1,Federalist,Federalist,1752-06-04,49,186,49.5096
7,1801-12-07,C000369,Nathaniel Chipman,VT,1,Federalist,Federalist,1752-11-15,49,22,49.0603
7,1801-12-07,F000313,Theodore Foster,RI,1,Republican,Republican,1752-04-29,49,222,49.6082
7,1801-12-07,L000115,Henry Latimer,DE,1,Federalist,Federalist,1752-04-24,49,227,49.6219
7,1801-12-07,M000226,Stevens Thomson Mason,VA,1,Republican,Republican,1760-12-29,40,343,40.9397
7,1801-12-07,R000448,James Ross,PA,1,Federalist,Federalist,1762-07-12,39,148,39.4055
7,1801-12-07,B000929,John Brown,KY,2,Republican,Republican,1757-09-12,44,86,44.2356
7,1801-12-07,D000165,Jonathan Dayton,NJ,2,Federalist,Federalist,1760-10-16,41,52,41.1425
7,1801-12-07,G000427,Ray Greene,RI,2,Federalist,Federalist,1765-02-02,36,308,36.8438
7,1801-12-07,L000364,Samuel Livermore,NH,2,Federalist,Federalist,1732-05-14,69,207,69.5671
7,1801-12-07,F000301,Dwight Foster,MA,2,Federalist,Federalist,1757-12-07,44,0,44.0
7,1801-12-07,M000976,Gouverneur Morris,NY,1,Federalist,Federalist,1752-01-31,49,310,49.8493
7,1801-12-07,B000787,John Breckinridge,KY,3,Republican,Republican,1760-12-02,41,5,41.0137
7,1801-12-07,E000114,Christopher Ellery,RI,2,Republican,Republican,1768-11-01,33,36,33.0986
7,1801-12-07,J000017,James Jackson,GA,3,Republican,Republican,1757-09-21,44,77,44.211
7,1801-12-07,L000401,George Logan,PA,3,Republican,Republican,1753-09-09,48,89,48.2438
7,1801-12-07,M001066,John Peter Gabriel Muhlenberg,PA,3,Democratic-Republican,Democratic Republican,1746-10-01,55,67,55.1836
7,1801-12-07,O000041,Aaron Ogden,NJ,1,Federalist,Federalist,1756-12-03,45,4,45.011
7,1801-12-07,O000060,Simeon Olcott,NH,2,Federalist,Federalist,1735-10-01,66,67,66.1836
7,1801-12-07,S000312,James Sheafe,NH,3,Federalist,Federalist,1755-11-16,46,21,46.0575
7,1801-12-07,T000348,Uriah Tracy,CT,3,Federalist,Federalist,1755-02-02,46,308,46.8438
7,1801-12-07,A000282,John Armstrong,NY,3,Republican,Republican,1758-11-25,43,12,43.0329
7,1801-12-07,B000084,Abraham Baldwin,GA,2,Republican,Republican,1754-11-22,47,15,47.0411
7,1801-12-07,B000745,Stephen Row Bradley,VT,3,Republican,Republican,1754-02-20,47,290,47.7945
7,1801-12-07,F000344,Jesse Franklin,NC,2,Republican,Republican,1760-03-24,41,258,41.7068
7,1801-12-07,A000197,Joseph Anderson,TN,1,Republican,Republican,1757-11-05,44,32,44.0877
7,1801-12-07,H000618,James Hillhouse,CT,1,Federalist,Federalist,1754-10-20,47,48,47.1315
7,1801-12-07,N000086,Wilson Cary Nicholas,VA,2,Republican,Republican,1761-01-31,40,310,40.8493
7,1801-12-07,S000150,James Schureman,NJ,1,Federalist,Federalist,1756-02-12,45,298,45.8164
7,1801-12-07,S000955,David Stone,NC,3,Republican,Republican,1770-02-17,31,293,31.8027
7,1801-12-07,W000287,William Hill Wells,DE,2,Federalist,Federalist,1769-01-07,32,334,32.9151
7,1801-12-07,M000221,Jonathan Mason,MA,1,Federalist,Federalist,1756-09-12,45,86,45.2356
7,1801-12-07,W000768,Robert Wright,MD,3,Republican,Republican,1752-11-20,49,17,49.0466
8,1803-10-17,B000929,John Brown,KY,2,Republican,Republican,1757-09-12,46,35,46.0956
8,1803-10-17,D000165,Jonathan Dayton,NJ,2,Federalist,Federalist,1760-10-16,43,1,43.0027
8,1803-10-17,F000301,Dwight Foster,MA,2,Federalist,Federalist,1757-12-07,45,314,45.8603
8,1803-10-17,B000787,John Breckinridge,KY,3,Republican,Republican,1760-12-02,42,319,42.874
8,1803-10-17,E000114,Christopher Ellery,RI,2,Republican,Republican,1768-11-01,34,350,34.9589
8,1803-10-17,J000017,James Jackson,GA,3,Republican,Republican,1757-09-21,46,26,46.071
8,1803-10-17,L000401,George Logan,PA,3,Republican,Republican,1753-09-09,50,38,50.1038
8,1803-10-17,O000060,Simeon Olcott,NH,2,Federalist,Federalist,1735-10-01,68,16,68.0437
8,1803-10-17,T000348,Uriah Tracy,CT,3,Federalist,Federalist,1755-02-02,48,257,48.7041
8,1803-10-17,B001186,Pierce Butler,SC,3,Republican,Republican,1744-07-11,59,98,59.2678
8,1803-10-17,C000525,De Witt Clinton,NY,3,Republican,Republican,1769-03-02,34,229,34.6257
8,1803-10-17,P000393,William Plumer,NH,3,Federalist,Federalist,1759-06-25,44,114,44.3115
8,1803-10-17,B000049,Theodorus Bailey,NY,1,Republican,Republican,1758-10-12,45,5,45.0137
8,1803-10-17,M000029,Samuel Maclay,PA,1,Republican,Republican,1741-06-17,62,122,62.3333
8,1803-10-17,P000468,Samuel John Potter,RI,1,Republican,Republican,1753-06-29,50,110,50.3005
8,1803-10-17,S000557,Israel Smith,VT,1,Republican,Republican,1759-04-04,44,196,44.5355
8,1803-10-17,V000083,Abraham Bedford Venable,VA,1,Republican,Republican,1758-11-20,44,331,44.9068
8,1803-10-17,B000084,Abraham Baldwin,GA,2,Republican,Republican,1754-11-22,48,329,48.9014
8,1803-10-17,S001073,Thomas Sumter,SC,2,Republican,Republican,1734-08-14,69,64,69.1749
8,1803-10-17,B000745,Stephen Row Bradley,VT,3,Republican,Republican,1754-02-20,49,239,49.6548
8,1803-10-17,F000344,Jesse Franklin,NC,2,Republican,Republican,1760-03-24,43,207,43.5656
8,1803-10-17,A000197,Joseph Anderson,TN,1,Republican,Republican,1757-11-05,45,346,45.9479
8,1803-10-17,H000618,James Hillhouse,CT,1,Federalist,Federalist,1754-10-20,48,362,48.9918
8,1803-10-17,N000086,Wilson Cary Nicholas,VA,2,Republican,Republican,1761-01-31,42,259,42.7096
8,1803-10-17,W000750,Thomas Worthington,OH,3,Republican,Republican,1773-07-16,30,93,30.2541
8,1803-10-17,S000955,David Stone,NC,3,Republican,Republican,1770-02-17,33,242,33.663
8,1803-10-17,W000287,William Hill Wells,DE,2,Federalist,Federalist,1769-01-07,34,283,34.7753
8,1803-10-17,P000324,Timothy Pickering,MA,2,Federalist,Federalist,1745-07-17,58,92,58.2514
8,1803-10-17,C000671,John Condit,NJ,1,Republican,Republican,1755-07-08,48,101,48.276
8,1803-10-17,W000768,Robert Wright,MD,3,Republican,Republican,1752-11-20,50,331,50.9068
8,1803-10-17,T000086,John Taylor,VA,1,Republican,Republican,1753-12-19,49,302,49.8274
8,1803-10-17,S000609,Samuel Smith,MD,1,Republican,Republican,1752-07-27,51,82,51.224
8,1803-10-17,A000041,John Quincy Adams,MA,1,Federalist,Federalist,1767-07-11,36,98,36.2678
9,1805-12-02,B000787,John Breckinridge,KY,3,Republican,Republican,1760-12-02,45,0,45.0
9,1805-12-02,J000017,James Jackson,GA,3,Republican,Republican,1757-09-21,48,72,48.1973
9,1805-12-02,L000401,George Logan,PA,3,Republican,Republican,1753-09-09,52,84,52.2301
9,1805-12-02,T000348,Uriah Tracy,CT,3,Federalist,Federalist,1755-02-02,50,303,50.8301
9,1805-12-02,P000393,William Plumer,NH,3,Federalist,Federalist,1759-06-25,46,160,46.4384
9,1805-12-02,M000029,Samuel Maclay,PA,1,Republican,Republican,1741-06-17,64,168,64.4603
9,1805-12-02,S000557,Israel Smith,VT,1,Republican,Republican,1759-04-04,46,242,46.663
9,1805-12-02,H000870,Benjamin Howland,RI,1,Republican,Republican,1755-07-27,50,128,50.3507
9,1805-12-02,B000084,Abraham Baldwin,GA,2,Republican,Republican,1754-11-22,51,10,51.0274
9,1805-12-02,F000074,James Fenner,RI,2,Republican,Republican,1771-01-22,34,314,34.8603
9,1805-12-02,K000246,Aaron Kitchell,NJ,2,Republican,Republican,1744-07-10,61,145,61.3973
9,1805-12-02,S000524,Daniel Smith,TN,2,Republican,Republican,1748-10-29,57,34,57.0932
9,1805-12-02,S001073,Thomas Sumter,SC,2,Republican,Republican,1734-08-14,71,110,71.3014
9,1805-12-02,T000249,Buckner Thruston,KY,2,Republican,Republican,1763-02-09,42,296,42.811
9,1805-12-02,B000745,Stephen Row Bradley,VT,3,Republican,Republican,1754-02-20,51,285,51.7808
9,1805-12-02,S000566,John Smith,NY,3,Republican,Republican,1752-02-12,53,293,53.8027
9,1805-12-02,A000197,Joseph Anderson,TN,1,Republican,Republican,1757-11-05,48,27,48.074
9,1805-12-02,H000618,James Hillhouse,CT,1,Federalist,Federalist,1754-10-20,51,43,51.1178
9,1805-12-02,W000750,Thomas Worthington,OH,3,Republican,Republican,1773-07-16,32,139,32.3808
9,1805-12-02,B000249,James Asheton Bayard,DE,2,Federalist,Federalist,1767-07-28,38,127,38.3479
9,1805-12-02,G000183,William Branch Giles,VA,2,Republican,Republican,1762-08-12,43,112,43.3068
9,1805-12-02,G000215,Nicholas Gilman,NH,2,Republican,Republican,1755-08-03,50,121,50.3315
9,1805-12-02,M000831,Samuel Latham Mitchill,NY,1,Republican,Republican,1764-08-20,41,104,41.2849
9,1805-12-02,T000423,James Turner,NC,2,Republican,Republican,1766-12-20,38,347,38.9507
9,1805-12-02,S000955,David Stone,NC,3,Republican,Republican,1770-02-17,35,288,35.789
9,1805-12-02,P000324,Timothy Pickering,MA,2,Federalist,Federalist,1745-07-17,60,138,60.3781
9,1805-12-02,C000671,John Condit,NJ,1,Republican,Republican,1755-07-08,50,147,50.4027
9,1805-12-02,W000768,Robert Wright,MD,3,Republican,Republican,1752-11-20,53,12,53.0329
9,1805-12-02,G000005,John Gaillard,SC,3,Republican,Republican,1765-09-05,40,88,40.2411
9,1805-12-02,S000609,Samuel Smith,MD,1,Republican,Republican,1752-07-27,53,128,53.3507
9,1805-12-02,A000026,John Adair,KY,3,Republican,Republican,1757-01-09,48,327,48.8959
9,1805-12-02,A000041,John Quincy Adams,MA,1,Federalist,Federalist,1767-07-11,38,144,38.3945
10,1807-10-26,M000029,Samuel Maclay,PA,1,Republican,Republican,1741-06-17,66,131,66.3579
10,1807-10-26,S000557,Israel Smith,VT,1,Republican,Republican,1759-04-04,48,205,48.5601
10,1807-10-26,H000870,Benjamin Howland,RI,1,Republican,Republican,1755-07-27,52,91,52.2486
10,1807-10-26,F000074,James Fenner,RI,2,Republican,Republican,1771-01-22,36,277,36.7589
10,1807-10-26,K000246,Aaron Kitchell,NJ,2,Republican,Republican,1744-07-10,63,108,63.2951
10,1807-10-26,S000524,Daniel Smith,TN,2,Republican,Republican,1748-10-29,58,362,58.9918
10,1807-10-26,S001073,Thomas Sumter,SC,2,Republican,Republican,1734-08-14,73,73,73.1995
10,1807-10-26,T000249,Buckner Thruston,KY,2,Republican,Republican,1763-02-09,44,259,44.7096
10,1807-10-26,B000745,Stephen Row Bradley,VT,3,Republican,Republican,1754-02-20,53,248,53.6795
10,1807-10-26,F000344,Jesse Franklin,NC,3,Republican,Republican,1760-03-24,47,216,47.5902
10,1807-10-26,G000293,Chauncey Goodrich,CT,3,Federalist,Federalist,1759-10-20,48,6,48.0164
10,1807-10-26,G000442,Andrew Gregg,PA,3,Republican,Republican,1755-06-10,52,138,52.377
10,1807-10-26,J000220,George Jones,GA,2,Republican,Republican,1766-02-25,41,243,41.6658
10,1807-10-26,M000240,Elisha Mathewson,RI,2,Republican,Republican,1767-04-18,40,191,40.5219
10,1807-10-26,P000067,Nahum Parker,NH,3,Republican,Republican,1760-03-04,47,236,47.6448
10,1807-10-26,S000566,John Smith,NY,3,Republican,Republican,1752-02-12,55,256,55.7014
10,1807-10-26,T000268,Edward Tiffin,OH,3,Republican,Republican,1766-06-19,41,129,41.3525
10,1807-10-26,A000197,Joseph Anderson,TN,1,Republican,Republican,1757-11-05,49,355,49.9726
10,1807-10-26,H000618,James Hillhouse,CT,1,Federalist,Federalist,1754-10-20,53,6,53.0164
10,1807-10-26,R000346,Jonathan Robinson,VT,1,Republican,Republican,1756-08-11,51,76,51.2077
10,1807-10-26,B000249,James Asheton Bayard,DE,2,Federalist,Federalist,1767-07-28,40,90,40.2459
10,1807-10-26,C000895,William Harris Crawford,GA,2,Republican,Republican,1772-02-24,35,244,35.6685
10,1807-10-26,G000183,William Branch Giles,VA,2,Republican,Republican,1762-08-12,45,75,45.2049
10,1807-10-26,G000215,Nicholas Gilman,NH,2,Republican,Republican,1755-08-03,52,84,52.2295
10,1807-10-26,M000831,Samuel Latham Mitchill,NY,1,Republican,Republican,1764-08-20,43,67,43.1831
10,1807-10-26,T000423,James Turner,NC,2,Republican,Republican,1766-12-20,40,310,40.8493
10,1807-10-26,P000324,Timothy Pickering,MA,2,Federalist,Federalist,1745-07-17,62,101,62.276
10,1807-10-26,C000671,John Condit,NJ,1,Republican,Republican,1755-07-08,52,110,52.3005
10,1807-10-26,G000005,John Gaillard,SC,3,Republican,Republican,1765-09-05,42,51,42.1393
10,1807-10-26,S000609,Samuel Smith,MD,1,Republican,Republican,1752-07-27,55,91,55.2486
10,1807-10-26,A000041,John Quincy Adams,MA,1,Federalist,Federalist,1767-07-11,40,107,40.2923
11,1809-05-22,K000246,Aaron Kitchell,NJ,2,Republican,Republican,1744-07-10,64,316,64.8658
11,1809-05-22,S000524,Daniel Smith,TN,2,Republican,Republican,1748-10-29,60,205,60.5616
11,1809-05-22,S001073,Thomas Sumter,SC,2,Republican,Republican,1734-08-14,74,281,74.7699
11,1809-05-22,T000249,Buckner Thruston,KY,2,Republican,Republican,1763-02-09,46,102,46.2795
11,1809-05-22,B000745,Stephen Row Bradley,VT,3,Republican,Republican,1754-02-20,55,91,55.2493
11,1809-05-22,F000344,Jesse Franklin,NC,3,Republican,Republican,1760-03-24,49,59,49.1616
11,1809-05-22,G000293,Chauncey Goodrich,CT,3,Federalist,Federalist,1759-10-20,49,214,49.5863
11,1809-05-22,G000442,Andrew Gregg,PA,3,Republican,Republican,1755-06-10,53,346,53.9479
11,1809-05-22,M000240,Elisha Mathewson,RI,2,Republican,Republican,1767-04-18,42,34,42.0932
11,1809-05-22,P000067,Nahum Parker,NH,3,Republican,Republican,1760-03-04,49,79,49.2164
11,1809-05-22,S000566,John Smith,NY,3,Republican,Republican,1752-02-12,57,99,57.2712
11,1809-05-22,T000268,Edward Tiffin,OH,3,Republican,Republican,1766-06-19,42,337,42.9233
11,1809-05-22,M000633,Return Jonathan Meigs,OH,1,Republican,Republican,1764-11-17,44,186,44.5096
11,1809-05-22,A000197,Joseph Anderson,TN,1,Republican,Republican,1757-11-05,51,198,51.5425
11,1809-05-22,C000289,Christopher Grant Champlin,RI,1,Federalist,Federalist,1768-04-12,41,40,41.1096
11,1809-05-22,G000136,Obadiah German,NY,1,Republican,Republican,1766-04-22,43,30,43.0822
11,1809-05-22,G000489,Stanley Griswold,OH,3,Republican,Republican,1763-11-14,45,189,45.5178
11,1809-05-22,H000618,James Hillhouse,CT,1,Federalist,Federalist,1754-10-20,54,214,54.5863
11,1809-05-22,L000036,John Lambert,NJ,1,Republican,Republican,1746-02-24,63,87,63.2384
11,1809-05-22,L000229,Michael Leib,PA,1,Republican,Republican,1760-01-08,49,134,49.3671
11,1809-05-22,M000076,Francis Malbone,RI,1,Federalist,Federalist,1759-03-20,50,63,50.1726
11,1809-05-22,R000346,Jonathan Robinson,VT,1,Republican,Republican,1756-08-11,52,284,52.7781
11,1809-05-22,B000249,James Asheton Bayard,DE,2,Federalist,Federalist,1767-07-28,41,298,41.8164
11,1809-05-22,C000895,William Harris Crawford,GA,2,Republican,Republican,1772-02-24,37,87,37.2384
11,1809-05-22,G000183,William Branch Giles,VA,2,Republican,Republican,1762-08-12,46,283,46.7753
11,1809-05-22,G000215,Nicholas Gilman,NH,2,Republican,Republican,1755-08-03,53,292,53.8
11,1809-05-22,T000423,James Turner,NC,2,Republican,Republican,1766-12-20,42,153,42.4192
11,1809-05-22,T000015,Charles Tait,GA,3,Republican,Republican,1768-02-01,41,110,41.3014
11,1809-05-22,P000324,Timothy Pickering,MA,2,Federalist,Federalist,1745-07-17,63,309,63.8466
11,1809-05-22,C000671,John Condit,NJ,2,Republican,Republican,1755-07-08,53,318,53.8712
11,1809-05-22,G000005,John Gaillard,SC,3,Republican,Republican,1765-09-05,43,259,43.7096
11,1809-05-22,S000609,Samuel Smith,MD,1,Republican,Republican,1752-07-27,56,299,56.8192
12,1811-11-04,B000745,Stephen Row Bradley,VT,3,Republican,Republican,1754-02-20,57,257,57.7041
12,1811-11-04,F000344,Jesse Franklin,NC,3,Republican,Republican,1760-03-24,51,225,51.6148
12,1811-11-04,G000293,Chauncey Goodrich,CT,3,Federalist,Federalist,1759-10-20,52,15,52.041
12,1811-11-04,G000442,Andrew Gregg,PA,3,Republican,Republican,1755-06-10,56,147,56.4016
12,1811-11-04,S000566,John Smith,NY,3,Republican,Republican,1752-02-12,59,265,59.726
12,1811-11-04,A000197,Joseph Anderson,TN,1,Republican,Republican,1757-11-05,53,364,53.9973
12,1811-11-04,C000289,Christopher Grant Champlin,RI,1,Federalist,Federalist,1768-04-12,43,206,43.5628
12,1811-11-04,G000136,Obadiah German,NY,1,Republican,Republican,1766-04-22,45,196,45.5355
12,1811-11-04,L000036,John Lambert,NJ,1,Republican,Republican,1746-02-24,65,253,65.6932
12,1811-11-04,L000229,Michael Leib,PA,1,Republican,Republican,1760-01-08,51,300,51.8219
12,1811-11-04,R000346,Jonathan Robinson,VT,1,Republican,Republican,1756-08-11,55,85,55.2322
12,1811-11-04,C001031,Charles Cutts,NH,3,Republican,Republican,1769-01-31,42,277,42.7589
12,1811-11-04,T000085,John Taylor,SC,2,Republican,Republican,1770-05-04,41,184,41.5027
12,1811-11-04,W000750,Thomas Worthington,OH,1,Republican,Republican,1773-07-16,38,111,38.3033
12,1811-11-04,B000249,James Asheton Bayard,DE,2,Federalist,Federalist,1767-07-28,44,99,44.2705
12,1811-11-04,C000895,William Harris Crawford,GA,2,Republican,Republican,1772-02-24,39,253,39.6932
12,1811-11-04,G000183,William Branch Giles,VA,2,Republican,Republican,1762-08-12,49,84,49.2295
12,1811-11-04,G000215,Nicholas Gilman,NH,2,Republican,Republican,1755-08-03,56,93,56.2541
12,1811-11-04,H000865,Jeremiah Brown Howell,RI,2,Republican,Republican,1771-08-28,40,68,40.1858
12,1811-11-04,T000423,James Turner,NC,2,Republican,Republican,1766-12-20,44,319,44.874
12,1811-11-04,V000074,Joseph Bradley Varnum,MA,2,Democratic-Republican,Democratic Republican,1750-01-29,61,279,61.7644
12,1811-11-04,T000015,Charles Tait,GA,3,Republican,Republican,1768-02-01,43,276,43.7562
12,1811-11-04,C000083,George Washington Campbell,TN,2,Republican,Republican,1769-02-09,42,268,42.7342
12,1811-11-04,D000024,Samuel Whittlesey Dana,CT,1,Federalist,Federalist,1760-02-13,51,264,51.7233
12,1811-11-04,H000795,Outerbridge Horsey,DE,1,Federalist,Federalist,1777-03-05,34,244,34.6667
12,1811-11-04,H000991,William Hunter,RI,1,Federalist,Federalist,1774-11-26,36,343,36.9397
12,1811-11-04,C000671,John Condit,NJ,2,Republican,Republican,1755-07-08,56,119,56.3251
12,1811-11-04,G000005,John Gaillard,SC,3,Republican,Republican,1765-09-05,46,60,46.1639
12,1811-11-04,S000609,Samuel Smith,MD,1,Republican,Republican,1752-07-27,59,100,59.2732
12,1811-11-04,B000433,George Mortimer Bibb,KY,2,Republican,Republican,1776-10-30,35,5,35.0137
13,1813-05-24,A000197,Joseph Anderson,TN,1,Republican,Republican,1757-11-05,55,200,55.5479
13,1813-05-24,G000136,Obadiah German,NY,1,Republican,Republican,1766-04-22,47,32,47.0877
13,1813-05-24,L000036,John Lambert,NJ,1,Republican,Republican,1746-02-24,67,89,67.2438
13,1813-05-24,L000229,Michael Leib,PA,1,Republican,Republican,1760-01-08,53,136,53.3726
13,1813-05-24,R000346,Jonathan Robinson,VT,1,Republican,Republican,1756-08-11,56,286,56.7836
13,1813-05-24,T000085,John Taylor,SC,2,Republican,Republican,1770-05-04,43,20,43.0548
13,1813-05-24,W000750,Thomas Worthington,OH,1,Republican,Republican,1773-07-16,39,312,39.8548
13,1813-05-24,C000895,William Harris Crawford,GA,2,Republican,Republican,1772-02-24,41,89,41.2438
13,1813-05-24,G000183,William Branch Giles,VA,2,Republican,Republican,1762-08-12,50,285,50.7808
13,1813-05-24,G000215,Nicholas Gilman,NH,2,Republican,Republican,1755-08-03,57,294,57.8055
13,1813-05-24,H000865,Jeremiah Brown Howell,RI,2,Republican,Republican,1771-08-28,41,269,41.737
13,1813-05-24,T000423,James Turner,NC,2,Republican,Republican,1766-12-20,46,155,46.4247
13,1813-05-24,V000074,Joseph Bradley Varnum,MA,2,Democratic-Republican,Democratic Republican,1750-01-29,63,115,63.3151
13,1813-05-24,P000450,Thomas Posey,LA,2,Republican,Republican,1750-07-09,62,319,62.874
13,1813-05-24,B000554,Jesse Bledsoe,KY,3,Republican,Republican,1776-04-06,37,48,37.1315
13,1813-05-24,D000002,David Daggett,CT,3,Federalist,Federalist,1764-12-31,48,144,48.3945
13,1813-05-24,L000011,Abner Lacock,PA,3,Republican,Republican,1770-07-09,42,319,42.874
13,1813-05-24,M000217,Jeremiah Mason,NH,3,Federalist,Federalist,1768-04-27,45,27,45.074
13,1813-05-24,S000955,David Stone,NC,3,Republican,Republican,1770-02-17,43,96,43.263
13,1813-05-24,T000015,Charles Tait,GA,3,Republican,Republican,1768-02-01,45,112,45.3068
13,1813-05-24,W000287,William Hill Wells,DE,2,Federalist,Federalist,1769-01-07,44,137,44.3753
13,1813-05-24,C000083,George Washington Campbell,TN,2,Republican,Republican,1769-02-09,44,104,44.2849
13,1813-05-24,D000024,Samuel Whittlesey Dana,CT,1,Federalist,Federalist,1760-02-13,53,100,53.274
13,1813-05-24,G000322,Christopher Gore,MA,1,Federalist,Federalist,1758-09-21,54,245,54.6712
13,1813-05-24,H000795,Outerbridge Horsey,DE,1,Federalist,Federalist,1777-03-05,36,80,36.2192
13,1813-05-24,H000991,William Hunter,RI,1,Federalist,Federalist,1774-11-26,38,179,38.4904
13,1813-05-24,B000921,James Brown,LA,2,Republican,Republican,1766-09-11,46,255,46.6986
13,1813-05-24,C000671,John Condit,NJ,2,Republican,Republican,1755-07-08,57,320,57.8767
13,1813-05-24,K000212,Rufus King,NY,3,Federalist,Federalist,1755-03-24,58,61,58.1671
13,1813-05-24,G000005,John Gaillard,SC,3,Republican,Republican,1765-09-05,47,261,47.7151
13,1813-05-24,S000609,Samuel Smith,MD,1,Republican,Republican,1752-07-27,60,301,60.8247
13,1813-05-24,B000433,George Mortimer Bibb,KY,2,Republican,Republican,1776-10-30,36,206,36.5644
13,1813-05-24,G000264,Robert Henry Goldsborough,MD,3,Federalist,Federalist,1779-01-04,34,140,34.3836
13,1813-05-24,M001003,Jeremiah Morrow,OH,3,Republican,Republican,1771-10-06,41,230,41.6301
13,1813-05-24,C000325,Dudley Chase,VT,3,Republican,Republican,1771-12-30,41,145,41.3973
14,1815-12-04,T000085,John Taylor,SC,2,Republican,Republican,1770-05-04,45,214,45.5847
14,1815-12-04,H000865,Jeremiah Brown Howell,RI,2,Republican,Republican,1771-08-28,44,98,44.2678
14,1815-12-04,T000423,James Turner,NC,2,Republican,Republican,1766-12-20,48,349,48.9562
14,1815-12-04,V000074,Joseph Bradley Varnum,MA,2,Democratic-Republican,Democratic Republican,1750-01-29,65,309,65.8466
14,1815-12-04,B000434,William Wyatt Bibb,GA,2,Republican,Republican,1781-10-02,34,63,34.1721
14,1815-12-04,D000002,David Daggett,CT,3,Federalist,Federalist,1764-12-31,50,338,50.926
14,1815-12-04,L000011,Abner Lacock,PA,3,Republican,Republican,1770-07-09,45,148,45.4044
14,1815-12-04,M000217,Jeremiah Mason,NH,3,Federalist,Federalist,1768-04-27,47,221,47.6038
14,1815-12-04,T000015,Charles Tait,GA,3,Republican,Republican,1768-02-01,47,306,47.8384
14,1815-12-04,W000287,William Hill Wells,DE,2,Federalist,Federalist,1769-01-07,46,331,46.9068
14,1815-12-04,B000192,William Taylor Barry,KY,2,Republican,Republican,1784-02-05,31,302,31.8274
14,1815-12-04,L000387,Francis Locke,NC,3,Other,Unknown,1776-10-31,39,34,39.0929
14,1815-12-04,R000313,Jonathan Roberts,PA,1,Republican,Republican,1771-08-16,44,110,44.3005
14,1815-12-04,T000220,Thomas Weston Thompson,NH,2,Federalist,Federalist,1766-03-15,49,264,49.7213
14,1815-12-04,W000324,Jesse Wharton,TN,2,Republican,Republican,1782-07-29,33,128,33.3497
14,1815-12-04,C000083,George Washington Campbell,TN,1,Republican,Republican,1769-02-09,46,298,46.8164
14,1815-12-04,D000024,Samuel Whittlesey Dana,CT,1,Federalist,Federalist,1760-02-13,55,294,55.8055
14,1815-12-04,G000322,Christopher Gore,MA,1,Federalist,Federalist,1758-09-21,57,74,57.2022
14,1815-12-04,H000795,Outerbridge Horsey,DE,1,Federalist,Federalist,1777-03-05,38,274,38.7486
14,1815-12-04,H000991,William Hunter,RI,1,Federalist,Federalist,1774-11-26,41,8,41.0219
14,1815-12-04,T000264,Isaac Tichenor,VT,1,Federalist,Federalist,1754-02-08,61,299,61.8192
14,1815-12-04,W000516,John Williams,TN,2,Republican,Republican,1778-01-29,37,309,37.8466
14,1815-12-04,B000921,James Brown,LA,2,Republican,Republican,1766-09-11,49,84,49.2295
14,1815-12-04,C000671,John Condit,NJ,2,Republican,Republican,1755-07-08,60,149,60.4071
14,1815-12-04,K000212,Rufus King,NY,3,Federalist,Federalist,1755-03-24,60,255,60.6967
14,1815-12-04,B000127,James Barbour,VA,1,Republican,Republican,1775-06-10,40,177,40.4836
14,1815-12-04,G000005,John Gaillard,SC,3,Republican,Republican,1765-09-05,50,90,50.2459
14,1815-12-04,S000052,Nathan Sanford,NY,1,Republican,Republican,1777-11-05,38,29,38.0792
14,1815-12-04,R000500,Benjamin Ruggles,OH,1,Republican,Republican,1783-02-21,32,286,32.7836
14,1815-12-04,G000264,Robert Henry Goldsborough,MD,3,Federalist,Federalist,1779-01-04,36,334,36.9151
14,1815-12-04,M001003,Jeremiah Morrow,OH,3,Republican,Republican,1771-10-06,44,59,44.1612
14,1815-12-04,C000325,Dudley Chase,VT,3,Republican,Republican,1771-12-30,43,339,43.9288
15,1817-12-01,D000002,David Daggett,CT,3,Federalist,Federalist,1764-12-31,52,335,52.9178
15,1817-12-01,L000011,Abner Lacock,PA,3,Republican,Republican,1770-07-09,47,145,47.3973
15,1817-12-01,M000217,Jeremiah Mason,NH,3,Federalist,Federalist,1768-04-27,49,218,49.5973
15,1817-12-01,T000015,Charles Tait,GA,3,Republican,Republican,1768-02-01,49,303,49.8301
15,1817-12-01,R000313,Jonathan Roberts,PA,1,Republican,Republican,1771-08-16,46,107,46.2932
15,1817-12-01,C000083,George Washington Campbell,TN,1,Republican,Republican,1769-02-09,48,295,48.8082
15,1817-12-01,D000024,Samuel Whittlesey Dana,CT,1,Federalist,Federalist,1760-02-13,57,291,57.7973
15,1817-12-01,H000795,Outerbridge Horsey,DE,1,Federalist,Federalist,1777-03-05,40,271,40.7425
15,1817-12-01,H000991,William Hunter,RI,1,Federalist,Federalist,1774-11-26,43,5,43.0137
15,1817-12-01,T000264,Isaac Tichenor,VT,1,Federalist,Federalist,1754-02-08,63,296,63.811
15,1817-12-01,A000317,Eli Porter Ashmun,MA,1,Federalist,Federalist,1770-06-24,47,160,47.4384
15,1817-12-01,H000176,Alexander Contee Hanson,MD,1,Federalist,Federalist,1786-02-27,31,277,31.7589
15,1817-12-01,S000949,Montfort Stokes,NC,2,Republican,Republican,1762-03-12,55,264,55.7233
15,1817-12-01,B001137,James Burrill,RI,2,Federalist,Federalist,1772-04-25,45,220,45.6027
15,1817-12-01,E000197,John Wayles Eppes,VA,2,Republican,Republican,1773-04-19,44,226,44.6192
15,1817-12-01,F000154,James Fisk,VT,3,Republican,Republican,1763-10-04,54,58,54.1589
15,1817-12-01,L000177,Walter Leake,MS,1,Republican,Republican,1762-05-25,55,190,55.5205
15,1817-12-01,M000966,David Lawrence Morril,NH,2,Republican,Republican,1772-06-10,45,174,45.4767
15,1817-12-01,O000127,Harrison Gray Otis,MA,2,Federalist,Federalist,1765-10-08,52,54,52.1479
15,1817-12-01,S000972,Clement Storer,NH,3,Republican,Republican,1760-09-20,57,72,57.1973
15,1817-12-01,W000516,John Williams,TN,2,Republican,Republican,1778-01-29,39,306,39.8384
15,1817-12-01,K000212,Rufus King,NY,3,Federalist,Federalist,1755-03-24,62,252,62.6904
15,1817-12-01,B000127,James Barbour,VA,1,Republican,Republican,1775-06-10,42,174,42.4767
15,1817-12-01,V000037,Nicholas Van Dyke,DE,2,Federalist,Federalist,1770-12-20,46,346,46.9479
15,1817-12-01,W000540,Thomas Hill Williams,MS,2,Republican,Republican,1773-01-14,44,321,44.8795
15,1817-12-01,G000005,John Gaillard,SC,3,Republican,Republican,1765-09-05,52,87,52.2384
15,1817-12-01,M000034,Nathaniel Macon,NC,3,Republican,Republican,1757-12-17,59,349,59.9562
15,1817-12-01,S000052,Nathan Sanford,NY,1,Republican,Republican,1777-11-05,40,26,40.0712
15,1817-12-01,N000118,James Noble,IN,1,Republican,Republican,1785-12-16,31,350,31.9589
15,1817-12-01,R000500,Benjamin Ruggles,OH,1,Republican,Republican,1783-02-21,34,283,34.7753
15,1817-12-01,D000308,Mahlon Dickerson,NJ,2,Republican,Republican,1770-04-17,47,228,47.6247
15,1817-12-01,T000382,George Michael Troup,GA,2,Republican,Republican,1780-09-08,37,84,37.2301
15,1817-12-01,G000264,Robert Henry Goldsborough,MD,3,Federalist,Federalist,1779-01-04,38,331,38.9068
15,1817-12-01,M001003,Jeremiah Morrow,OH,3,Republican,Republican,1771-10-06,46,56,46.1534
15,1817-12-01,C000325,Dudley Chase,VT,3,Republican,Republican,1771-12-30,45,336,45.9205
15,1817-12-01,C000912,John Jordan Crittenden,KY,2,Republican,Republican,1786-09-10,31,82,31.2247
16,1819-12-06,R000313,Jonathan Roberts,PA,1,Republican,Republican,1771-08-16,48,112,48.306
16,1819-12-06,D000024,Samuel Whittlesey Dana,CT,1,Federalist,Federalist,1760-02-13,59,296,59.811
16,1819-12-06,H000795,Outerbridge Horsey,DE,1,Federalist,Federalist,1777-03-05,42,276,42.7541
16,1819-12-06,H000991,William Hunter,RI,1,Federalist,Federalist,1774-11-26,45,10,45.0273
16,1819-12-06,T000264,Isaac Tichenor,VT,1,Federalist,Federalist,1754-02-08,65,301,65.8247
16,1819-12-06,S000949,Montfort Stokes,NC,2,Republican,Republican,1762-03-12,57,269,57.735
16,1819-12-06,B001137,James Burrill,RI,2,Federalist,Federalist,1772-04-25,47,225,47.6148
16,1819-12-06,E000197,John Wayles Eppes,VA,2,Republican,Republican,1773-04-19,46,231,46.6311
16,1819-12-06,L000177,Walter Leake,MS,1,Republican,Republican,1762-05-25,57,195,57.5328
16,1819-12-06,M000966,David Lawrence Morril,NH,2,Republican,Republican,1772-06-10,47,179,47.4891
16,1819-12-06,O000127,Harrison Gray Otis,MA,2,Federalist,Federalist,1765-10-08,54,59,54.1612
16,1819-12-06,W000516,John Williams,TN,2,Republican,Republican,1778-01-29,41,311,41.8521
16,1819-12-06,E000078,Ninian Edwards,IL,3,Republican,Republican,1775-03-17,44,264,44.7213
16,1819-12-06,M000636,Prentiss Mellen,MA,1,Federalist,Federalist,1764-10-11,55,56,55.153
16,1819-12-06,P000045,William Adams Palmer,VT,3,Republican,Republican,1781-09-12,38,85,38.2322
16,1819-12-06,B000921,James Brown,LA,3,Republican,Republican,1766-09-11,53,86,53.235
16,1819-12-06,E000124,John Elliott,GA,3,Republican,Republican,1773-10-24,46,43,46.1175
16,1819-12-06,K000212,Rufus King,NY,3,Federalist,Federalist,1755-03-24,64,257,64.7022
16,1819-12-06,L000083,James Lanman,CT,3,Republican,Republican,1767-06-14,52,175,52.4781
16,1819-12-06,L000405,William Logan,KY,3,Republican,Republican,1776-12-08,42,363,42.9945
16,1819-12-06,L000485,Walter Lowrie,PA,3,Republican,Republican,1784-12-10,34,361,34.989
16,1819-12-06,P000084,John Fabyan Parrott,NH,3,Republican,Republican,1767-08-08,52,120,52.3279
16,1819-12-06,P000386,James Pleasants,VA,2,Republican,Republican,1769-10-24,50,43,50.1175
16,1819-12-06,T000377,William Allen Trimble,OH,3,Republican,Republican,1786-04-04,33,246,33.6721
16,1819-12-06,W000052,Freeman Walker,GA,2,Republican,Republican,1780-10-25,39,42,39.1148
16,1819-12-06,B000127,James Barbour,VA,1,Republican,Republican,1775-06-10,44,179,44.4891
16,1819-12-06,P000362,William Pinkney,MD,1,Republican,Republican,1764-03-17,55,264,55.7213
16,1819-12-06,V000037,Nicholas Van Dyke,DE,2,Federalist,Federalist,1770-12-20,48,351,48.9616
16,1819-12-06,W000540,Thomas Hill Williams,MS,2,Republican,Republican,1773-01-14,46,326,46.8932
16,1819-12-06,G000005,John Gaillard,SC,3,Republican,Republican,1765-09-05,54,92,54.2514
16,1819-12-06,L000376,Edward Lloyd,MD,3,Republican,Republican,1779-07-22,40,137,40.3743
16,1819-12-06,M000034,Nathaniel Macon,NC,3,Republican,Republican,1757-12-17,61,354,61.9699
16,1819-12-06,S000052,Nathan Sanford,NY,1,Republican,Republican,1777-11-05,42,31,42.0847
16,1819-12-06,E000024,John Henry Eaton,TN,1,Republican,Republican,1790-06-18,29,171,29.4672
16,1819-12-06,N000118,James Noble,IN,1,Republican,Republican,1785-12-16,33,355,33.9726
16,1819-12-06,R000500,Benjamin Ruggles,OH,1,Republican,Republican,1783-02-21,36,288,36.789
16,1819-12-06,D000308,Mahlon Dickerson,NJ,2,Republican,Republican,1770-04-17,49,233,49.6366
16,1819-12-06,J000170,Richard Mentor Johnson,KY,2,Republican,Republican,1780-10-17,39,50,39.1366
16,1819-12-06,J000137,Henry Johnson,LA,2,Republican,Republican,1783-09-14,36,83,36.2268
17,1821-12-03,S000949,Montfort Stokes,NC,2,Republican,Republican,1762-03-12,59,266,59.7288
17,1821-12-03,M000966,David Lawrence Morril,NH,2,Republican,Republican,1772-06-10,49,176,49.4822
17,1821-12-03,O000127,Harrison Gray Otis,MA,2,Federalist,Federalist,1765-10-08,56,56,56.1534
17,1821-12-03,W000516,John Williams,TN,2,Republican,Republican,1778-01-29,43,308,43.8438
17,1821-12-03,E000078,Ninian Edwards,IL,3,Republican,Republican,1775-03-17,46,261,46.7151
17,1821-12-03,P000045,William Adams Palmer,VT,3,Republican,Republican,1781-09-12,40,82,40.2247
17,1821-12-03,B000921,James Brown,LA,3,Republican,Republican,1766-09-11,55,83,55.2274
17,1821-12-03,E000124,John Elliott,GA,3,Republican,Republican,1773-10-24,48,40,48.1096
17,1821-12-03,K000212,Rufus King,NY,3,Federalist,Federalist,1755-03-24,66,254,66.6959
17,1821-12-03,L000083,James Lanman,CT,3,Republican,Republican,1767-06-14,54,172,54.4712
17,1821-12-03,L000485,Walter Lowrie,PA,3,Republican,Republican,1784-12-10,36,358,36.9808
17,1821-12-03,P000084,John Fabyan Parrott,NH,3,Republican,Republican,1767-08-08,54,117,54.3205
17,1821-12-03,P000386,James Pleasants,VA,2,Republican,Republican,1769-10-24,52,40,52.1096
17,1821-12-03,T000377,William Allen Trimble,OH,3,Republican,Republican,1786-04-04,35,243,35.6658
17,1821-12-03,W000052,Freeman Walker,GA,2,Republican,Republican,1780-10-25,41,39,41.1068
17,1821-12-03,W000061,John Williams Walker,AL,3,Republican,Republican,1783-08-12,38,113,38.3096
17,1821-12-03,H000735,David Holmes,MS,1,Republican,Republican,1769-03-10,52,268,52.7342
17,1821-12-03,M000774,Elijah Hunt Mills,MA,1,Whig,Adams,1776-12-01,45,2,45.0055
17,1821-12-03,B000127,James Barbour,VA,1,Republican,Republican,1775-06-10,46,176,46.4822
17,1821-12-03,B000577,Elijah Boardman,CT,1,Republican,Republican,1760-03-07,61,271,61.7425
17,1821-12-03,D000295,James De Wolf,RI,1,Republican,Republican,1764-03-18,57,260,57.7123
17,1821-12-03,F000122,William Findlay,PA,1,Democratic,Jackson,1768-06-20,53,166,53.4548
17,1821-12-03,P000362,William Pinkney,MD,1,Republican,Republican,1764-03-17,57,261,57.7151
17,1821-12-03,C000291,John Chandler,ME,2,Republican,Republican,1762-02-01,59,305,59.8356
17,1821-12-03,V000037,Nicholas Van Dyke,DE,2,Federalist,Federalist,1770-12-20,50,348,50.9534
17,1821-12-03,W000148,Nicholas Ware,GA,2,Republican,Republican,1776-02-16,45,290,45.7945
17,1821-12-03,W000540,Thomas Hill Williams,MS,2,Republican,Republican,1773-01-14,48,323,48.8849
17,1821-12-03,B000212,David Barton,MO,3,Republican,Republican,1783-12-14,37,354,37.9699
17,1821-12-03,G000005,John Gaillard,SC,3,Republican,Republican,1765-09-05,56,89,56.2438
17,1821-12-03,L000376,Edward Lloyd,MD,3,Republican,Republican,1779-07-22,42,134,42.3671
17,1821-12-03,M000034,Nathaniel Macon,NC,3,Republican,Republican,1757-12-17,63,351,63.9616
17,1821-12-03,E000024,John Henry Eaton,TN,1,Other,,1790-06-18,31,168,31.4603
17,1821-12-03,N000118,James Noble,IN,1,Whig,Adams,1785-12-16,35,352,35.9644
17,1821-12-03,R000500,Benjamin Ruggles,OH,1,Whig,Adams,1783-02-21,38,285,38.7808
17,1821-12-03,S000268,Horatio Seymour,VT,1,Whig,Adams,1778-05-31,43,186,43.5096
17,1821-12-03,D000308,Mahlon Dickerson,NJ,2,Republican,Republican,1770-04-17,51,230,51.6301
17,1821-12-03,H000739,John Holmes,ME,1,Democratic-Republican,Democratic Republican,1773-03-14,48,264,48.7233
17,1821-12-03,J000170,Richard Mentor Johnson,KY,2,Republican,Republican,1780-10-17,41,47,41.1288
17,1821-12-03,K000287,Nehemiah Rice Knight,RI,2,Republican,Republican,1780-12-31,40,337,40.9233
17,1821-12-03,V000009,Martin Van Buren,NY,1,Democratic,Jackson,1782-12-05,38,363,38.9945
17,1821-12-03,S000689,Samuel Lewis Southard,NJ,1,Republican,Republican,1787-06-09,34,177,34.4849
17,1821-12-03,J000137,Henry Johnson,LA,2,Republican,Republican,1783-09-14,38,80,38.2192
17,1821-12-03,K000217,William Rufus de Vane King,AL,2,Republican,Republican,1786-04-07,35,240,35.6575
17,1821-12-03,B000398,Thomas Hart Benton,MO,1,Democratic,Jackson,1782-03-14,39,264,39.7233
18,1823-12-01,E000078,Ninian Edwards,IL,3,Republican,Republican,1775-03-17,48,259,48.7077
18,1823-12-01,P000045,William Adams Palmer,VT,3,Republican,Republican,1781-09-12,42,80,42.2186
18,1823-12-01,B000921,James Brown,LA,3,Republican,Republican,1766-09-11,57,81,57.2213
18,1823-12-01,E000124,John Elliott,GA,3,Republican,Republican,1773-10-24,50,38,50.1038
18,1823-12-01,K000212,Rufus King,NY,3,Federalist,Federalist,1755-03-24,68,252,68.6885
18,1823-12-01,L000083,James Lanman,CT,3,Republican,Republican,1767-06-14,56,170,56.4645
18,1823-12-01,L000485,Walter Lowrie,PA,3,Republican,Republican,1784-12-10,38,356,38.9753
18,1823-12-01,P000084,John Fabyan Parrott,NH,3,Republican,Republican,1767-08-08,56,115,56.3142
18,1823-12-01,H000735,David Holmes,MS,1,Republican,Republican,1769-03-10,54,266,54.7268
18,1823-12-01,M000774,Elijah Hunt Mills,MA,1,Whig,Adams,1776-12-01,47,0,47.0
18,1823-12-01,B000127,James Barbour,VA,1,Republican,Republican,1775-06-10,48,174,48.4754
18,1823-12-01,D000295,James De Wolf,RI,1,Republican,Republican,1764-03-18,59,258,59.7049
18,1823-12-01,F000122,William Findlay,PA,1,Democratic,Jackson,1768-06-20,55,164,55.4481
18,1823-12-01,B000914,Ethan Allen Brown,OH,3,Republican,Republican,1776-07-04,47,150,47.4098
18,1823-12-01,K000079,William Kelly,AL,3,Republican,Republican,1786-09-22,37,70,37.1913
18,1823-12-01,T000086,John Taylor,VA,2,Republican,Republican,1753-12-19,69,347,69.9507
18,1823-12-01,C000291,John Chandler,ME,2,Democratic,Jackson,1762-02-01,61,303,61.8301
18,1823-12-01,M000475,Joseph McIlvaine,NJ,1,Whig,Adams,1769-10-02,54,60,54.1639
18,1823-12-01,V000037,Nicholas Van Dyke,DE,2,Whig,Adams,1770-12-20,52,346,52.9479
18,1823-12-01,W000148,Nicholas Ware,GA,2,Other,,1776-02-16,47,288,47.789
18,1823-12-01,W000540,Thomas Hill Williams,MS,2,Democratic,Jackson,1773-01-14,50,321,50.8795
18,1823-12-01,B000212,David Barton,MO,3,Republican,Republican,1783-12-14,39,352,39.9644
18,1823-12-01,G000005,John Gaillard,SC,3,Republican,Republican,1765-09-05,58,87,58.2377
18,1823-12-01,L000376,Edward Lloyd,MD,3,Republican,Republican,1779-07-22,44,132,44.3607
18,1823-12-01,M000034,Nathaniel Macon,NC,3,Republican,Republican,1757-12-17,65,349,65.9562
18,1823-12-01,E000024,John Henry Eaton,TN,1,Other,,1790-06-18,33,166,33.4536
18,1823-12-01,N000118,James Noble,IN,1,Whig,Adams,1785-12-16,37,350,37.9589
18,1823-12-01,R000500,Benjamin Ruggles,OH,1,Whig,Adams,1783-02-21,40,283,40.7753
18,1823-12-01,S000268,Horatio Seymour,VT,1,Whig,Adams,1778-05-31,45,184,45.5027
18,1823-12-01,S000609,Samuel Smith,MD,1,Democratic,Jackson,1752-07-27,71,127,71.347
18,1823-12-01,J000005,Andrew Jackson,TN,2,Democratic-Republican,Democratic Republican,1767-03-15,56,261,56.7131
18,1823-12-01,B000345,Samuel Bell,NH,2,Whig,Adams,1770-02-09,53,295,53.8082
18,1823-12-01,D000308,Mahlon Dickerson,NJ,2,Democratic,Jackson,1770-04-17,53,228,53.623
18,1823-12-01,H000398,Robert Young Hayne,SC,2,Democratic,Jackson,1791-11-10,32,21,32.0574
18,1823-12-01,H000739,John Holmes,ME,1,Democratic-Republican,Democratic Republican,1773-03-14,50,262,50.7158
18,1823-12-01,B000763,John Branch,NC,2,Democratic,Jackson,1782-11-04,41,27,41.0738
18,1823-12-01,J000170,Richard Mentor Johnson,KY,2,Democratic,Jackson,1780-10-17,43,45,43.123
18,1823-12-01,K000287,Nehemiah Rice Knight,RI,2,Whig,Adams,1780-12-31,42,335,42.9178
18,1823-12-01,V000009,Martin Van Buren,NY,1,Democratic,Jackson,1782-12-05,40,361,40.989
18,1823-12-01,J000137,Henry Johnson,LA,2,Other,,1783-09-14,40,78,40.2131
18,1823-12-01,K000217,William Rufus de Vane King,AL,2,Democratic,Jackson,1786-04-07,37,238,37.6503
18,1823-12-01,B000398,Thomas Hart Benton,MO,1,Democratic,Jackson,1782-03-14,41,262,41.7158
19,1825-12-05,M000774,Elijah Hunt Mills,MA,1,Whig,Adams,1776-12-01,49,4,49.011
19,1825-12-05,B000127,James Barbour,VA,1,Republican,Republican,1775-06-10,50,178,50.4877
19,1825-12-05,D000295,James De Wolf,RI,1,Republican,Republican,1764-03-18,61,262,61.7178
19,1825-12-05,F000122,William Findlay,PA,1,Democratic,Jackson,1768-06-20,57,168,57.4603
19,1825-12-05,C000291,John Chandler,ME,2,Democratic,Jackson,1762-02-01,63,307,63.8411
19,1825-12-05,M000475,Joseph McIlvaine,NJ,1,Whig,Adams,1769-10-02,56,64,56.1753
19,1825-12-05,V000037,Nicholas Van Dyke,DE,2,Whig,Adams,1770-12-20,54,350,54.9589
19,1825-12-05,W000540,Thomas Hill Williams,MS,2,Democratic,Jackson,1773-01-14,52,325,52.8904
19,1825-12-05,B000664,Charles Dominique Joseph Bouligny,LA,2,Whig,Adams,1773-08-22,52,105,52.2877
19,1825-12-05,B000212,David Barton,MO,3,Whig,Adams,1783-12-14,41,356,41.9753
19,1825-12-05,C000284,Henry H. Chambers,AL,3,Democratic,Jackson,1790-10-01,35,65,35.1781
19,1825-12-05,G000005,John Gaillard,SC,3,Democratic,Jackson,1765-09-05,60,91,60.2493
19,1825-12-05,L000376,Edward Lloyd,MD,3,Democratic,Jackson,1779-07-22,46,136,46.3726
19,1825-12-05,M000034,Nathaniel Macon,NC,3,Democratic,Jackson,1757-12-17,67,353,67.9671
19,1825-12-05,M000137,William Marks,PA,3,Whig,Adams,1778-10-13,47,53,47.1452
19,1825-12-05,R000471,John Rowan,KY,3,Democratic,Jackson,1773-07-12,52,146,52.4
19,1825-12-05,W000482,Calvin Willey,CT,3,Whig,Adams,1776-09-15,49,81,49.2219
19,1825-12-05,E000136,Powhatan Ellis,MS,1,Democratic,Jackson,1790-01-17,35,322,35.8822
19,1825-12-05,N000118,James Noble,IN,1,Whig,Adams,1785-12-16,39,354,39.9699
19,1825-12-05,R000500,Benjamin Ruggles,OH,1,Whig,Adams,1783-02-21,42,287,42.7863
19,1825-12-05,S000268,Horatio Seymour,VT,1,Whig,Adams,1778-05-31,47,188,47.5151
19,1825-12-05,S000609,Samuel Smith,MD,1,Democratic,Jackson,1752-07-27,73,131,73.3589
19,1825-12-05,J000005,Andrew Jackson,TN,2,Democratic-Republican,Democratic Republican,1767-03-15,58,265,58.726
19,1825-12-05,B000345,Samuel Bell,NH,2,Whig,Adams,1770-02-09,55,299,55.8192
19,1825-12-05,D000308,Mahlon Dickerson,NJ,2,Democratic,Jackson,1770-04-17,55,232,55.6356
19,1825-12-05,H000398,Robert Young Hayne,SC,2,Democratic,Jackson,1791-11-10,34,25,34.0685
19,1825-12-05,H000739,John Holmes,ME,1,Democratic-Republican,Democratic Republican,1773-03-14,52,266,52.7288
19,1825-12-05,T000108,Littleton Waller Tazewell,VA,2,Democratic,Jackson,1774-12-17,50,353,50.9671
19,1825-12-05,B000763,John Branch,NC,2,Democratic,Jackson,1782-11-04,43,31,43.0849
19,1825-12-05,H000494,William Hendricks,IN,3,Whig,Adams,1782-11-12,43,23,43.063
19,1825-12-05,J000194,Josiah Stoddard Johnston,LA,3,Whig,Adams,1784-11-24,41,11,41.0301
19,1825-12-05,K000006,Elias Kent Kane,IL,3,Democratic,Jackson,1794-06-07,31,181,31.4959
19,1825-12-05,R000297,Asher Robbins,RI,1,Whig,Adams,1761-10-26,64,40,64.1096
19,1825-12-05,J000170,Richard Mentor Johnson,KY,2,Democratic,Jackson,1780-10-17,45,49,45.1342
19,1825-12-05,K000287,Nehemiah Rice Knight,RI,2,Whig,Adams,1780-12-31,44,339,44.9288
19,1825-12-05,W000376,Hugh Lawson White,TN,2,Democratic,Jackson,1773-10-30,52,36,52.0986
19,1825-12-05,V000009,Martin Van Buren,NY,1,Democratic,Jackson,1782-12-05,43,0,43.0
19,1825-12-05,H000279,William Henry Harrison,OH,3,Whig,Adams,1773-02-09,52,299,52.8192
19,1825-12-05,W000711,Levi Woodbury,NH,3,Democratic,Jackson,1789-12-22,35,348,35.9534
19,1825-12-05,B000413,John Macpherson Berrien,GA,3,Democratic,Jackson,1781-08-23,44,104,44.2849
19,1825-12-05,K000217,William Rufus de Vane King,AL,2,Democratic,Jackson,1786-04-07,39,242,39.663
19,1825-12-05,B000398,Thomas Hart Benton,MO,1,Democratic,Jackson,1782-03-14,43,266,43.7288
19,1825-12-05,C000325,Dudley Chase,VT,3,Whig,Adams,1771-12-30,53,340,53.9315
20,1827-12-03,C000291,John Chandler,ME,2,Democratic,Jackson,1762-02-01,65,305,65.8356
20,1827-12-03,W000540,Thomas Hill Williams,MS,2,Democratic,Jackson,1773-01-14,54,323,54.8849
20,1827-12-03,B000664,Charles Dominique Joseph Bouligny,LA,2,Whig,Adams,1773-08-22,54,103,54.2814
20,1827-12-03,B000212,David Barton,MO,3,Whig,Adams,1783-12-14,43,354,43.9699
20,1827-12-03,M000034,Nathaniel Macon,NC,3,Democratic,Jackson,1757-12-17,69,351,69.9616
20,1827-12-03,M000137,William Marks,PA,3,Whig,Adams,1778-10-13,49,51,49.1393
20,1827-12-03,R000471,John Rowan,KY,3,Democratic,Jackson,1773-07-12,54,144,54.3934
20,1827-12-03,W000482,Calvin Willey,CT,3,Whig,Adams,1776-09-15,51,79,51.2158
20,1827-12-03,B000228,Ephraim Bateman,NJ,1,Whig,Adams,1780-07-09,47,147,47.4016
20,1827-12-03,R000378,Daniel Rodney,DE,2,Whig,Adams,1764-09-10,63,84,63.2295
20,1827-12-03,S000052,Nathan Sanford,NY,3,Whig,Adams,1777-11-05,50,28,50.0765
20,1827-12-03,B000154,Isaac Dutton Barnard,PA,1,Democratic,Jackson,1791-07-18,36,138,36.377
20,1827-12-03,E000024,John Henry Eaton,TN,1,Democratic,Jackson,1790-06-18,37,168,37.459
20,1827-12-03,E000136,Powhatan Ellis,MS,1,Democratic,Jackson,1790-01-17,37,320,37.8767
20,1827-12-03,M000535,Louis McLane,DE,1,Democratic,Jackson,1786-05-28,41,189,41.5164
20,1827-12-03,N000118,James Noble,IN,1,Whig,Adams,1785-12-16,41,352,41.9644
20,1827-12-03,P000079,Albion Keith Parris,ME,1,Democratic,Jackson,1788-01-19,39,318,39.8712
20,1827-12-03,R000245,Henry Moore Ridgely,DE,2,Democratic,Jackson,1779-08-06,48,119,48.3251
20,1827-12-03,R000500,Benjamin Ruggles,OH,1,Whig,Adams,1783-02-21,44,285,44.7808
20,1827-12-03,S000268,Horatio Seymour,VT,1,Whig,Adams,1778-05-31,49,186,49.5082
20,1827-12-03,S000609,Samuel Smith,MD,1,Democratic,Jackson,1752-07-27,75,129,75.3525
20,1827-12-03,B000345,Samuel Bell,NH,2,Whig,Adams,1770-02-09,57,297,57.8137
20,1827-12-03,D000308,Mahlon Dickerson,NJ,2,Democratic,Jackson,1770-04-17,57,230,57.6284
20,1827-12-03,H000398,Robert Young Hayne,SC,2,Democratic,Jackson,1791-11-10,36,23,36.0628
20,1827-12-03,S000411,Nathaniel Silsbee,MA,2,Whig,Adams,1773-01-14,54,323,54.8849
20,1827-12-03,T000108,Littleton Waller Tazewell,VA,2,Democratic,Jackson,1774-12-17,52,351,52.9616
20,1827-12-03,B000763,John Branch,NC,2,Democratic,Jackson,1782-11-04,45,29,45.0792
20,1827-12-03,C000282,Ezekiel Forman Chambers,MD,3,Whig,Adams,1788-02-28,39,278,39.7616
20,1827-12-03,H000494,William Hendricks,IN,3,Whig,Adams,1782-11-12,45,21,45.0574
20,1827-12-03,J000194,Josiah Stoddard Johnston,LA,3,Whig,Adams,1784-11-24,43,9,43.0246
20,1827-12-03,K000006,Elias Kent Kane,IL,3,Democratic,Jackson,1794-06-07,33,179,33.4891
20,1827-12-03,F000247,Samuel Augustus Foot,CT,1,Whig,Adams,1780-11-08,47,25,47.0683
20,1827-12-03,R000297,Asher Robbins,RI,1,Whig,Adams,1761-10-26,66,38,66.1038
20,1827-12-03,J000170,Richard Mentor Johnson,KY,2,Democratic,Jackson,1780-10-17,47,47,47.1284
20,1827-12-03,K000287,Nehemiah Rice Knight,RI,2,Whig,Adams,1780-12-31,46,337,46.9233
20,1827-12-03,W000376,Hugh Lawson White,TN,2,Democratic,Jackson,1773-10-30,54,34,54.0929
20,1827-12-03,V000009,Martin Van Buren,NY,1,Democratic,Jackson,1782-12-05,44,363,44.9945
20,1827-12-03,M000519,John McKinley,AL,3,Democratic,Jackson,1780-05-01,47,216,47.5902
20,1827-12-03,H000279,William Henry Harrison,OH,3,Whig,Adams,1773-02-09,54,297,54.8137
20,1827-12-03,T000450,John Tyler,VA,1,Democratic,Jackson,1790-03-29,37,249,37.6803
20,1827-12-03,W000711,Levi Woodbury,NH,3,Democratic,Jackson,1789-12-22,37,346,37.9479
20,1827-12-03,B000413,John Macpherson Berrien,GA,3,Democratic,Jackson,1781-08-23,46,102,46.2787
20,1827-12-03,K000217,William Rufus de Vane King,AL,2,Democratic,Jackson,1786-04-07,41,240,41.6557
20,1827-12-03,B000398,Thomas Hart Benton,MO,1,Democratic,Jackson,1782-03-14,45,264,45.7213
20,1827-12-03,C000325,Dudley Chase,VT,3,Whig,Adams,1771-12-30,55,338,55.926
21,1829-12-07,B000212,David Barton,MO,3,Whig,Adams,1783-12-14,45,358,45.9808
21,1829-12-07,M000137,William Marks,PA,3,Whig,Adams,1778-10-13,51,55,51.1507
21,1829-12-07,R000471,John Rowan,KY,3,Democratic,Jackson,1773-07-12,56,148,56.4055
21,1829-12-07,W000482,Calvin Willey,CT,3,Whig,Adams,1776-09-15,53,83,53.2274
21,1829-12-07,S000052,Nathan Sanford,NY,3,Whig,Adams,1777-11-05,52,32,52.0877
21,1829-12-07,B000154,Isaac Dutton Barnard,PA,1,Democratic,Jackson,1791-07-18,38,142,38.389
21,1829-12-07,E000136,Powhatan Ellis,MS,1,Democratic,Jackson,1790-01-17,39,324,39.8877
21,1829-12-07,M000535,Louis McLane,DE,1,Democratic,Jackson,1786-05-28,43,193,43.5288
21,1829-12-07,N000118,James Noble,IN,1,Whig,Adams,1785-12-16,43,356,43.9753
21,1829-12-07,R000500,Benjamin Ruggles,OH,1,Whig,Adams,1783-02-21,46,289,46.7918
21,1829-12-07,S000268,Horatio Seymour,VT,1,Whig,Adams,1778-05-31,51,190,51.5205
21,1829-12-07,S000609,Samuel Smith,MD,1,Democratic,Jackson,1752-07-27,77,133,77.3644
21,1829-12-07,B001117,Jacob Burnet,OH,3,Whig,Adams,1770-02-22,59,288,59.789
21,1829-12-07,I000028,James Iredell,NC,3,Democratic,Jackson,1788-11-02,41,35,41.0959
21,1829-12-07,B000345,Samuel Bell,NH,2,Other,,1770-02-09,59,301,59.8247
21,1829-12-07,B000433,George Mortimer Bibb,KY,2,Democratic,Jackson,1776-10-30,53,38,53.1041
21,1829-12-07,D000308,Mahlon Dickerson,NJ,1,Democratic,Jackson,1770-04-17,59,234,59.6411
21,1829-12-07,D000511,Charles Edward Dudley,NY,1,Democratic,Jackson,1780-05-23,49,198,49.5425
21,1829-12-07,F000373,Theodore Frelinghuysen,NJ,2,Whig,Anti-Jacksonian,1787-03-28,42,254,42.6959
21,1829-12-07,H000398,Robert Young Hayne,SC,2,Other,Nullifier,1791-11-10,38,27,38.074
21,1829-12-07,H000739,John Holmes,ME,1,Whig,Adams,1773-03-14,56,268,56.7342
21,1829-12-07,L000366,Edward Livingston,LA,2,Democratic,Jackson,1764-05-28,65,193,65.5288
21,1829-12-07,M000550,John McLean,IL,2,Democratic,Jackson,1791-02-04,38,306,38.8384
21,1829-12-07,R000129,Thomas Buck Reed,MS,2,Other,,1787-05-07,42,214,42.5863
21,1829-12-07,S000411,Nathaniel Silsbee,MA,2,Whig,Adams,1773-01-14,56,327,56.8959
21,1829-12-07,S000744,Peleg Sprague,ME,2,Whig,Anti-Jacksonian,1793-04-27,36,224,36.6137
21,1829-12-07,T000108,Littleton Waller Tazewell,VA,2,Democratic,Jackson,1774-12-17,54,355,54.9726
21,1829-12-07,T000382,George Michael Troup,GA,2,Democratic,Jackson,1780-09-08,49,90,49.2466
21,1829-12-07,C000282,Ezekiel Forman Chambers,MD,3,Whig,Adams,1788-02-28,41,282,41.7726
21,1829-12-07,F000284,John Forsyth,GA,3,Democratic,Jackson,1780-10-22,49,46,49.126
21,1829-12-07,H000494,William Hendricks,IN,3,Whig,Adams,1782-11-12,47,25,47.0685
21,1829-12-07,J000194,Josiah Stoddard Johnston,LA,3,Whig,Adams,1784-11-24,45,13,45.0356
21,1829-12-07,K000006,Elias Kent Kane,IL,3,Democratic,Jackson,1794-06-07,35,183,35.5014
21,1829-12-07,F000247,Samuel Augustus Foot,CT,1,Whig,Adams,1780-11-08,49,29,49.0795
21,1829-12-07,R000297,Asher Robbins,RI,1,Whig,Adams,1761-10-26,68,42,68.1151
21,1829-12-07,B000903,Bedford Brown,NC,2,Democratic,Jackson,1795-06-06,34,184,34.5041
21,1829-12-07,K000287,Nehemiah Rice Knight,RI,2,Whig,Whig,1780-12-31,48,341,48.9342
21,1829-12-07,W000376,Hugh Lawson White,TN,2,Democratic,Jackson,1773-10-30,56,38,56.1041
21,1829-12-07,M000519,John McKinley,AL,3,Democratic,Jackson,1780-05-01,49,220,49.6027
21,1829-12-07,G000509,Felix Grundy,TN,1,Democratic,Jackson,1777-09-11,52,87,52.2384
21,1829-12-07,T000450,John Tyler,VA,1,Democratic,Jackson,1790-03-29,39,253,39.6932
21,1829-12-07,W000711,Levi Woodbury,NH,3,Democratic,Jackson,1789-12-22,39,350,39.9589
21,1829-12-07,W000238,Daniel Webster,MA,1,Whig,Adams,1782-01-18,47,323,47.8849
21,1829-12-07,B000413,John Macpherson Berrien,GA,3,Democratic,Jackson,1781-08-23,48,106,48.2904
21,1829-12-07,K000217,William Rufus de Vane King,AL,2,Democratic,Jackson,1786-04-07,43,244,43.6685
21,1829-12-07,B000398,Thomas Hart Benton,MO,1,Democratic,Jackson,1782-03-14,47,268,47.7342
21,1829-12-07,C000325,Dudley Chase,VT,3,Whig,Adams,1771-12-30,57,342,57.937
21,1829-12-07,C000496,John Middleton Clayton,DE,2,Other,,1796-07-24,33,136,33.3726
22,1831-12-05,B000154,Isaac Dutton Barnard,PA,1,Democratic,Jackson,1791-07-18,40,140,40.3825
22,1831-12-05,E000136,Powhatan Ellis,MS,1,Democratic,Jackson,1790-01-17,41,322,41.8822
22,1831-12-05,N000118,James Noble,IN,1,Whig,Adams,1785-12-16,45,354,45.9699
22,1831-12-05,R000500,Benjamin Ruggles,OH,1,Whig,Adams,1783-02-21,48,287,48.7863
22,1831-12-05,S000268,Horatio Seymour,VT,1,Whig,Adams,1778-05-31,53,188,53.5137
22,1831-12-05,S000609,Samuel Smith,MD,1,Democratic,Jackson,1752-07-27,79,131,79.3579
22,1831-12-05,B000345,Samuel Bell,NH,2,Other,,1770-02-09,61,299,61.8192
22,1831-12-05,B000433,George Mortimer Bibb,KY,2,Democratic,Jackson,1776-10-30,55,36,55.0984
22,1831-12-05,D000308,Mahlon Dickerson,NJ,1,Democratic,Jackson,1770-04-17,61,232,61.6339
22,1831-12-05,D000511,Charles Edward Dudley,NY,1,Democratic,Jackson,1780-05-23,51,196,51.5355
22,1831-12-05,F000373,Theodore Frelinghuysen,NJ,2,Whig,Anti-Jacksonian,1787-03-28,44,252,44.6885
22,1831-12-05,H000398,Robert Young Hayne,SC,2,Other,Nullifier,1791-11-10,40,25,40.0683
22,1831-12-05,H000739,John Holmes,ME,1,Whig,Adams,1773-03-14,58,266,58.7268
22,1831-12-05,L000366,Edward Livingston,LA,2,Democratic,Jackson,1764-05-28,67,191,67.5219
22,1831-12-05,S000411,Nathaniel Silsbee,MA,2,Whig,Adams,1773-01-14,58,325,58.8904
22,1831-12-05,S000744,Peleg Sprague,ME,2,Whig,Anti-Jacksonian,1793-04-27,38,222,38.6066
22,1831-12-05,T000108,Littleton Waller Tazewell,VA,2,Democratic,Jackson,1774-12-17,56,353,56.9671
22,1831-12-05,T000382,George Michael Troup,GA,2,Democratic,Jackson,1780-09-08,51,88,51.2404
22,1831-12-05,C000282,Ezekiel Forman Chambers,MD,3,Whig,Adams,1788-02-28,43,280,43.7671
22,1831-12-05,D000011,George Mifflin Dallas,PA,1,Democratic,Jackson,1792-07-10,39,148,39.4044
22,1831-12-05,F000284,John Forsyth,GA,3,Democratic,Jackson,1780-10-22,51,44,51.1202
22,1831-12-05,H000165,Robert Hanna,IN,1,Whig,Anti-Jacksonian,1786-04-06,45,243,45.6639
22,1831-12-05,H000494,William Hendricks,IN,3,Whig,Adams,1782-11-12,49,23,49.0628
22,1831-12-05,H000593,Isaac Hill,NH,3,Democratic,Jackson,1789-04-06,42,243,42.6639
22,1831-12-05,J000194,Josiah Stoddard Johnston,LA,3,Other,,1784-11-24,47,11,47.0301
22,1831-12-05,K000006,Elias Kent Kane,IL,3,Democratic,Jackson,1794-06-07,37,181,37.4945
22,1831-12-05,M000127,William Learned Marcy,NY,3,Democratic,Jackson,1786-12-12,44,358,44.9808
22,1831-12-05,M000755,Stephen Decatur Miller,SC,3,Other,Nullifier,1787-05-08,44,211,44.5765
22,1831-12-05,T000300,Gideon Tomlinson,CT,3,Whig,Anti-Jacksonian,1780-12-31,50,339,50.9288
22,1831-12-05,F000247,Samuel Augustus Foot,CT,1,Whig,Adams,1780-11-08,51,27,51.0738
22,1831-12-05,N000010,Arnold Naudain,DE,1,Whig,Anti-Jacksonian,1790-01-06,41,333,41.9123
22,1831-12-05,R000297,Asher Robbins,RI,1,Whig,Adams,1761-10-26,70,40,70.1093
22,1831-12-05,B000903,Bedford Brown,NC,2,Democratic,Jackson,1795-06-06,36,182,36.4973
22,1831-12-05,K000287,Nehemiah Rice Knight,RI,2,Whig,Whig,1780-12-31,50,339,50.9288
22,1831-12-05,R000344,John McCracken Robinson,IL,2,Democratic,Jackson,1794-04-10,37,239,37.653
22,1831-12-05,W000376,Hugh Lawson White,TN,2,Democratic,Jackson,1773-10-30,58,36,58.0984
22,1831-12-05,P000510,Samuel Prentiss,VT,3,Whig,Anti-Jacksonian,1782-03-31,49,249,49.6803
22,1831-12-05,G000509,Felix Grundy,TN,1,Democratic,Jackson,1777-09-11,54,85,54.2322
22,1831-12-05,T000450,John Tyler,VA,1,Democratic,Jackson,1790-03-29,41,251,41.6858
22,1831-12-05,W000475,William Wilkins,PA,3,Democratic,Jackson,1779-12-20,51,350,51.9589
22,1831-12-05,W000238,Daniel Webster,MA,1,Whig,Adams,1782-01-18,49,321,49.8795
22,1831-12-05,M000096,Willie Person Mangum,NC,3,Democratic,Jackson,1792-05-10,39,209,39.571
22,1831-12-05,K000217,William Rufus de Vane King,AL,2,Democratic,Jackson,1786-04-07,45,242,45.6612
22,1831-12-05,C000482,Henry Clay,KY,3,Whig,Whig,1777-04-12,54,237,54.6475
22,1831-12-05,E000281,Thomas Ewing,OH,3,Whig,Anti-Jacksonian,1789-12-28,41,342,41.937
22,1831-12-05,B000398,Thomas Hart Benton,MO,1,Democratic,Jackson,1782-03-14,49,266,49.7268
22,1831-12-05,C000496,John Middleton Clayton,DE,2,Other,,1796-07-24,35,134,35.3661
23,1833-12-02,B000345,Samuel Bell,NH,2,Other,,1770-02-09,63,296,63.811
23,1833-12-02,B000433,George Mortimer Bibb,KY,2,Democratic,Jackson,1776-10-30,57,33,57.0904
23,1833-12-02,F000373,Theodore Frelinghuysen,NJ,2,Whig,Anti-Jacksonian,1787-03-28,46,249,46.6822
23,1833-12-02,S000411,Nathaniel Silsbee,MA,2,Whig,Adams,1773-01-14,60,322,60.8822
23,1833-12-02,S000744,Peleg Sprague,ME,2,Whig,Anti-Jacksonian,1793-04-27,40,219,40.6
23,1833-12-02,C000282,Ezekiel Forman Chambers,MD,3,Whig,Adams,1788-02-28,45,277,45.7589
23,1833-12-02,F000284,John Forsyth,GA,3,Democratic,Jackson,1780-10-22,53,41,53.1123
23,1833-12-02,H000494,William Hendricks,IN,3,Whig,Adams,1782-11-12,51,20,51.0548
23,1833-12-02,H000593,Isaac Hill,NH,3,Democratic,Jackson,1789-04-06,44,240,44.6575
23,1833-12-02,K000006,Elias Kent Kane,IL,3,Democratic,Jackson,1794-06-07,39,178,39.4877
23,1833-12-02,M000127,William Learned Marcy,NY,3,Democratic,Jackson,1786-12-12,46,355,46.9726
23,1833-12-02,M000755,Stephen Decatur Miller,SC,3,Other,Nullifier,1787-05-08,46,208,46.5699
23,1833-12-02,T000300,Gideon Tomlinson,CT,3,Whig,Anti-Jacksonian,1780-12-31,52,336,52.9205
23,1833-12-02,T000284,John Tipton,IN,1,Democratic,Democrat,1786-08-14,47,110,47.3014
23,1833-12-02,B000503,John Black,MS,1,Whig,Whig,1800-08-11,33,113,33.3096
23,1833-12-02,K000125,Joseph Kent,MD,1,Whig,Whig,1779-01-14,54,322,54.8822
23,1833-12-02,M000492,Samuel McKean,PA,1,Democratic,Democrat,1787-04-07,46,239,46.6548
23,1833-12-02,M000989,Thomas Morris,OH,1,Democratic,Democrat,1776-01-03,57,333,57.9123
23,1833-12-02,N000010,Arnold Naudain,DE,1,Other,,1790-01-06,43,330,43.9041
23,1833-12-02,P000436,Alexander Porter,LA,3,Whig,Anti-Jacksonian,1785-06-24,48,161,48.4411
23,1833-12-02,R000297,Asher Robbins,RI,1,Whig,Whig,1761-10-26,72,37,72.1014
23,1833-12-02,S000334,Ether Shepley,ME,1,Democratic,Jackson,1789-11-02,44,30,44.0822
23,1833-12-02,S000594,Nathan Smith,CT,1,Whig,Anti-Jacksonian,1770-01-08,63,328,63.8986
23,1833-12-02,S001116,Benjamin Swift,VT,1,Whig,Whig,1781-04-03,52,243,52.6658
23,1833-12-02,B000903,Bedford Brown,NC,2,Democratic,Jackson,1795-06-06,38,179,38.4904
23,1833-12-02,K000207,John Pendleton King,GA,2,Democratic,Jackson,1799-04-03,34,243,34.6658
23,1833-12-02,K000287,Nehemiah Rice Knight,RI,2,Whig,Whig,1780-12-31,52,336,52.9205
23,1833-12-02,R000344,John McCracken Robinson,IL,2,Democratic,Jackson,1794-04-10,39,236,39.6466
23,1833-12-02,W000376,Hugh Lawson White,TN,2,Democratic,Jackson,1773-10-30,60,33,60.0904
23,1833-12-02,L000338,Lewis Fields Linn,MO,3,Democratic,Jackson,1796-11-05,37,27,37.074
23,1833-12-02,P000510,Samuel Prentiss,VT,3,Whig,Anti-Jacksonian,1782-03-31,51,246,51.674
23,1833-12-02,P000519,William Campbell Preston,SC,3,Other,Nullifier,1794-12-27,38,340,38.9315
23,1833-12-02,G000509,Felix Grundy,TN,1,Democratic,Democrat,1777-09-11,56,82,56.2247
23,1833-12-02,S000689,Samuel Lewis Southard,NJ,1,Whig,Whig,1787-06-09,46,176,46.4822
23,1833-12-02,T000032,Nathaniel Pitcher Tallmadge,NY,1,Democratic,Democrat,1795-02-08,38,297,38.8137
23,1833-12-02,T000450,John Tyler,VA,1,Other,,1790-03-29,43,248,43.6795
23,1833-12-02,R000285,William Cabell Rives,VA,2,Democratic,Jackson,1793-05-04,40,212,40.5808
23,1833-12-02,W000475,William Wilkins,PA,3,Democratic,Jackson,1779-12-20,53,347,53.9507
23,1833-12-02,W000770,Silas Wright,NY,3,Democratic,Jackson,1795-05-24,38,192,38.526
23,1833-12-02,W000238,Daniel Webster,MA,1,Whig,Whig,1782-01-18,51,318,51.8712
23,1833-12-02,C000044,John Caldwell Calhoun,SC,2,Other,Nullifier,1782-03-18,51,259,51.7096
23,1833-12-02,M000096,Willie Person Mangum,NC,3,Democratic,Jackson,1792-05-10,41,206,41.5644
23,1833-12-02,K000217,William Rufus de Vane King,AL,2,Democratic,Jackson,1786-04-07,47,239,47.6548
23,1833-12-02,C000482,Henry Clay,KY,3,Whig,Whig,1777-04-12,56,234,56.6411
23,1833-12-02,E000281,Thomas Ewing,OH,3,Whig,Anti-Jacksonian,1789-12-28,43,339,43.9288
23,1833-12-02,B000398,Thomas Hart Benton,MO,1,Democratic,Democrat,1782-03-14,51,263,51.7205
23,1833-12-02,C000496,John Middleton Clayton,DE,2,Other,,1796-07-24,37,131,37.3589
24,1835-12-07,H000494,William Hendricks,IN,3,Whig,Adams,1782-11-12,53,25,53.0683
24,1835-12-07,H000593,Isaac Hill,NH,3,Democratic,Jackson,1789-04-06,46,245,46.6694
24,1835-12-07,K000006,Elias Kent Kane,IL,3,Democratic,Jackson,1794-06-07,41,183,41.5
24,1835-12-07,T000300,Gideon Tomlinson,CT,3,Whig,Anti-Jacksonian,1780-12-31,54,341,54.9342
24,1835-12-07,T000284,John Tipton,IN,1,Democratic,Democrat,1786-08-14,49,115,49.3142
24,1835-12-07,B000503,John Black,MS,1,Whig,Whig,1800-08-11,35,118,35.3224
24,1835-12-07,K000125,Joseph Kent,MD,1,Whig,Whig,1779-01-14,56,327,56.8959
24,1835-12-07,M000492,Samuel McKean,PA,1,Democratic,Democrat,1787-04-07,48,244,48.6667
24,1835-12-07,M000989,Thomas Morris,OH,1,Democratic,Democrat,1776-01-03,59,338,59.926
24,1835-12-07,N000010,Arnold Naudain,DE,1,Other,,1790-01-06,45,335,45.9178
24,1835-12-07,P000436,Alexander Porter,LA,3,Whig,Anti-Jacksonian,1785-06-24,50,166,50.4536
24,1835-12-07,R000297,Asher Robbins,RI,1,Whig,Whig,1761-10-26,74,42,74.1148
24,1835-12-07,S000334,Ether Shepley,ME,1,Democratic,Jackson,1789-11-02,46,35,46.0956
24,1835-12-07,S001116,Benjamin Swift,VT,1,Whig,Whig,1781-04-03,54,248,54.6776
24,1835-12-07,L000232,Benjamin Watkins Leigh,VA,2,Whig,Anti-Jacksonian,1781-06-18,54,172,54.4699
24,1835-12-07,B000903,Bedford Brown,NC,2,Democratic,Democrat,1795-06-06,40,184,40.5027
24,1835-12-07,E000283,William Lee Davidson Ewing,IL,3,Democratic,Jackson,1795-08-31,40,98,40.2678
24,1835-12-07,G000264,Robert Henry Goldsborough,MD,3,Whig,Whig,1779-01-04,56,337,56.9233
24,1835-12-07,H000883,Henry Hubbard,NH,2,Democratic,Democrat,1784-05-03,51,218,51.5956
24,1835-12-07,K000207,John Pendleton King,GA,2,Democratic,Democrat,1799-04-03,36,248,36.6776
24,1835-12-07,K000287,Nehemiah Rice Knight,RI,2,Whig,Whig,1780-12-31,54,341,54.9342
24,1835-12-07,R000344,John McCracken Robinson,IL,2,Democratic,Democrat,1794-04-10,41,241,41.6585
24,1835-12-07,R000502,John Ruggles,ME,2,Democratic,Democrat,1789-10-08,46,60,46.1639
24,1835-12-07,W000071,Garret Dorset Wall,NJ,2,Democratic,Democrat,1783-03-10,52,272,52.7432
24,1835-12-07,W000376,Hugh Lawson White,TN,2,Whig,Whig,1773-10-30,62,38,62.1038
24,1835-12-07,C001023,Alfred Cuthbert,GA,3,Democratic,Jackson,1785-12-23,49,349,49.9562
24,1835-12-07,L000338,Lewis Fields Linn,MO,3,Democratic,Jackson,1796-11-05,39,32,39.0874
24,1835-12-07,P000510,Samuel Prentiss,VT,3,Whig,Anti-Jacksonian,1782-03-31,53,251,53.6858
24,1835-12-07,P000519,William Campbell Preston,SC,3,Other,Nullifier,1794-12-27,40,345,40.9452
24,1835-12-07,G000509,Felix Grundy,TN,1,Democratic,Democrat,1777-09-11,58,87,58.2377
24,1835-12-07,S000689,Samuel Lewis Southard,NJ,1,Whig,Whig,1787-06-09,48,181,48.4945
24,1835-12-07,T000032,Nathaniel Pitcher Tallmadge,NY,1,Democratic,Democrat,1795-02-08,40,302,40.8274
24,1835-12-07,T000450,John Tyler,VA,1,Other,,1790-03-29,45,253,45.6913
24,1835-12-07,W000067,Robert John Walker,MS,2,Democratic,Democrat,1801-07-19,34,141,34.3852
24,1835-12-07,W000770,Silas Wright,NY,3,Democratic,Jackson,1795-05-24,40,197,40.5383
24,1835-12-07,W000238,Daniel Webster,MA,1,Whig,Whig,1782-01-18,53,323,53.8849
24,1835-12-07,C000044,John Caldwell Calhoun,SC,2,Democratic,Democrat,1782-03-18,53,264,53.7213
24,1835-12-07,D000117,John Davis,MA,2,Whig,Whig,1787-01-13,48,328,48.8986
24,1835-12-07,M000096,Willie Person Mangum,NC,3,Democratic,Jackson,1792-05-10,43,211,43.5765
24,1835-12-07,K000217,William Rufus de Vane King,AL,2,Democratic,Democrat,1786-04-07,49,244,49.6667
24,1835-12-07,C000482,Henry Clay,KY,3,Whig,Whig,1777-04-12,58,239,58.653
24,1835-12-07,E000281,Thomas Ewing,OH,3,Whig,Anti-Jacksonian,1789-12-28,45,344,45.9425
24,1835-12-07,B000398,Thomas Hart Benton,MO,1,Democratic,Democrat,1782-03-14,53,268,53.7322
24,1835-12-07,C000496,John Middleton Clayton,DE,2,Other,,1796-07-24,39,136,39.3716
24,1835-12-07,B001005,James Buchanan,PA,3,Democratic,Jackson,1791-04-23,44,228,44.623
24,1835-12-07,C000912,John Jordan Crittenden,KY,2,Whig,Whig,1786-09-10,49,88,49.2404
25,1837-09-04,T000284,John Tipton,IN,1,Democratic,Democrat,1786-08-14,51,21,51.0575
25,1837-09-04,B000503,John Black,MS,1,Whig,Whig,1800-08-11,37,24,37.0658
25,1837-09-04,K000125,Joseph Kent,MD,1,Whig,Whig,1779-01-14,58,233,58.6384
25,1837-09-04,M000492,Samuel McKean,PA,1,Democratic,Democrat,1787-04-07,50,150,50.411
25,1837-09-04,M000989,Thomas Morris,OH,1,Democratic,Democrat,1776-01-03,61,244,61.6685
25,1837-09-04,R000297,Asher Robbins,RI,1,Whig,Whig,1761-10-26,75,313,75.8575
25,1837-09-04,S001116,Benjamin Swift,VT,1,Whig,Whig,1781-04-03,56,154,56.4219
25,1837-09-04,B000903,Bedford Brown,NC,2,Democratic,Democrat,1795-06-06,42,90,42.2466
25,1837-09-04,H000883,Henry Hubbard,NH,2,Democratic,Democrat,1784-05-03,53,124,53.3397
25,1837-09-04,K000207,John Pendleton King,GA,2,Democratic,Democrat,1799-04-03,38,154,38.4219
25,1837-09-04,K000287,Nehemiah Rice Knight,RI,2,Whig,Whig,1780-12-31,56,247,56.6767
25,1837-09-04,R000344,John McCracken Robinson,IL,2,Democratic,Democrat,1794-04-10,43,147,43.4027
25,1837-09-04,R000502,John Ruggles,ME,2,Democratic,Democrat,1789-10-08,47,331,47.9068
25,1837-09-04,W000071,Garret Dorset Wall,NJ,2,Democratic,Democrat,1783-03-10,54,178,54.4877
25,1837-09-04,W000376,Hugh Lawson White,TN,2,Whig,Whig,1773-10-30,63,309,63.8466
25,1837-09-04,D000022,Judah Dana,ME,1,Democratic,Jackson,1772-04-25,65,132,65.3616
25,1837-09-04,P000069,Richard Elliott Parker,VA,2,Democratic,Democrat,1783-12-27,53,251,53.6877
25,1837-09-04,S000719,John Selby Spence,MD,3,Whig,Whig,1788-02-29,49,188,49.5151
25,1837-09-04,S000992,Robert Strange,NC,3,Democratic,Democrat,1796-09-20,40,349,40.9562
25,1837-09-04,C000481,Clement Comer Clay,AL,3,Democratic,Democrat,1789-12-17,47,261,47.7151
25,1837-09-04,C001023,Alfred Cuthbert,GA,3,Democratic,Democrat,1785-12-23,51,255,51.6986
25,1837-09-04,L000338,Lewis Fields Linn,MO,3,Democratic,Democrat,1796-11-05,40,303,40.8301
25,1837-09-04,L000512,Wilson Lumpkin,GA,2,Democratic,Democrat,1783-01-14,54,233,54.6384
25,1837-09-04,M001050,Alexander Mouton,LA,3,Democratic,Democrat,1804-11-19,32,289,32.7918
25,1837-09-04,N000158,John Norvell,MI,2,Democratic,Democrat,1789-12-21,47,257,47.7041
25,1837-09-04,P000510,Samuel Prentiss,VT,3,Whig,Whig,1782-03-31,55,157,55.4301
25,1837-09-04,P000519,William Campbell Preston,SC,3,Whig,Whig,1794-12-27,42,251,42.6877
25,1837-09-04,R000293,William Henry Roane,VA,2,Democratic,Democrat,1787-09-17,49,352,49.9644
25,1837-09-04,S000599,Oliver Hampton Smith,IN,3,Whig,Whig,1794-10-23,42,316,42.8658
25,1837-09-04,S000600,Perry Smith,CT,3,Democratic,Democrat,1783-05-12,54,115,54.3151
25,1837-09-04,Y000050,Richard Montgomery Young,IL,3,Democratic,Democrat,1798-02-20,39,196,39.537
25,1837-09-04,G000509,Felix Grundy,TN,1,Democratic,Democrat,1777-09-11,59,358,59.9808
25,1837-09-04,S000689,Samuel Lewis Southard,NJ,1,Whig,Whig,1787-06-09,50,87,50.2384
25,1837-09-04,T000032,Nathaniel Pitcher Tallmadge,NY,1,Democratic,Democrat,1795-02-08,42,208,42.5699
25,1837-09-04,W000532,Reuel Williams,ME,1,Democratic,Democrat,1783-06-02,54,94,54.2575
25,1837-09-04,B000251,Richard Henry Bayard,DE,1,Whig,Whig,1796-09-26,40,343,40.9397
25,1837-09-04,F000425,William Savin Fulton,AR,2,Democratic,Democrat,1795-06-02,42,94,42.2575
25,1837-09-04,R000285,William Cabell Rives,VA,1,Democratic,Democrat,1793-05-04,44,123,44.337
25,1837-09-04,W000067,Robert John Walker,MS,2,Democratic,Democrat,1801-07-19,36,47,36.1288
25,1837-09-04,A000150,William Allen,OH,3,Democratic,Democrat,1803-12-27,33,251,33.6877
25,1837-09-04,L000544,Lucius Lyon,MI,1,Democratic,Democrat,1800-02-26,37,190,37.5205
25,1837-09-04,N000108,John Milton Niles,CT,1,Democratic,Democrat,1787-08-20,50,15,50.0411
25,1837-09-04,S000256,Ambrose Hundley Sevier,AR,3,Democratic,Democrat,1801-11-04,35,304,35.8329
25,1837-09-04,W000770,Silas Wright,NY,3,Democratic,Democrat,1795-05-24,42,103,42.2822
25,1837-09-04,W000238,Daniel Webster,MA,1,Whig,Whig,1782-01-18,55,229,55.6274
25,1837-09-04,C000044,John Caldwell Calhoun,SC,2,Democratic,Democrat,1782-03-18,55,170,55.4658
25,1837-09-04,D000117,John Davis,MA,2,Whig,Whig,1787-01-13,50,234,50.6411
25,1837-09-04,K000217,William Rufus de Vane King,AL,2,Democratic,Democrat,1786-04-07,51,150,51.411
25,1837-09-04,C000482,Henry Clay,KY,3,Whig,Whig,1777-04-12,60,145,60.3973
25,1837-09-04,P000333,Franklin Pierce,NH,3,Democratic,Democrat,1804-11-23,32,285,32.7808
25,1837-09-04,B000398,Thomas Hart Benton,MO,1,Democratic,Democrat,1782-03-14,55,174,55.4767
25,1837-09-04,B001005,James Buchanan,PA,3,Democratic,Democrat,1791-04-23,46,134,46.3671
25,1837-09-04,C000912,John Jordan Crittenden,KY,2,Whig,Whig,1786-09-10,50,359,50.9836
26,1839-12-02,B000903,Bedford Brown,NC,2,Democratic,Democrat,1795-06-06,44,179,44.4891
26,1839-12-02,H000883,Henry Hubbard,NH,2,Democratic,Democrat,1784-05-03,55,213,55.582
26,1839-12-02,K000287,Nehemiah Rice Knight,RI,2,Whig,Whig,1780-12-31,58,336,58.9205
26,1839-12-02,R000344,John McCracken Robinson,IL,2,Democratic,Democrat,1794-04-10,45,236,45.6448
26,1839-12-02,R000502,John Ruggles,ME,2,Democratic,Democrat,1789-10-08,50,55,50.1503
26,1839-12-02,W000071,Garret Dorset Wall,NJ,2,Democratic,Democrat,1783-03-10,56,267,56.7295
26,1839-12-02,W000376,Hugh Lawson White,TN,2,Whig,Whig,1773-10-30,66,33,66.0902
26,1839-12-02,S000719,John Selby Spence,MD,3,Whig,Whig,1788-02-29,51,277,51.7568
26,1839-12-02,S000992,Robert Strange,NC,3,Democratic,Democrat,1796-09-20,43,73,43.1995
26,1839-12-02,C000481,Clement Comer Clay,AL,3,Democratic,Democrat,1789-12-17,49,350,49.9589
26,1839-12-02,C001023,Alfred Cuthbert,GA,3,Democratic,Democrat,1785-12-23,53,344,53.9425
26,1839-12-02,L000338,Lewis Fields Linn,MO,3,Democratic,Democrat,1796-11-05,43,27,43.0738
26,1839-12-02,L000512,Wilson Lumpkin,GA,2,Democratic,Democrat,1783-01-14,56,322,56.8822
26,1839-12-02,M001050,Alexander Mouton,LA,3,Democratic,Democrat,1804-11-19,35,13,35.0355
26,1839-12-02,N000158,John Norvell,MI,2,Democratic,Democrat,1789-12-21,49,346,49.9479
26,1839-12-02,P000510,Samuel Prentiss,VT,3,Whig,Whig,1782-03-31,57,246,57.6721
26,1839-12-02,P000519,William Campbell Preston,SC,3,Whig,Whig,1794-12-27,44,340,44.9315
26,1839-12-02,R000293,William Henry Roane,VA,2,Democratic,Democrat,1787-09-17,52,76,52.2077
26,1839-12-02,S000599,Oliver Hampton Smith,IN,3,Whig,Whig,1794-10-23,45,40,45.1093
26,1839-12-02,S000600,Perry Smith,CT,3,Democratic,Democrat,1783-05-12,56,204,56.5574
26,1839-12-02,Y000050,Richard Montgomery Young,IL,3,Democratic,Democrat,1798-02-20,41,285,41.7808
26,1839-12-02,M000654,William Duhurst Merrick,MD,1,Whig,Whig,1793-10-25,46,38,46.1038
26,1839-12-02,B000428,Thaddeus Betts,CT,1,Whig,Whig,1789-02-04,50,301,50.8247
26,1839-12-02,D000376,Nathan Fellows Dixon,RI,1,Whig,Whig,1774-12-13,64,354,64.9699
26,1839-12-02,G000509,Felix Grundy,TN,1,Democratic,Democrat,1777-09-11,62,82,62.224
26,1839-12-02,H000482,John Henderson,MS,1,Whig,Whig,1797-02-28,42,277,42.7589
26,1839-12-02,S000689,Samuel Lewis Southard,NJ,1,Whig,Whig,1787-06-09,52,176,52.4809
26,1839-12-02,T000032,Nathaniel Pitcher Tallmadge,NY,1,Whig,Whig,1795-02-08,44,297,44.8137
26,1839-12-02,T000039,Benjamin Tappan,OH,1,Democratic,Democrat,1773-05-25,66,191,66.5219
26,1839-12-02,W000532,Reuel Williams,ME,1,Democratic,Democrat,1783-06-02,56,183,56.5
26,1839-12-02,F000425,William Savin Fulton,AR,2,Democratic,Democrat,1795-06-02,44,183,44.5
26,1839-12-02,W000067,Robert John Walker,MS,2,Democratic,Democrat,1801-07-19,38,136,38.3716
26,1839-12-02,A000150,William Allen,OH,3,Democratic,Democrat,1803-12-27,35,340,35.9315
26,1839-12-02,S000256,Ambrose Hundley Sevier,AR,3,Democratic,Democrat,1801-11-04,38,28,38.0765
26,1839-12-02,W000770,Silas Wright,NY,3,Democratic,Democrat,1795-05-24,44,192,44.5246
26,1839-12-02,W000238,Daniel Webster,MA,1,Whig,Whig,1782-01-18,57,318,57.8712
26,1839-12-02,C000044,John Caldwell Calhoun,SC,2,Democratic,Democrat,1782-03-18,57,259,57.7077
26,1839-12-02,D000117,John Davis,MA,2,Whig,Whig,1787-01-13,52,323,52.8849
26,1839-12-02,K000217,William Rufus de Vane King,AL,2,Democratic,Democrat,1786-04-07,53,239,53.653
26,1839-12-02,C000482,Henry Clay,KY,3,Whig,Whig,1777-04-12,62,234,62.6393
26,1839-12-02,P000333,Franklin Pierce,NH,3,Democratic,Democrat,1804-11-23,35,9,35.0246
26,1839-12-02,B000398,Thomas Hart Benton,MO,1,Democratic,Democrat,1782-03-14,57,263,57.7186
26,1839-12-02,P000299,Samuel Shethar Phelps,VT,1,Whig,Whig,1793-05-13,46,203,46.5546
26,1839-12-02,B001005,James Buchanan,PA,3,Democratic,Democrat,1791-04-23,48,223,48.6093
26,1839-12-02,C000912,John Jordan Crittenden,KY,2,Whig,Whig,1786-09-10,53,83,53.2268
26,1839-12-02,W000351,Albert Smith White,IN,1,Whig,Whig,1803-10-24,36,39,36.1066
27,1841-05-31,C000481,Clement Comer Clay,AL,3,Democratic,Democrat,1789-12-17,51,165,51.4521
27,1841-05-31,C001023,Alfred Cuthbert,GA,3,Democratic,Democrat,1785-12-23,55,159,55.4356
27,1841-05-31,L000338,Lewis Fields Linn,MO,3,Democratic,Democrat,1796-11-05,44,207,44.5671
27,1841-05-31,M001050,Alexander Mouton,LA,3,Democratic,Democrat,1804-11-19,36,193,36.5288
27,1841-05-31,P000510,Samuel Prentiss,VT,3,Whig,Whig,1782-03-31,59,61,59.1671
27,1841-05-31,P000519,William Campbell Preston,SC,3,Whig,Whig,1794-12-27,46,155,46.4247
27,1841-05-31,S000599,Oliver Hampton Smith,IN,3,Whig,Whig,1794-10-23,46,220,46.6027
27,1841-05-31,S000600,Perry Smith,CT,3,Democratic,Democrat,1783-05-12,58,19,58.0521
27,1841-05-31,Y000050,Richard Montgomery Young,IL,3,Democratic,Democrat,1798-02-20,43,100,43.274
27,1841-05-31,M000654,William Duhurst Merrick,MD,1,Whig,Whig,1793-10-25,47,218,47.5973
27,1841-05-31,D000376,Nathan Fellows Dixon,RI,1,Whig,Whig,1774-12-13,66,169,66.463
27,1841-05-31,H000482,John Henderson,MS,1,Whig,Whig,1797-02-28,44,92,44.2521
27,1841-05-31,S000689,Samuel Lewis Southard,NJ,1,Whig,Whig,1787-06-09,53,356,53.9753
27,1841-05-31,T000032,Nathaniel Pitcher Tallmadge,NY,1,Whig,Whig,1795-02-08,46,112,46.3068
27,1841-05-31,T000039,Benjamin Tappan,OH,1,Democratic,Democrat,1773-05-25,68,6,68.0164
27,1841-05-31,W000532,Reuel Williams,ME,1,Democratic,Democrat,1783-06-02,57,363,57.9945
27,1841-05-31,G000362,William Alexander Graham,NC,3,Whig,Whig,1804-09-05,36,268,36.7342
27,1841-05-31,P000437,Augustus Seymour Porter,MI,1,Whig,Whig,1798-01-18,43,133,43.3644
27,1841-05-31,A000275,William Segar Archer,VA,2,Whig,Whig,1789-03-05,52,87,52.2384
27,1841-05-31,B000183,Alexander Barrow,LA,2,Whig,Whig,1801-03-27,40,65,40.1781
27,1841-05-31,B000233,Isaac Chapman Bates,MA,2,Whig,Whig,1779-01-23,62,128,62.3507
27,1841-05-31,B000251,Richard Henry Bayard,DE,1,Whig,Whig,1796-09-26,44,247,44.6767
27,1841-05-31,C000375,Rufus Choate,MA,1,Whig,Whig,1799-10-01,41,242,41.663
27,1841-05-31,E000241,George Evans,ME,2,Whig,Whig,1797-01-12,44,139,44.3808
27,1841-05-31,F000425,William Savin Fulton,AR,2,Democratic,Democrat,1795-06-02,45,363,45.9945
27,1841-05-31,K000139,John Leeds Kerr,MD,3,Whig,Whig,1780-01-15,61,136,61.3726
27,1841-05-31,M000599,Samuel McRoberts,IL,2,Democratic,Democrat,1799-04-12,42,49,42.1342
27,1841-05-31,M000938,James Turner Morehead,KY,2,Whig,Whig,1797-05-24,44,7,44.0192
27,1841-05-31,R000285,William Cabell Rives,VA,1,Whig,Whig,1793-05-04,48,27,48.074
27,1841-05-31,W000067,Robert John Walker,MS,2,Democratic,Democrat,1801-07-19,39,316,39.8658
27,1841-05-31,W000709,William Woodbridge,MI,2,Whig,Whig,1780-08-20,60,284,60.7781
27,1841-05-31,W000711,Levi Woodbury,NH,2,Democratic,Democrat,1789-12-22,51,160,51.4384
27,1841-05-31,A000150,William Allen,OH,3,Democratic,Democrat,1803-12-27,37,155,37.4247
27,1841-05-31,S000256,Ambrose Hundley Sevier,AR,3,Democratic,Democrat,1801-11-04,39,208,39.5699
27,1841-05-31,W000770,Silas Wright,NY,3,Democratic,Democrat,1795-05-24,46,7,46.0192
27,1841-05-31,H000997,Jabez Williams Huntington,CT,1,Whig,Whig,1788-11-08,52,204,52.5589
27,1841-05-31,S001046,Daniel Sturgeon,PA,1,Democratic,Democrat,1789-10-27,51,216,51.5918
27,1841-05-31,B000413,John Macpherson Berrien,GA,2,Whig,Whig,1781-08-23,59,281,59.7699
27,1841-05-31,C000044,John Caldwell Calhoun,SC,2,Democratic,Democrat,1782-03-18,59,74,59.2027
27,1841-05-31,M000096,Willie Person Mangum,NC,2,Whig,Whig,1792-05-10,49,21,49.0575
27,1841-05-31,M000731,Jacob Welsh Miller,NJ,2,Whig,Whig,1800-08-29,40,275,40.7534
27,1841-05-31,K000217,William Rufus de Vane King,AL,2,Democratic,Democrat,1786-04-07,55,54,55.1479
27,1841-05-31,C000482,Henry Clay,KY,3,Whig,Whig,1777-04-12,64,49,64.1342
27,1841-05-31,P000333,Franklin Pierce,NH,3,Democratic,Democrat,1804-11-23,36,189,36.5178
27,1841-05-31,B000398,Thomas Hart Benton,MO,1,Democratic,Democrat,1782-03-14,59,78,59.2137
27,1841-05-31,P000299,Samuel Shethar Phelps,VT,1,Whig,Whig,1793-05-13,48,18,48.0493
27,1841-05-31,B001005,James Buchanan,PA,3,Democratic,Democrat,1791-04-23,50,38,50.1041
27,1841-05-31,S000417,James Fowler Simmons,RI,2,Whig,Whig,1795-09-10,45,263,45.7205
27,1841-05-31,N000096,Alfred Osborn Pope Nicholson,TN,1,Democratic,Democrat,1808-08-31,32,273,32.7479
27,1841-05-31,W000351,Albert Smith White,IN,1,Whig,Whig,1803-10-24,37,219,37.6
28,1843-12-04,M000654,William Duhurst Merrick,MD,1,Whig,Whig,1793-10-25,50,40,50.1093
28,1843-12-04,H000482,John Henderson,MS,1,Whig,Whig,1797-02-28,46,279,46.7644
28,1843-12-04,T000032,Nathaniel Pitcher Tallmadge,NY,1,Whig,Whig,1795-02-08,48,299,48.8192
28,1843-12-04,T000039,Benjamin Tappan,OH,1,Democratic,Democrat,1773-05-25,70,193,70.5273
28,1843-12-04,W000532,Reuel Williams,ME,1,Democratic,Democrat,1783-06-02,60,185,60.5055
28,1843-12-04,P000437,Augustus Seymour Porter,MI,1,Whig,Whig,1798-01-18,45,320,45.8767
28,1843-12-04,A000275,William Segar Archer,VA,2,Whig,Whig,1789-03-05,54,274,54.7486
28,1843-12-04,B000183,Alexander Barrow,LA,2,Whig,Whig,1801-03-27,42,252,42.6885
28,1843-12-04,B000233,Isaac Chapman Bates,MA,2,Whig,Whig,1779-01-23,64,315,64.863
28,1843-12-04,B000251,Richard Henry Bayard,DE,1,Whig,Whig,1796-09-26,47,69,47.1885
28,1843-12-04,C000375,Rufus Choate,MA,1,Whig,Whig,1799-10-01,44,64,44.1749
28,1843-12-04,E000241,George Evans,ME,2,Whig,Whig,1797-01-12,46,326,46.8932
28,1843-12-04,F000425,William Savin Fulton,AR,2,Democratic,Democrat,1795-06-02,48,185,48.5055
28,1843-12-04,M000599,Samuel McRoberts,IL,2,Democratic,Democrat,1799-04-12,44,236,44.6448
28,1843-12-04,M000938,James Turner Morehead,KY,2,Whig,Whig,1797-05-24,46,194,46.5301
28,1843-12-04,R000285,William Cabell Rives,VA,1,Whig,Whig,1793-05-04,50,214,50.5847
28,1843-12-04,W000067,Robert John Walker,MS,2,Democratic,Democrat,1801-07-19,42,138,42.377
28,1843-12-04,W000709,William Woodbridge,MI,2,Whig,Whig,1780-08-20,63,106,63.2896
28,1843-12-04,W000711,Levi Woodbury,NH,2,Democratic,Democrat,1789-12-22,53,347,53.9507
28,1843-12-04,M000426,George McDuffie,SC,3,Democratic,Democrat,1790-08-10,53,116,53.3169
28,1843-12-04,S000746,William Sprague,RI,1,Whig,Whig,1799-11-03,44,31,44.0847
28,1843-12-04,A000150,William Allen,OH,3,Democratic,Democrat,1803-12-27,39,342,39.937
28,1843-12-04,B000793,Sidney Breese,IL,3,Democratic,Democrat,1800-07-15,43,142,43.388
28,1843-12-04,C000648,Walter Terry Colquitt,GA,3,Democratic,Democrat,1799-12-27,43,342,43.937
28,1843-12-04,F000302,Ephraim Hubbard Foster,TN,1,Whig,Whig,1794-09-17,49,78,49.2131
28,1843-12-04,H000167,Edward Allen Hannegan,IN,3,Democratic,Democrat,1807-06-25,36,162,36.4426
28,1843-12-04,H000411,William Henry Haywood,NC,3,Democratic,Democrat,1801-10-23,42,42,42.1148
28,1843-12-04,H000917,Daniel Elliott Huger,SC,2,Democratic,Democrat,1779-06-28,64,159,64.4344
28,1843-12-04,N000108,John Milton Niles,CT,3,Democratic,Democrat,1787-08-20,56,106,56.2896
28,1843-12-04,S000239,James Semple,IL,2,Democratic,Democrat,1798-01-05,45,333,45.9123
28,1843-12-04,S000256,Ambrose Hundley Sevier,AR,3,Democratic,Democrat,1801-11-04,42,30,42.082
28,1843-12-04,W000770,Silas Wright,NY,3,Democratic,Democrat,1795-05-24,48,194,48.5301
28,1843-12-04,D000166,William Lewis Dayton,NJ,1,Whig,Whig,1807-02-17,36,290,36.7945
28,1843-12-04,F000006,John Fairfield,ME,1,Democratic,Democrat,1797-01-30,46,308,46.8438
28,1843-12-04,H000997,Jabez Williams Huntington,CT,1,Whig,Whig,1788-11-08,55,26,55.071
28,1843-12-04,S001046,Daniel Sturgeon,PA,1,Democratic,Democrat,1789-10-27,54,38,54.1038
28,1843-12-04,B000413,John Macpherson Berrien,GA,2,Whig,Whig,1781-08-23,62,103,62.2814
28,1843-12-04,C000044,John Caldwell Calhoun,SC,2,Democratic,Democrat,1782-03-18,61,261,61.7131
28,1843-12-04,M000096,Willie Person Mangum,NC,2,Whig,Whig,1792-05-10,51,208,51.5683
28,1843-12-04,M000731,Jacob Welsh Miller,NJ,2,Whig,Whig,1800-08-29,43,97,43.265
28,1843-12-04,K000217,William Rufus de Vane King,AL,2,Democratic,Democrat,1786-04-07,57,241,57.6585
28,1843-12-04,A000322,David Rice Atchison,MO,3,Democratic,Democrat,1807-08-11,36,115,36.3142
28,1843-12-04,U000025,William Upham,VT,3,Whig,Whig,1792-08-05,51,121,51.3306
28,1843-12-04,A000323,Charles Gordon Atherton,NH,3,Democratic,Democrat,1804-07-04,39,153,39.418
28,1843-12-04,B000398,Thomas Hart Benton,MO,1,Democratic,Democrat,1782-03-14,61,265,61.724
28,1843-12-04,P000299,Samuel Shethar Phelps,VT,1,Whig,Whig,1793-05-13,50,205,50.5601
28,1843-12-04,B001005,James Buchanan,PA,3,Democratic,Democrat,1791-04-23,52,225,52.6148
28,1843-12-04,S000417,James Fowler Simmons,RI,2,Whig,Whig,1795-09-10,48,85,48.2322
28,1843-12-04,C000912,John Jordan Crittenden,KY,3,Whig,Whig,1786-09-10,57,85,57.2322
28,1843-12-04,P000161,James Alfred Pearce,MD,3,Whig,Whig,1805-12-14,37,355,37.9726
28,1843-12-04,W000351,Albert Smith White,IN,1,Whig,Whig,1803-10-24,40,41,40.112
29,1845-12-01,A000275,William Segar Archer,VA,2,Whig,Whig,1789-03-05,56,271,56.7425
29,1845-12-01,B000183,Alexander Barrow,LA,2,Whig,Whig,1801-03-27,44,249,44.6822
29,1845-12-01,B000233,Isaac Chapman Bates,MA,2,Whig,Whig,1779-01-23,66,312,66.8548
29,1845-12-01,E000241,George Evans,ME,2,Whig,Whig,1797-01-12,48,323,48.8849
29,1845-12-01,M000938,James Turner Morehead,KY,2,Whig,Whig,1797-05-24,48,191,48.5233
29,1845-12-01,W000067,Robert John Walker,MS,2,Democratic,Democrat,1801-07-19,44,135,44.3699
29,1845-12-01,W000709,William Woodbridge,MI,2,Whig,Whig,1780-08-20,65,103,65.2822
29,1845-12-01,W000711,Levi Woodbury,NH,2,Democratic,Democrat,1789-12-22,55,344,55.9425
29,1845-12-01,M000426,George McDuffie,SC,3,Democratic,Democrat,1790-08-10,55,113,55.3096
29,1845-12-01,A000150,William Allen,OH,3,Democratic,Democrat,1803-12-27,41,339,41.9288
29,1845-12-01,B000793,Sidney Breese,IL,3,Democratic,Democrat,1800-07-15,45,139,45.3808
29,1845-12-01,C000648,Walter Terry Colquitt,GA,3,Democratic,Democrat,1799-12-27,45,339,45.9288
29,1845-12-01,H000167,Edward Allen Hannegan,IN,3,Democratic,Democrat,1807-06-25,38,159,38.4356
29,1845-12-01,H000411,William Henry Haywood,NC,3,Democratic,Democrat,1801-10-23,44,39,44.1068
29,1845-12-01,H000917,Daniel Elliott Huger,SC,2,Democratic,Democrat,1779-06-28,66,156,66.4274
29,1845-12-01,N000108,John Milton Niles,CT,3,Democratic,Democrat,1787-08-20,58,103,58.2822
29,1845-12-01,S000239,James Semple,IL,2,Democratic,Democrat,1798-01-05,47,330,47.9041
29,1845-12-01,S000256,Ambrose Hundley Sevier,AR,3,Democratic,Democrat,1801-11-04,44,27,44.074
29,1845-12-01,D000317,Daniel Stevens Dickinson,NY,1,Democratic,Democrat,1800-09-11,45,81,45.2219
29,1845-12-01,F000304,Henry Allen Foster,NY,3,Democratic,Democrat,1800-05-07,45,208,45.5699
29,1845-12-01,J000137,Henry Johnson,LA,3,Whig,Whig,1783-09-14,62,78,62.2137
29,1845-12-01,D000166,William Lewis Dayton,NJ,1,Whig,Whig,1807-02-17,38,287,38.7863
29,1845-12-01,D000365,John Adams Dix,NY,3,Democratic,Democrat,1798-07-24,47,130,47.3562
29,1845-12-01,F000006,John Fairfield,ME,1,Democratic,Democrat,1797-01-30,48,305,48.8356
29,1845-12-01,G000424,Albert Collins Greene,RI,1,Whig,Whig,1792-04-15,53,230,53.6301
29,1845-12-01,H000997,Jabez Williams Huntington,CT,1,Whig,Whig,1788-11-08,57,23,57.063
29,1845-12-01,J000094,Benning Wentworth Jenness,NH,2,Democratic,Democrat,1806-07-14,39,140,39.3836
29,1845-12-01,P000216,Isaac Samuels Pennybacker,VA,1,Democratic,Democrat,1805-09-03,40,89,40.2438
29,1845-12-01,S000715,Jesse Speight,MS,1,Democratic,Democrat,1795-09-22,50,70,50.1918
29,1845-12-01,S001046,Daniel Sturgeon,PA,1,Democratic,Democrat,1789-10-27,56,35,56.0959
29,1845-12-01,T000430,Hopkins Lacy Turney,TN,1,Democratic,Democrat,1797-10-03,48,59,48.1616
29,1845-12-01,W000238,Daniel Webster,MA,1,Whig,Whig,1782-01-18,63,317,63.8685
29,1845-12-01,W000308,James Diament Westcott,FL,3,Democratic,Democrat,1802-05-10,43,205,43.5616
29,1845-12-01,A000311,Chester Ashley,AR,2,Democratic,Democrat,1790-06-01,55,183,55.5014
29,1845-12-01,B000413,John Macpherson Berrien,GA,2,Whig,Whig,1781-08-23,64,100,64.274
29,1845-12-01,C000044,John Caldwell Calhoun,SC,2,Democratic,Democrat,1782-03-18,63,258,63.7068
29,1845-12-01,D000117,John Davis,MA,2,Whig,Whig,1787-01-13,58,322,58.8822
29,1845-12-01,L000278,Dixon Hall Lewis,AL,2,Democratic,Democrat,1802-08-10,43,113,43.3096
29,1845-12-01,M000096,Willie Person Mangum,NC,2,Whig,Whig,1792-05-10,53,205,53.5616
29,1845-12-01,M000731,Jacob Welsh Miller,NJ,2,Whig,Whig,1800-08-29,45,94,45.2575
29,1845-12-01,A000322,David Rice Atchison,MO,3,Democratic,Democrat,1807-08-11,38,112,38.3068
29,1845-12-01,U000025,William Upham,VT,3,Whig,Whig,1792-08-05,53,118,53.3233
29,1845-12-01,C000233,Lewis Cass,MI,1,Democratic,Democrat,1782-10-09,63,53,63.1452
29,1845-12-01,A000323,Charles Gordon Atherton,NH,3,Democratic,Democrat,1804-07-04,41,150,41.411
29,1845-12-01,B000398,Thomas Hart Benton,MO,1,Democratic,Democrat,1782-03-14,63,262,63.7178
29,1845-12-01,C000496,John Middleton Clayton,DE,1,Whig,Whig,1796-07-24,49,130,49.3562
29,1845-12-01,P000299,Samuel Shethar Phelps,VT,1,Whig,Whig,1793-05-13,52,202,52.5534
29,1845-12-01,Y000061,David Levy Yulee,FL,1,Democratic,Democrat,1810-06-12,35,172,35.4712
29,1845-12-01,B001005,James Buchanan,PA,3,Democratic,Democrat,1791-04-23,54,222,54.6082
29,1845-12-01,B000835,Jesse David Bright,IN,1,Democratic,Democrat,1812-12-18,32,348,32.9534
29,1845-12-01,S000417,James Fowler Simmons,RI,2,Whig,Whig,1795-09-10,50,82,50.2247
29,1845-12-01,C000791,Thomas Corwin,OH,1,Whig,Whig,1794-07-29,51,125,51.3425
29,1845-12-01,C000912,John Jordan Crittenden,KY,3,Whig,Whig,1786-09-10,59,82,59.2247
29,1845-12-01,P000161,James Alfred Pearce,MD,3,Whig,Whig,1805-12-14,39,352,39.9644
29,1845-12-01,J000169,Reverdy Johnson,MD,1,Whig,Whig,1796-05-21,49,194,49.5315
29,1845-12-01,C000068,Simon Cameron,PA,3,Democratic,Democrat,1799-03-08,46,268,46.7342
30,1847-12-06,A000150,William Allen,OH,3,Democratic,Democrat,1803-12-27,43,344,43.9425
30,1847-12-06,B000793,Sidney Breese,IL,3,Democratic,Democrat,1800-07-15,47,144,47.3934
30,1847-12-06,C000648,Walter Terry Colquitt,GA,3,Democratic,Democrat,1799-12-27,47,344,47.9425
30,1847-12-06,H000167,Edward Allen Hannegan,IN,3,Democratic,Democrat,1807-06-25,40,164,40.4481
30,1847-12-06,N000108,John Milton Niles,CT,3,Democratic,Democrat,1787-08-20,60,108,60.2951
30,1847-12-06,S000256,Ambrose Hundley Sevier,AR,3,Democratic,Democrat,1801-11-04,46,32,46.0874
30,1847-12-06,D000317,Daniel Stevens Dickinson,NY,1,Democratic,Democrat,1800-09-11,47,86,47.235
30,1847-12-06,J000137,Henry Johnson,LA,3,Whig,Whig,1783-09-14,64,83,64.2268
30,1847-12-06,D000166,William Lewis Dayton,NJ,1,Whig,Whig,1807-02-17,40,292,40.8
30,1847-12-06,D000365,John Adams Dix,NY,3,Democratic,Democrat,1798-07-24,49,135,49.3689
30,1847-12-06,F000006,John Fairfield,ME,1,Democratic,Democrat,1797-01-30,50,310,50.8493
30,1847-12-06,G000424,Albert Collins Greene,RI,1,Whig,Whig,1792-04-15,55,235,55.6421
30,1847-12-06,P000216,Isaac Samuels Pennybacker,VA,1,Democratic,Democrat,1805-09-03,42,94,42.2568
30,1847-12-06,S000715,Jesse Speight,MS,1,Democratic,Democrat,1795-09-22,52,75,52.2049
30,1847-12-06,S001046,Daniel Sturgeon,PA,1,Democratic,Democrat,1789-10-27,58,40,58.1093
30,1847-12-06,T000430,Hopkins Lacy Turney,TN,1,Democratic,Democrat,1797-10-03,50,64,50.1749
30,1847-12-06,W000238,Daniel Webster,MA,1,Whig,Whig,1782-01-18,65,322,65.8822
30,1847-12-06,W000308,James Diament Westcott,FL,3,Democratic,Democrat,1802-05-10,45,210,45.5738
30,1847-12-06,A000311,Chester Ashley,AR,2,Democratic,Democrat,1790-06-01,57,188,57.5137
30,1847-12-06,B000096,Roger Sherman Baldwin,CT,1,Whig,Whig,1793-01-04,54,336,54.9205
30,1847-12-06,B000413,John Macpherson Berrien,GA,2,Whig,Whig,1781-08-23,66,105,66.2869
30,1847-12-06,B000734,James Ware Bradbury,ME,2,Democratic,Democrat,1802-06-10,45,179,45.4891
30,1847-12-06,C000044,John Caldwell Calhoun,SC,2,Democratic,Democrat,1782-03-18,65,263,65.7186
30,1847-12-06,C000466,John Hopkins Clarke,RI,2,Whig,Whig,1789-04-01,58,249,58.6803
30,1847-12-06,D000117,John Davis,MA,2,Whig,Whig,1787-01-13,60,327,60.8959
30,1847-12-06,F000063,Alpheus Felch,MI,2,Democratic,Democrat,1804-09-28,43,69,43.1885
30,1847-12-06,F000251,Henry Stuart Foote,MS,2,Democratic,Democrat,1804-02-28,43,281,43.7699
30,1847-12-06,L000278,Dixon Hall Lewis,AL,2,Democratic,Democrat,1802-08-10,45,118,45.3224
30,1847-12-06,M000096,Willie Person Mangum,NC,2,Whig,Whig,1792-05-10,55,210,55.5738
30,1847-12-06,M000731,Jacob Welsh Miller,NJ,2,Whig,Whig,1800-08-29,47,99,47.2705
30,1847-12-06,S000760,Presley Spruance,DE,2,Whig,Whig,1785-09-11,62,86,62.235
30,1847-12-06,U000011,Joseph Rogers Underwood,KY,2,Whig,Whig,1791-10-24,56,43,56.1175
30,1847-12-06,A000322,David Rice Atchison,MO,3,Democratic,Democrat,1807-08-11,40,117,40.3197
30,1847-12-06,B000022,George Edmund Badger,NC,3,Whig,Whig,1795-04-17,52,233,52.6366
30,1847-12-06,S000682,Pierre Soulé,LA,2,Democratic,Democrat,1801-08-31,46,97,46.265
30,1847-12-06,U000025,William Upham,VT,3,Whig,Whig,1792-08-05,55,123,55.3361
30,1847-12-06,C000233,Lewis Cass,MI,1,Democratic,Democrat,1782-10-09,65,58,65.1585
30,1847-12-06,R000518,Thomas Jefferson Rusk,TX,1,Democratic,Democrat,1803-12-05,44,1,44.0027
30,1847-12-06,A000323,Charles Gordon Atherton,NH,3,Democratic,Democrat,1804-07-04,43,155,43.4235
30,1847-12-06,B000340,John Bell,TN,2,Whig,Whig,1796-02-18,51,291,51.7973
30,1847-12-06,B000398,Thomas Hart Benton,MO,1,Democratic,Democrat,1782-03-14,65,267,65.7295
30,1847-12-06,C000496,John Middleton Clayton,DE,1,Whig,Whig,1796-07-24,51,135,51.3689
30,1847-12-06,H000827,Samuel Houston,TX,2,Democratic,Democrat,1793-03-02,54,279,54.7623
30,1847-12-06,P000299,Samuel Shethar Phelps,VT,1,Whig,Whig,1793-05-13,54,207,54.5656
30,1847-12-06,B001173,Andrew Pickens Butler,SC,3,Democratic,Democrat,1796-11-18,51,18,51.0492
30,1847-12-06,Y000061,David Levy Yulee,FL,1,Democratic,Democrat,1810-06-12,37,177,37.4836
30,1847-12-06,B000835,Jesse David Bright,IN,1,Democratic,Democrat,1812-12-18,34,353,34.9671
30,1847-12-06,D000113,Jefferson Davis,MS,1,Democratic,Democrat,1808-06-03,39,186,39.5082
30,1847-12-06,M000216,James Murray Mason,VA,1,Democratic,Democrat,1798-11-03,49,33,49.0902
30,1847-12-06,D000457,Stephen Arnold Douglas,IL,2,Democratic,Democrat,1813-04-23,34,227,34.6202
30,1847-12-06,H000034,John Parker Hale,NH,2,Other,Free Soil,1806-03-31,41,250,41.6831
30,1847-12-06,H000988,Robert Mercer Taliaferro Hunter,VA,2,Democratic,Democrat,1809-04-21,38,229,38.6257
30,1847-12-06,C000791,Thomas Corwin,OH,1,Whig,Whig,1794-07-29,53,130,53.3552
30,1847-12-06,C000912,John Jordan Crittenden,KY,3,Whig,Whig,1786-09-10,61,87,61.2377
30,1847-12-06,P000161,James Alfred Pearce,MD,3,Whig,Whig,1805-12-14,41,357,41.9781
30,1847-12-06,J000169,Reverdy Johnson,MD,1,Whig,Whig,1796-05-21,51,199,51.5437
30,1847-12-06,C000068,Simon Cameron,PA,3,Democratic,Democrat,1799-03-08,48,273,48.7459
31,1849-12-03,D000317,Daniel Stevens Dickinson,NY,1,Democratic,Democrat,1800-09-11,49,83,49.2274
31,1849-12-03,D000166,William Lewis Dayton,NJ,1,Whig,Whig,1807-02-17,42,289,42.7918
31,1849-12-03,G000424,Albert Collins Greene,RI,1,Whig,Whig,1792-04-15,57,232,57.6356
31,1849-12-03,S001046,Daniel Sturgeon,PA,1,Democratic,Democrat,1789-10-27,60,37,60.1014
31,1849-12-03,T000430,Hopkins Lacy Turney,TN,1,Democratic,Democrat,1797-10-03,52,61,52.1671
31,1849-12-03,W000238,Daniel Webster,MA,1,Whig,Whig,1782-01-18,67,319,67.874
31,1849-12-03,B000096,Roger Sherman Baldwin,CT,1,Whig,Whig,1793-01-04,56,333,56.9123
31,1849-12-03,B000413,John Macpherson Berrien,GA,2,Whig,Whig,1781-08-23,68,102,68.2795
31,1849-12-03,B000734,James Ware Bradbury,ME,2,Democratic,Democrat,1802-06-10,47,176,47.4822
31,1849-12-03,C000044,John Caldwell Calhoun,SC,2,Democratic,Democrat,1782-03-18,67,260,67.7123
31,1849-12-03,C000466,John Hopkins Clarke,RI,2,Whig,Whig,1789-04-01,60,246,60.674
31,1849-12-03,D000117,John Davis,MA,2,Whig,Whig,1787-01-13,62,324,62.8877
31,1849-12-03,F000063,Alpheus Felch,MI,2,Democratic,Democrat,1804-09-28,45,66,45.1808
31,1849-12-03,F000251,Henry Stuart Foote,MS,2,Democratic,Democrat,1804-02-28,45,278,45.7616
31,1849-12-03,M000096,Willie Person Mangum,NC,2,Whig,Whig,1792-05-10,57,207,57.5671
31,1849-12-03,M000731,Jacob Welsh Miller,NJ,2,Whig,Whig,1800-08-29,49,96,49.263
31,1849-12-03,S000760,Presley Spruance,DE,2,Whig,Whig,1785-09-11,64,83,64.2274
31,1849-12-03,U000011,Joseph Rogers Underwood,KY,2,Whig,Whig,1791-10-24,58,40,58.1096
31,1849-12-03,B000642,Solon Borland,AR,3,Democratic,Democrat,1808-09-21,41,73,41.2
31,1849-12-03,D000394,Augustus Caesar Dodge,IA,3,Democratic,Democrat,1812-01-02,37,335,37.9178
31,1849-12-03,F000167,Thomas Fitzgerald,MI,1,Democratic,Democrat,1796-04-10,53,237,53.6493
31,1849-12-03,K000217,William Rufus de Vane King,AL,3,Democratic,Democrat,1786-04-07,63,240,63.6575
31,1849-12-03,W000055,Isaac Pigeon Walker,WI,3,Democratic,Democrat,1815-11-02,34,31,34.0849
31,1849-12-03,A000322,David Rice Atchison,MO,3,Democratic,Democrat,1807-08-11,42,114,42.3123
31,1849-12-03,B000022,George Edmund Badger,NC,3,Whig,Whig,1795-04-17,54,230,54.6301
31,1849-12-03,C000482,Henry Clay,KY,3,Whig,Whig,1777-04-12,72,235,72.6438
31,1849-12-03,C000501,Jeremiah Clemens,AL,2,Democratic,Democrat,1814-12-28,34,340,34.9315
31,1849-12-03,C000753,James Cooper,PA,3,Whig,Whig,1810-05-08,39,209,39.5726
31,1849-12-03,D000156,William Crosby Dawson,GA,3,Whig,Whig,1798-01-04,51,333,51.9123
31,1849-12-03,M001015,Jackson Morton,FL,3,Whig,Whig,1794-08-10,55,115,55.3151
31,1849-12-03,N000140,Moses Norris,NH,3,Democratic,Democrat,1799-11-08,50,25,50.0685
31,1849-12-03,S000621,Truman Smith,CT,3,Whig,Whig,1791-11-27,58,6,58.0164
31,1849-12-03,S000682,Pierre Soulé,LA,3,Democratic,Democrat,1801-08-31,48,94,48.2575
31,1849-12-03,S000905,David Stewart,MD,1,Whig,Whig,1800-09-13,49,81,49.2219
31,1849-12-03,U000025,William Upham,VT,3,Whig,Whig,1792-08-05,57,120,57.3288
31,1849-12-03,W000043,John Wales,DE,1,Whig,Whig,1783-07-31,66,125,66.3425
31,1849-12-03,W000349,James Whitcomb,IN,3,Democratic,Democrat,1795-12-01,54,2,54.0055
31,1849-12-03,C000233,Lewis Cass,MI,1,Democratic,Democrat,1782-10-09,67,55,67.1507
31,1849-12-03,D000396,Henry Dodge,WI,1,Democratic,Democrat,1782-10-12,67,52,67.1425
31,1849-12-03,R000518,Thomas Jefferson Rusk,TX,1,Democratic,Democrat,1803-12-05,45,363,45.9945
31,1849-12-03,B000340,John Bell,TN,2,Whig,Whig,1796-02-18,53,288,53.789
31,1849-12-03,B000398,Thomas Hart Benton,MO,1,Democratic,Democrat,1782-03-14,67,264,67.7233
31,1849-12-03,C000496,John Middleton Clayton,DE,1,Whig,Whig,1796-07-24,53,132,53.3616
31,1849-12-03,H000827,Samuel Houston,TX,2,Democratic,Democrat,1793-03-02,56,276,56.7562
31,1849-12-03,J000221,George Wallace Jones,IA,2,Democratic,Democrat,1804-04-12,45,235,45.6438
31,1849-12-03,P000299,Samuel Shethar Phelps,VT,1,Whig,Whig,1793-05-13,56,204,56.5589
31,1849-12-03,B001173,Andrew Pickens Butler,SC,3,Democratic,Democrat,1796-11-18,53,15,53.0411
31,1849-12-03,S000261,William Henry Seward,NY,3,Whig,Whig,1801-05-16,48,201,48.5507
31,1849-12-03,Y000061,David Levy Yulee,FL,1,Democratic,Democrat,1810-06-12,39,174,39.4767
31,1849-12-03,B000835,Jesse David Bright,IN,1,Democratic,Democrat,1812-12-18,36,350,36.9589
31,1849-12-03,D000113,Jefferson Davis,MS,1,Democratic,Democrat,1808-06-03,41,183,41.5014
31,1849-12-03,M000216,James Murray Mason,VA,1,Democratic,Democrat,1798-11-03,51,30,51.0822
31,1849-12-03,D000457,Stephen Arnold Douglas,IL,2,Democratic,Democrat,1813-04-23,36,224,36.6137
31,1849-12-03,H000034,John Parker Hale,NH,2,Other,Free Soil,1806-03-31,43,247,43.6767
31,1849-12-03,H000988,Robert Mercer Taliaferro Hunter,VA,2,Democratic,Democrat,1809-04-21,40,226,40.6192
31,1849-12-03,C000332,Salmon Portland Chase,OH,3,Other,Free Soil,1808-01-13,41,324,41.8877
31,1849-12-03,C000791,Thomas Corwin,OH,1,Whig,Whig,1794-07-29,55,127,55.3479
31,1849-12-03,P000161,James Alfred Pearce,MD,3,Whig,Whig,1805-12-14,43,354,43.9699
31,1849-12-03,J000169,Reverdy Johnson,MD,1,Whig,Whig,1796-05-21,53,196,53.537
31,1849-12-03,H000121,Hannibal Hamlin,ME,1,Democratic,Democrat,1809-08-27,40,98,40.2685
32,1851-12-01,B000413,John Macpherson Berrien,GA,2,Whig,Whig,1781-08-23,70,100,70.2732
32,1851-12-01,B000734,James Ware Bradbury,ME,2,Democratic,Democrat,1802-06-10,49,174,49.4754
32,1851-12-01,C000466,John Hopkins Clarke,RI,2,Whig,Whig,1789-04-01,62,244,62.6667
32,1851-12-01,D000117,John Davis,MA,2,Whig,Whig,1787-01-13,64,322,64.8822
32,1851-12-01,F000063,Alpheus Felch,MI,2,Democratic,Democrat,1804-09-28,47,64,47.1749
32,1851-12-01,F000251,Henry Stuart Foote,MS,2,Democratic,Democrat,1804-02-28,47,276,47.7562
32,1851-12-01,M000096,Willie Person Mangum,NC,2,Whig,Whig,1792-05-10,59,205,59.5601
32,1851-12-01,M000731,Jacob Welsh Miller,NJ,2,Whig,Whig,1800-08-29,51,94,51.2568
32,1851-12-01,S000760,Presley Spruance,DE,2,Whig,Whig,1785-09-11,66,81,66.2213
32,1851-12-01,U000011,Joseph Rogers Underwood,KY,2,Whig,Whig,1791-10-24,60,38,60.1038
32,1851-12-01,B000642,Solon Borland,AR,3,Democratic,Democrat,1808-09-21,43,71,43.194
32,1851-12-01,D000394,Augustus Caesar Dodge,IA,3,Democratic,Democrat,1812-01-02,39,333,39.9123
32,1851-12-01,K000217,William Rufus de Vane King,AL,3,Democratic,Democrat,1786-04-07,65,238,65.6503
32,1851-12-01,W000055,Isaac Pigeon Walker,WI,3,Democratic,Democrat,1815-11-02,36,29,36.0792
32,1851-12-01,A000322,David Rice Atchison,MO,3,Democratic,Democrat,1807-08-11,44,112,44.306
32,1851-12-01,B000022,George Edmund Badger,NC,3,Whig,Whig,1795-04-17,56,228,56.623
32,1851-12-01,C000482,Henry Clay,KY,3,Whig,Whig,1777-04-12,74,233,74.6366
32,1851-12-01,C000501,Jeremiah Clemens,AL,2,Democratic,Democrat,1814-12-28,36,338,36.926
32,1851-12-01,C000753,James Cooper,PA,3,Whig,Whig,1810-05-08,41,207,41.5656
32,1851-12-01,D000156,William Crosby Dawson,GA,3,Whig,Whig,1798-01-04,53,331,53.9068
32,1851-12-01,M001015,Jackson Morton,FL,3,Whig,Whig,1794-08-10,57,113,57.3087
32,1851-12-01,N000140,Moses Norris,NH,3,Democratic,Democrat,1799-11-08,52,23,52.0628
32,1851-12-01,S000621,Truman Smith,CT,3,Whig,Whig,1791-11-27,60,4,60.0109
32,1851-12-01,S000682,Pierre Soulé,LA,3,Democratic,Democrat,1801-08-31,50,92,50.2514
32,1851-12-01,U000025,William Upham,VT,3,Whig,Whig,1792-08-05,59,118,59.3224
32,1851-12-01,W000349,James Whitcomb,IN,3,Democratic,Democrat,1795-12-01,56,0,56.0
32,1851-12-01,P000506,Thomas George Pratt,MD,1,Other,Ind. Republican-Democrat,1804-02-18,47,286,47.7836
32,1851-12-01,R000184,Robert Barnwell Rhett,SC,2,Democratic,Democrat,1800-12-21,50,345,50.9452
32,1851-12-01,B000861,Richard Brodhead,PA,1,Democratic,Democrat,1811-01-05,40,330,40.9041
32,1851-12-01,C000233,Lewis Cass,MI,1,Democratic,Democrat,1782-10-09,69,53,69.1448
32,1851-12-01,D000396,Henry Dodge,WI,1,Democratic,Democrat,1782-10-12,69,50,69.1366
32,1851-12-01,F000140,Hamilton Fish,NY,1,Other,Ind. Republican-Democrat,1808-08-03,43,120,43.3279
32,1851-12-01,G000146,Henry Sheffie Geyer,MO,1,Other,Ind. Republican-Democrat,1790-12-09,60,357,60.9781
32,1851-12-01,J000046,Charles Tillinghast James,RI,1,Democratic,Democrat,1805-09-15,46,77,46.2104
32,1851-12-01,J000229,James Chamberlain Jones,TN,1,Other,Ind. Republican-Democrat,1809-04-20,42,225,42.6148
32,1851-12-01,R000518,Thomas Jefferson Rusk,TX,1,Democratic,Democrat,1803-12-05,47,361,47.989
32,1851-12-01,S000942,Robert Field Stockton,NJ,1,Democratic,Democrat,1795-08-20,56,103,56.2814
32,1851-12-01,B000340,John Bell,TN,2,Whig,Whig,1796-02-18,55,286,55.7836
32,1851-12-01,H000827,Samuel Houston,TX,2,Democratic,Democrat,1793-03-02,58,274,58.7486
32,1851-12-01,J000221,George Wallace Jones,IA,2,Democratic,Democrat,1804-04-12,47,233,47.6366
32,1851-12-01,B001173,Andrew Pickens Butler,SC,3,Democratic,Democrat,1796-11-18,55,13,55.0355
32,1851-12-01,S000261,William Henry Seward,NY,3,Whig,Whig,1801-05-16,50,199,50.5437
32,1851-12-01,B000835,Jesse David Bright,IN,1,Democratic,Democrat,1812-12-18,38,348,38.9534
32,1851-12-01,G000540,William McKendree Gwin,CA,3,Democratic,Democrat,1805-10-09,46,53,46.1448
32,1851-12-01,M000216,James Murray Mason,VA,1,Democratic,Democrat,1798-11-03,53,28,53.0765
32,1851-12-01,D000457,Stephen Arnold Douglas,IL,2,Democratic,Democrat,1813-04-23,38,222,38.6066
32,1851-12-01,H000034,John Parker Hale,NH,2,Other,Free Soil,1806-03-31,45,245,45.6694
32,1851-12-01,H000988,Robert Mercer Taliaferro Hunter,VA,2,Democratic,Democrat,1809-04-21,42,224,42.612
32,1851-12-01,M000596,John Jones McRae,MS,1,Democratic,Democrat,1815-01-10,36,325,36.8904
32,1851-12-01,C000332,Salmon Portland Chase,OH,3,Other,Free Soil,1808-01-13,43,322,43.8822
32,1851-12-01,P000161,James Alfred Pearce,MD,3,Whig,Whig,1805-12-14,45,352,45.9644
32,1851-12-01,F000248,Solomon Foot,VT,1,Other,Ind. Republican-Democrat,1802-11-19,49,12,49.0328
32,1851-12-01,W000005,Benjamin Franklin Wade,OH,1,Other,Ind. Republican-Democrat,1800-10-27,51,35,51.0956
32,1851-12-01,B000248,James Asheton Bayard,DE,1,Democratic,Democrat,1799-11-15,52,16,52.0437
32,1851-12-01,S001068,Charles Sumner,MA,1,Other,Ind. Republican-Democrat,1811-01-06,40,329,40.9014
32,1851-12-01,H000121,Hannibal Hamlin,ME,1,Democratic,Democrat,1809-08-27,42,96,42.2623
33,1853-12-05,D000394,Augustus Caesar Dodge,IA,3,Democratic,Democrat,1812-01-02,41,337,41.9233
33,1853-12-05,W000055,Isaac Pigeon Walker,WI,3,Democratic,Democrat,1815-11-02,38,33,38.0904
33,1853-12-05,A000322,David Rice Atchison,MO,3,Democratic,Democrat,1807-08-11,46,116,46.3178
33,1853-12-05,B000022,George Edmund Badger,NC,3,Whig,Whig,1795-04-17,58,232,58.6356
33,1853-12-05,C000753,James Cooper,PA,3,Whig,Whig,1810-05-08,43,211,43.5781
33,1853-12-05,D000156,William Crosby Dawson,GA,3,Whig,Whig,1798-01-04,55,335,55.9178
33,1853-12-05,M001015,Jackson Morton,FL,3,Whig,Whig,1794-08-10,59,117,59.3205
33,1853-12-05,N000140,Moses Norris,NH,3,Democratic,Democrat,1799-11-08,54,27,54.074
33,1853-12-05,S000621,Truman Smith,CT,3,Whig,Whig,1791-11-27,62,8,62.0219
33,1853-12-05,S000682,Pierre Soulé,LA,3,Democratic,Democrat,1801-08-31,52,96,52.263
33,1853-12-05,U000025,William Upham,VT,3,Whig,Whig,1792-08-05,61,122,61.3342
33,1853-12-05,P000506,Thomas George Pratt,MD,1,Other,Ind. Republican-Democrat,1804-02-18,49,290,49.7945
33,1853-12-05,B000861,Richard Brodhead,PA,1,Democratic,Democrat,1811-01-05,42,334,42.9151
33,1853-12-05,C000233,Lewis Cass,MI,1,Democratic,Democrat,1782-10-09,71,57,71.1562
33,1853-12-05,D000396,Henry Dodge,WI,1,Democratic,Democrat,1782-10-12,71,54,71.1479
33,1853-12-05,F000140,Hamilton Fish,NY,1,Other,Ind. Republican-Democrat,1808-08-03,45,124,45.3397
33,1853-12-05,G000146,Henry Sheffie Geyer,MO,1,Other,Ind. Republican-Democrat,1790-12-09,62,361,62.989
33,1853-12-05,J000046,Charles Tillinghast James,RI,1,Democratic,Democrat,1805-09-15,48,81,48.2219
33,1853-12-05,J000229,James Chamberlain Jones,TN,1,Other,Ind. Republican-Democrat,1809-04-20,44,229,44.6274
33,1853-12-05,R000518,Thomas Jefferson Rusk,TX,1,Democratic,Democrat,1803-12-05,50,0,50.0
33,1853-12-05,S000942,Robert Field Stockton,NJ,1,Democratic,Democrat,1795-08-20,58,107,58.2932
33,1853-12-05,A000048,Stephen Adams,MS,1,Democratic,Democrat,1807-10-17,46,49,46.1342
33,1853-12-05,C000250,Charles William Cathcart,IN,3,Democratic,Democrat,1809-07-24,44,134,44.3671
33,1853-12-05,D000367,Archibald Dixon,KY,3,Whig,Whig,1802-04-02,51,247,51.6767
33,1853-12-05,T000319,Isaac Toucey,CT,1,Democratic,Democrat,1792-11-15,61,20,61.0548
33,1853-12-05,W000274,John B. Weller,CA,1,Democratic,Democrat,1812-02-22,41,286,41.7836
33,1853-12-05,A000141,Philip Allen,RI,2,Democratic,Democrat,1785-09-01,68,95,68.2603
33,1853-12-05,A000323,Charles Gordon Atherton,NH,2,Democratic,Democrat,1804-07-04,49,154,49.4219
33,1853-12-05,B000340,John Bell,TN,2,Other,American,1796-02-18,57,290,57.7945
33,1853-12-05,C000496,John Middleton Clayton,DE,2,Other,Ind. Republican-Democrat,1796-07-24,57,134,57.3671
33,1853-12-05,E000249,Josiah James Evans,SC,2,Democratic,Democrat,1786-11-27,67,8,67.0219
33,1853-12-05,E000264,Edward Everett,MA,2,Whig,Whig,1794-04-11,59,238,59.6521
33,1853-12-05,H000827,Samuel Houston,TX,2,Other,American,1793-03-02,60,278,60.7616
33,1853-12-05,J000221,George Wallace Jones,IA,2,Democratic,Democrat,1804-04-12,49,237,49.6493
33,1853-12-05,P000277,John Pettit,IN,3,Democratic,Democrat,1807-06-24,46,164,46.4493
33,1853-12-05,P000299,Samuel Shethar Phelps,VT,3,Whig,Whig,1793-05-13,60,206,60.5644
33,1853-12-05,S001033,Charles Edward Stuart,MI,2,Democratic,Democrat,1810-11-25,43,10,43.0274
33,1853-12-05,T000208,John Burton Thompson,KY,2,Other,American,1810-12-14,42,356,42.9753
33,1853-12-05,W000511,Jared Warner Williams,NH,2,Democratic,Democrat,1796-12-22,56,348,56.9534
33,1853-12-05,B001173,Andrew Pickens Butler,SC,3,Democratic,Democrat,1796-11-18,57,17,57.0466
33,1853-12-05,F000174,Benjamin Fitzpatrick,AL,3,Democratic,Democrat,1802-06-30,51,158,51.4329
33,1853-12-05,J000172,Robert Ward Johnson,AR,3,Democratic,Democrat,1814-07-22,39,136,39.3726
33,1853-12-05,S000261,William Henry Seward,NY,3,Whig,Whig,1801-05-16,52,203,52.5562
33,1853-12-05,B000835,Jesse David Bright,IN,1,Democratic,Democrat,1812-12-18,40,352,40.9644
33,1853-12-05,G000540,William McKendree Gwin,CA,3,Democratic,Democrat,1805-10-09,48,57,48.1562
33,1853-12-05,M000216,James Murray Mason,VA,1,Democratic,Democrat,1798-11-03,55,32,55.0877
33,1853-12-05,T000231,John Renshaw Thomson,NJ,1,Democratic,Democrat,1800-09-25,53,71,53.1945
33,1853-12-05,B000365,Judah Philip Benjamin,LA,2,Democratic,Democrat,1811-08-06,42,121,42.3315
33,1853-12-05,C000480,Clement Claiborne Clay,AL,2,Democratic,Democrat,1816-12-13,36,357,36.9781
33,1853-12-05,D000457,Stephen Arnold Douglas,IL,2,Democratic,Democrat,1813-04-23,40,226,40.6192
33,1853-12-05,H000988,Robert Mercer Taliaferro Hunter,VA,2,Democratic,Democrat,1809-04-21,44,228,44.6247
33,1853-12-05,T000313,Robert Augustus Toombs,GA,2,Democratic,Democrat,1810-07-02,43,156,43.4274
33,1853-12-05,C000332,Salmon Portland Chase,OH,3,Other,Free Soil,1808-01-13,45,326,45.8932
33,1853-12-05,P000161,James Alfred Pearce,MD,3,Whig,Whig,1805-12-14,47,356,47.9753
33,1853-12-05,F000248,Solomon Foot,VT,1,Other,Ind. Republican-Democrat,1802-11-19,51,16,51.0438
33,1853-12-05,W000005,Benjamin Franklin Wade,OH,1,Other,Ind. Republican-Democrat,1800-10-27,53,39,53.1068
33,1853-12-05,W000772,William Wright,NJ,2,Democratic,Democrat,1794-11-13,59,22,59.0603
33,1853-12-05,B000248,James Asheton Bayard,DE,1,Democratic,Democrat,1799-11-15,54,20,54.0548
33,1853-12-05,S001068,Charles Sumner,MA,1,Other,Ind. Republican-Democrat,1811-01-06,42,333,42.9123
33,1853-12-05,H000121,Hannibal Hamlin,ME,1,Democratic,Democrat,1809-08-27,44,100,44.274
34,1855-12-03,P000506,Thomas George Pratt,MD,1,Other,Ind. Republican-Democrat,1804-02-18,51,288,51.789
34,1855-12-03,B000861,Richard Brodhead,PA,1,Democratic,Democrat,1811-01-05,44,332,44.9096
34,1855-12-03,C000233,Lewis Cass,MI,1,Democratic,Democrat,1782-10-09,73,55,73.1503
34,1855-12-03,D000396,Henry Dodge,WI,1,Democratic,Democrat,1782-10-12,73,52,73.1421
34,1855-12-03,F000140,Hamilton Fish,NY,1,Other,Ind. Republican-Democrat,1808-08-03,47,122,47.3333
34,1855-12-03,G000146,Henry Sheffie Geyer,MO,1,Other,Ind. Republican-Democrat,1790-12-09,64,359,64.9836
34,1855-12-03,J000046,Charles Tillinghast James,RI,1,Democratic,Democrat,1805-09-15,50,79,50.2158
34,1855-12-03,J000229,James Chamberlain Jones,TN,1,Other,Ind. Republican-Democrat,1809-04-20,46,227,46.6202
34,1855-12-03,R000518,Thomas Jefferson Rusk,TX,1,Democratic,Democrat,1803-12-05,51,363,51.9945
34,1855-12-03,A000048,Stephen Adams,MS,1,Democratic,Democrat,1807-10-17,48,47,48.1284
34,1855-12-03,T000319,Isaac Toucey,CT,1,Democratic,Democrat,1792-11-15,63,18,63.0492
34,1855-12-03,W000274,John B. Weller,CA,1,Democratic,Democrat,1812-02-22,43,284,43.7781
34,1855-12-03,A000141,Philip Allen,RI,2,Democratic,Democrat,1785-09-01,70,93,70.2541
34,1855-12-03,B000340,John Bell,TN,2,Other,American,1796-02-18,59,288,59.789
34,1855-12-03,C000496,John Middleton Clayton,DE,2,Other,Ind. Republican-Democrat,1796-07-24,59,132,59.3607
34,1855-12-03,E000249,Josiah James Evans,SC,2,Democratic,Democrat,1786-11-27,69,6,69.0164
34,1855-12-03,H000827,Samuel Houston,TX,2,Other,American,1793-03-02,62,276,62.7541
34,1855-12-03,J000221,George Wallace Jones,IA,2,Democratic,Democrat,1804-04-12,51,235,51.6421
34,1855-12-03,S001033,Charles Edward Stuart,MI,2,Democratic,Democrat,1810-11-25,45,8,45.0219
34,1855-12-03,T000208,John Burton Thompson,KY,2,Other,American,1810-12-14,44,354,44.9699
34,1855-12-03,R000144,David Settle Reid,NC,2,Democratic,Democrat,1813-04-19,42,228,42.623
34,1855-12-03,R000368,Julius Rockwell,MA,2,Whig,Whig,1805-04-26,50,221,50.6038
34,1855-12-03,B000337,James Bell,NH,3,Republican,Republican,1804-11-13,51,20,51.0546
34,1855-12-03,B000456,Asa Biggs,NC,3,Democratic,Democrat,1811-02-04,44,302,44.8274
34,1855-12-03,B001173,Andrew Pickens Butler,SC,3,Democratic,Democrat,1796-11-18,59,15,59.041
34,1855-12-03,D000573,Charles Durkee,WI,3,Republican,Republican,1805-12-10,49,358,49.9808
34,1855-12-03,F000174,Benjamin Fitzpatrick,AL,3,Democratic,Democrat,1802-06-30,53,156,53.4262
34,1855-12-03,I000049,Alfred Iverson,GA,3,Democratic,Democrat,1798-12-03,57,0,57.0
34,1855-12-03,J000172,Robert Ward Johnson,AR,3,Democratic,Democrat,1814-07-22,41,134,41.3661
34,1855-12-03,P000560,George Ellis Pugh,OH,3,Democratic,Democrat,1822-11-28,33,5,33.0137
34,1855-12-03,S000261,William Henry Seward,NY,3,Republican,Republican,1801-05-16,54,201,54.5492
34,1855-12-03,W000285,John Sullivan Wells,NH,3,Democratic,Democrat,1803-10-18,52,46,52.1257
34,1855-12-03,Y000061,David Levy Yulee,FL,3,Democratic,Democrat,1810-06-12,45,174,45.4754
34,1855-12-03,B000835,Jesse David Bright,IN,1,Democratic,Democrat,1812-12-18,42,350,42.9589
34,1855-12-03,M000216,James Murray Mason,VA,1,Democratic,Democrat,1798-11-03,57,30,57.082
34,1855-12-03,T000231,John Renshaw Thomson,NJ,1,Democratic,Democrat,1800-09-25,55,69,55.1885
34,1855-12-03,B000365,Judah Philip Benjamin,LA,2,Democratic,Democrat,1811-08-06,44,119,44.3251
34,1855-12-03,B000900,Albert Gallatin Brown,MS,2,Democratic,Democrat,1813-05-31,42,186,42.5082
34,1855-12-03,C000480,Clement Claiborne Clay,AL,2,Democratic,Democrat,1816-12-13,38,355,38.9726
34,1855-12-03,D000457,Stephen Arnold Douglas,IL,2,Democratic,Democrat,1813-04-23,42,224,42.612
34,1855-12-03,H000034,John Parker Hale,NH,2,Republican,Republican,1806-03-31,49,247,49.6749
34,1855-12-03,H000988,Robert Mercer Taliaferro Hunter,VA,2,Democratic,Democrat,1809-04-21,46,226,46.6175
34,1855-12-03,T000313,Robert Augustus Toombs,GA,2,Democratic,Democrat,1810-07-02,45,154,45.4208
34,1855-12-03,C000628,Jacob Collamer,VT,3,Republican,Republican,1791-01-08,64,329,64.9014
34,1855-12-03,C000912,John Jordan Crittenden,KY,3,Other,American,1786-09-10,69,84,69.2295
34,1855-12-03,F000308,Lafayette Sabine Foster,CT,3,Republican,Republican,1806-11-22,49,11,49.0301
34,1855-12-03,P000161,James Alfred Pearce,MD,3,Democratic,Democrat,1805-12-14,49,354,49.9699
34,1855-12-03,F000248,Solomon Foot,VT,1,Other,Ind. Republican-Democrat,1802-11-19,53,14,53.0383
34,1855-12-03,W000005,Benjamin Franklin Wade,OH,1,Other,Ind. Republican-Democrat,1800-10-27,55,37,55.1011
34,1855-12-03,W000772,William Wright,NJ,2,Democratic,Democrat,1794-11-13,61,20,61.0546
34,1855-12-03,F000099,William Pitt Fessenden,ME,2,Republican,Republican,1806-10-16,49,48,49.1311
34,1855-12-03,B000248,James Asheton Bayard,DE,1,Democratic,Democrat,1799-11-15,56,18,56.0492
34,1855-12-03,H000211,James Harlan,IA,3,Republican,Republican,1820-08-26,35,99,35.2705
34,1855-12-03,T000392,Lyman Trumbull,IL,3,Republican,Republican,1813-10-12,42,52,42.1421
34,1855-12-03,S001068,Charles Sumner,MA,1,Other,Ind. Republican-Democrat,1811-01-06,44,331,44.9068
34,1855-12-03,W000585,Henry Wilson,MA,2,Republican,Republican,1812-02-16,43,290,43.7945
34,1855-12-03,H000121,Hannibal Hamlin,ME,1,Democratic,Democrat,1809-08-27,46,98,46.2678
35,1857-12-07,A000141,Philip Allen,RI,2,Democratic,Democrat,1785-09-01,72,97,72.2658
35,1857-12-07,B000340,John Bell,TN,2,Other,American,1796-02-18,61,292,61.8
35,1857-12-07,E000249,Josiah James Evans,SC,2,Democratic,Democrat,1786-11-27,71,10,71.0274
35,1857-12-07,H000827,Samuel Houston,TX,2,Other,American,1793-03-02,64,280,64.7671
35,1857-12-07,J000221,George Wallace Jones,IA,2,Democratic,Democrat,1804-04-12,53,239,53.6548
35,1857-12-07,S001033,Charles Edward Stuart,MI,2,Democratic,Democrat,1810-11-25,47,12,47.0329
35,1857-12-07,T000208,John Burton Thompson,KY,2,Other,American,1810-12-14,46,358,46.9808
35,1857-12-07,R000144,David Settle Reid,NC,2,Democratic,Democrat,1813-04-19,44,232,44.6356
35,1857-12-07,B000337,James Bell,NH,3,Republican,Republican,1804-11-13,53,24,53.0658
35,1857-12-07,B000456,Asa Biggs,NC,3,Democratic,Democrat,1811-02-04,46,306,46.8384
35,1857-12-07,B001173,Andrew Pickens Butler,SC,3,Democratic,Democrat,1796-11-18,61,19,61.0521
35,1857-12-07,D000573,Charles Durkee,WI,3,Republican,Republican,1805-12-10,51,362,51.9918
35,1857-12-07,F000174,Benjamin Fitzpatrick,AL,3,Democratic,Democrat,1802-06-30,55,160,55.4384
35,1857-12-07,I000049,Alfred Iverson,GA,3,Democratic,Democrat,1798-12-03,59,4,59.011
35,1857-12-07,J000172,Robert Ward Johnson,AR,3,Democratic,Democrat,1814-07-22,43,138,43.3781
35,1857-12-07,P000560,George Ellis Pugh,OH,3,Democratic,Democrat,1822-11-28,35,9,35.0247
35,1857-12-07,S000261,William Henry Seward,NY,3,Republican,Republican,1801-05-16,56,205,56.5616
35,1857-12-07,Y000061,David Levy Yulee,FL,3,Democratic,Democrat,1810-06-12,47,178,47.4877
35,1857-12-07,B000459,William Bigler,PA,3,Democratic,Democrat,1814-01-01,43,340,43.9315
35,1857-12-07,C000656,Joseph Parsons Comegys,DE,2,Other,Ind. Republican-Democrat,1813-12-29,43,343,43.9397
35,1857-12-07,B000238,Martin Waltham Bates,DE,2,Democratic,Democrat,1786-02-24,71,286,71.7836
35,1857-12-07,B000835,Jesse David Bright,IN,1,Democratic,Democrat,1812-12-18,44,354,44.9699
35,1857-12-07,B000857,David Colbreth Broderick,CA,1,Democratic,Democrat,1820-02-04,37,306,37.8384
35,1857-12-07,D000113,Jefferson Davis,MS,1,Democratic,Democrat,1808-06-03,49,187,49.5123
35,1857-12-07,F000158,Graham Newell Fitch,IN,3,Democratic,Democrat,1809-12-05,48,2,48.0055
35,1857-12-07,G000414,James Stephen Green,MO,3,Democratic,Democrat,1817-02-28,40,282,40.7726
35,1857-12-07,G000540,William McKendree Gwin,CA,3,Democratic,Democrat,1805-10-09,52,59,52.1616
35,1857-12-07,H000128,James Henry Hammond,SC,3,Democratic,Democrat,1807-11-15,50,22,50.0603
35,1857-12-07,H000481,James Pinckney Henderson,TX,1,Democratic,Democrat,1808-03-31,49,251,49.6877
35,1857-12-07,K000103,Anthony Kennedy,MD,1,Other,Unionist,1810-12-21,46,351,46.9616
35,1857-12-07,K000211,Preston King,NY,1,Republican,Republican,1806-10-14,51,54,51.1479
35,1857-12-07,M000216,James Murray Mason,VA,1,Democratic,Democrat,1798-11-03,59,34,59.0932
35,1857-12-07,N000162,Amos Nourse,ME,1,Republican,Republican,1794-12-17,62,355,62.9726
35,1857-12-07,P000411,Trusten Polk,MO,1,Democratic,Democrat,1811-05-29,46,192,46.526
35,1857-12-07,S000417,James Fowler Simmons,RI,1,Republican,Republican,1795-09-10,62,88,62.2411
35,1857-12-07,T000231,John Renshaw Thomson,NJ,1,Democratic,Democrat,1800-09-25,57,73,57.2
35,1857-12-07,B000365,Judah Philip Benjamin,LA,2,Democratic,Democrat,1811-08-06,46,123,46.337
35,1857-12-07,B000900,Albert Gallatin Brown,MS,2,Democratic,Democrat,1813-05-31,44,190,44.5205
35,1857-12-07,C000480,Clement Claiborne Clay,AL,2,Democratic,Democrat,1816-12-13,40,359,40.9836
35,1857-12-07,D000457,Stephen Arnold Douglas,IL,2,Democratic,Democrat,1813-04-23,44,228,44.6247
35,1857-12-07,H000034,John Parker Hale,NH,2,Republican,Republican,1806-03-31,51,251,51.6877
35,1857-12-07,H000988,Robert Mercer Taliaferro Hunter,VA,2,Democratic,Democrat,1809-04-21,48,230,48.6301
35,1857-12-07,T000313,Robert Augustus Toombs,GA,2,Democratic,Democrat,1810-07-02,47,158,47.4329
35,1857-12-07,C000427,Daniel Clark,NH,3,Republican,Republican,1809-10-24,48,44,48.1205
35,1857-12-07,C000628,Jacob Collamer,VT,3,Republican,Republican,1791-01-08,66,333,66.9123
35,1857-12-07,C000912,John Jordan Crittenden,KY,3,Other,American,1786-09-10,71,88,71.2411
35,1857-12-07,F000308,Lafayette Sabine Foster,CT,3,Republican,Republican,1806-11-22,51,15,51.0411
35,1857-12-07,P000161,James Alfred Pearce,MD,3,Democratic,Democrat,1805-12-14,51,358,51.9808
35,1857-12-07,D000369,James Dixon,CT,1,Republican,Republican,1814-08-05,43,124,43.3397
35,1857-12-07,D000428,James Rood Doolittle,WI,1,Republican,Republican,1815-01-03,42,338,42.926
35,1857-12-07,F000248,Solomon Foot,VT,1,Republican,Republican,1802-11-19,55,18,55.0493
35,1857-12-07,W000005,Benjamin Franklin Wade,OH,1,Republican,Republican,1800-10-27,57,41,57.1123
35,1857-12-07,W000772,William Wright,NJ,2,Democratic,Democrat,1794-11-13,63,24,63.0658
35,1857-12-07,F000099,William Pitt Fessenden,ME,2,Republican,Republican,1806-10-16,51,52,51.1425
35,1857-12-07,B000248,James Asheton Bayard,DE,1,Democratic,Democrat,1799-11-15,58,22,58.0603
35,1857-12-07,H000211,James Harlan,IA,3,Republican,Republican,1820-08-26,37,103,37.2822
35,1857-12-07,T000392,Lyman Trumbull,IL,3,Republican,Republican,1813-10-12,44,56,44.1534
35,1857-12-07,S001068,Charles Sumner,MA,1,Republican,Republican,1811-01-06,46,335,46.9178
35,1857-12-07,W000585,Henry Wilson,MA,2,Republican,Republican,1812-02-16,45,294,45.8055
35,1857-12-07,C000068,Simon Cameron,PA,1,Republican,Republican,1799-03-08,58,274,58.7507
35,1857-12-07,H000121,Hannibal Hamlin,ME,1,Republican,Republican,1809-08-27,48,102,48.2795
35,1857-12-07,J000116,Andrew Johnson,TN,1,Democratic,Democrat,1808-12-29,48,343,48.9397
35,1857-12-07,C000299,Zachariah Chandler,MI,1,Republican,Republican,1813-12-10,43,362,43.9918
36,1859-12-05,D000573,Charles Durkee,WI,3,Republican,Republican,1805-12-10,53,360,53.9863
36,1859-12-05,F000174,Benjamin Fitzpatrick,AL,3,Democratic,Democrat,1802-06-30,57,158,57.4317
36,1859-12-05,I000049,Alfred Iverson,GA,3,Democratic,Democrat,1798-12-03,61,2,61.0055
36,1859-12-05,J000172,Robert Ward Johnson,AR,3,Democratic,Democrat,1814-07-22,45,136,45.3716
36,1859-12-05,P000560,George Ellis Pugh,OH,3,Democratic,Democrat,1822-11-28,37,7,37.0191
36,1859-12-05,S000261,William Henry Seward,NY,3,Republican,Republican,1801-05-16,58,203,58.5546
36,1859-12-05,Y000061,David Levy Yulee,FL,3,Democratic,Democrat,1810-06-12,49,176,49.4809
36,1859-12-05,B000459,William Bigler,PA,3,Democratic,Democrat,1814-01-01,45,338,45.926
36,1859-12-05,B000835,Jesse David Bright,IN,1,Democratic,Democrat,1812-12-18,46,352,46.9644
36,1859-12-05,D000113,Jefferson Davis,MS,1,Democratic,Democrat,1808-06-03,51,185,51.5055
36,1859-12-05,F000158,Graham Newell Fitch,IN,3,Democratic,Democrat,1809-12-05,50,0,50.0
36,1859-12-05,G000414,James Stephen Green,MO,3,Democratic,Democrat,1817-02-28,42,280,42.7671
36,1859-12-05,G000540,William McKendree Gwin,CA,3,Democratic,Democrat,1805-10-09,54,57,54.1557
36,1859-12-05,H000128,James Henry Hammond,SC,3,Democratic,Democrat,1807-11-15,52,20,52.0546
36,1859-12-05,K000103,Anthony Kennedy,MD,1,Other,Unionist,1810-12-21,48,349,48.9562
36,1859-12-05,K000211,Preston King,NY,1,Republican,Republican,1806-10-14,53,52,53.1421
36,1859-12-05,M000216,James Murray Mason,VA,1,Democratic,Democrat,1798-11-03,61,32,61.0874
36,1859-12-05,P000411,Trusten Polk,MO,1,Democratic,Democrat,1811-05-29,48,190,48.5191
36,1859-12-05,S000417,James Fowler Simmons,RI,1,Republican,Republican,1795-09-10,64,86,64.235
36,1859-12-05,T000231,John Renshaw Thomson,NJ,1,Democratic,Democrat,1800-09-25,59,71,59.194
36,1859-12-05,C000348,James Chesnut,SC,2,Democratic,Democrat,1815-01-18,44,321,44.8795
36,1859-12-05,C000524,Thomas Lanier Clingman,NC,3,Democratic,Democrat,1812-07-27,47,131,47.3579
36,1859-12-05,R000198,Henry Mower Rice,MN,1,Democratic,Democrat,1816-11-29,43,6,43.0164
36,1859-12-05,W000138,Matthias Ward,TX,1,Democratic,Democrat,1805-10-13,54,53,54.1448
36,1859-12-05,B000365,Judah Philip Benjamin,LA,2,Democratic,Democrat,1811-08-06,48,121,48.3306
36,1859-12-05,B000473,Kinsley Scott Bingham,MI,2,Republican,Republican,1808-12-16,50,354,50.9699
36,1859-12-05,B000759,Thomas Bragg,NC,2,Democratic,Democrat,1810-11-09,49,26,49.071
36,1859-12-05,B000900,Albert Gallatin Brown,MS,2,Democratic,Democrat,1813-05-31,46,188,46.5137
36,1859-12-05,C000480,Clement Claiborne Clay,AL,2,Democratic,Democrat,1816-12-13,42,357,42.9781
36,1859-12-05,D000457,Stephen Arnold Douglas,IL,2,Democratic,Democrat,1813-04-23,46,226,46.6175
36,1859-12-05,H000034,John Parker Hale,NH,2,Republican,Republican,1806-03-31,53,249,53.6803
36,1859-12-05,H000353,Henry Peter Haun,CA,1,Democratic,Democrat,1815-01-18,44,321,44.8795
36,1859-12-05,H000468,John Hemphill,TX,2,Democratic,Democrat,1803-12-18,55,352,55.9644
36,1859-12-05,H000988,Robert Mercer Taliaferro Hunter,VA,2,Democratic,Democrat,1809-04-21,50,228,50.623
36,1859-12-05,L000062,Joseph Lane,OR,3,Democratic,Democrat,1801-12-14,57,356,57.9753
36,1859-12-05,N000096,Alfred Osborn Pope Nicholson,TN,2,Democratic,Democrat,1808-08-31,51,96,51.2623
36,1859-12-05,P000481,Lazarus Whitehead Powell,KY,2,Democratic,Democrat,1812-10-06,47,60,47.1639
36,1859-12-05,S000526,Delazon Smith,OR,2,Democratic,Democrat,1816-10-05,43,61,43.1667
36,1859-12-05,T000122,John Conover Ten Eyck,NJ,2,Republican,Republican,1814-03-12,45,268,45.7322
36,1859-12-05,T000313,Robert Augustus Toombs,GA,2,Democratic,Democrat,1810-07-02,49,156,49.4262
36,1859-12-05,W000447,Louis Trezevant Wigfall,TX,1,Democratic,Democrat,1816-04-21,43,228,43.623
36,1859-12-05,C000427,Daniel Clark,NH,3,Republican,Republican,1809-10-24,50,42,50.1148
36,1859-12-05,C000628,Jacob Collamer,VT,3,Republican,Republican,1791-01-08,68,331,68.9068
36,1859-12-05,C000912,John Jordan Crittenden,KY,3,Other,American,1786-09-10,73,86,73.235
36,1859-12-05,F000308,Lafayette Sabine Foster,CT,3,Republican,Republican,1806-11-22,53,13,53.0355
36,1859-12-05,P000161,James Alfred Pearce,MD,3,Democratic,Democrat,1805-12-14,53,356,53.9753
36,1859-12-05,D000369,James Dixon,CT,1,Republican,Republican,1814-08-05,45,122,45.3333
36,1859-12-05,D000428,James Rood Doolittle,WI,1,Republican,Republican,1815-01-03,44,336,44.9205
36,1859-12-05,F000248,Solomon Foot,VT,1,Republican,Republican,1802-11-19,57,16,57.0437
36,1859-12-05,W000005,Benjamin Franklin Wade,OH,1,Republican,Republican,1800-10-27,59,39,59.1066
36,1859-12-05,F000099,William Pitt Fessenden,ME,2,Republican,Republican,1806-10-16,53,50,53.1366
36,1859-12-05,G000475,James Wilson Grimes,IA,2,Republican,Republican,1816-10-20,43,46,43.1257
36,1859-12-05,S000074,Willard Saulsbury,DE,2,Democratic,Democrat,1820-06-02,39,186,39.5082
36,1859-12-05,B000248,James Asheton Bayard,DE,1,Democratic,Democrat,1799-11-15,60,20,60.0546
36,1859-12-05,H000211,James Harlan,IA,3,Republican,Republican,1820-08-26,39,101,39.276
36,1859-12-05,T000392,Lyman Trumbull,IL,3,Republican,Republican,1813-10-12,46,54,46.1475
36,1859-12-05,S001068,Charles Sumner,MA,1,Republican,Republican,1811-01-06,48,333,48.9123
36,1859-12-05,W000476,Morton Smith Wilkinson,MN,2,Republican,Republican,1819-01-22,40,317,40.8685
36,1859-12-05,W000585,Henry Wilson,MA,2,Republican,Republican,1812-02-16,47,292,47.8
36,1859-12-05,C000068,Simon Cameron,PA,1,Republican,Republican,1799-03-08,60,272,60.7432
36,1859-12-05,H000121,Hannibal Hamlin,ME,1,Republican,Republican,1809-08-27,50,100,50.2732
36,1859-12-05,J000116,Andrew Johnson,TN,1,Democratic,Democrat,1808-12-29,50,341,50.9342
36,1859-12-05,C000299,Zachariah Chandler,MI,1,Republican,Republican,1813-12-10,45,360,45.9863
36,1859-12-05,A000262,Henry Bowen Anthony,RI,2,Republican,Republican,1815-04-01,44,248,44.6776
37,1861-07-04,B000835,Jesse David Bright,IN,1,Democratic,Democrat,1812-12-18,48,198,48.5425
37,1861-07-04,D000113,Jefferson Davis,MS,1,Democratic,Democrat,1808-06-03,53,31,53.0849
37,1861-07-04,K000103,Anthony Kennedy,MD,1,Other,Unionist,1810-12-21,50,195,50.5342
37,1861-07-04,K000211,Preston King,NY,1,Republican,Republican,1806-10-14,54,263,54.7205
37,1861-07-04,M000216,James Murray Mason,VA,1,Democratic,Democrat,1798-11-03,62,243,62.6658
37,1861-07-04,P000411,Trusten Polk,MO,1,Democratic,Democrat,1811-05-29,50,36,50.0986
37,1861-07-04,S000417,James Fowler Simmons,RI,1,Republican,Republican,1795-09-10,65,297,65.8137
37,1861-07-04,T000231,John Renshaw Thomson,NJ,1,Democratic,Democrat,1800-09-25,60,282,60.7726
37,1861-07-04,R000198,Henry Mower Rice,MN,1,Democratic,Democrat,1816-11-29,44,217,44.5945
37,1861-07-04,B000365,Judah Philip Benjamin,LA,2,Democratic,Democrat,1811-08-06,49,332,49.9096
37,1861-07-04,B000473,Kinsley Scott Bingham,MI,2,Republican,Republican,1808-12-16,52,200,52.5479
37,1861-07-04,B000759,Thomas Bragg,NC,2,Democratic,Democrat,1810-11-09,50,237,50.6493
37,1861-07-04,B000900,Albert Gallatin Brown,MS,2,Democratic,Democrat,1813-05-31,48,34,48.0932
37,1861-07-04,C000480,Clement Claiborne Clay,AL,2,Democratic,Democrat,1816-12-13,44,203,44.5562
37,1861-07-04,D000457,Stephen Arnold Douglas,IL,2,Democratic,Democrat,1813-04-23,48,72,48.1973
37,1861-07-04,H000034,John Parker Hale,NH,2,Republican,Republican,1806-03-31,55,95,55.2603
37,1861-07-04,H000468,John Hemphill,TX,2,Democratic,Democrat,1803-12-18,57,198,57.5425
37,1861-07-04,H000988,Robert Mercer Taliaferro Hunter,VA,2,Democratic,Democrat,1809-04-21,52,74,52.2027
37,1861-07-04,N000096,Alfred Osborn Pope Nicholson,TN,2,Democratic,Democrat,1808-08-31,52,307,52.8411
37,1861-07-04,P000481,Lazarus Whitehead Powell,KY,2,Democratic,Democrat,1812-10-06,48,271,48.7425
37,1861-07-04,T000122,John Conover Ten Eyck,NJ,2,Republican,Republican,1814-03-12,47,114,47.3123
37,1861-07-04,T000313,Robert Augustus Toombs,GA,2,Democratic,Democrat,1810-07-02,51,2,51.0055
37,1861-07-04,W000447,Louis Trezevant Wigfall,TX,1,Democratic,Democrat,1816-04-21,45,74,45.2027
37,1861-07-04,B000059,Edward Dickinson Baker,OR,2,Republican,Republican,1811-02-24,50,130,50.3562
37,1861-07-04,L000110,Milton Slocum Latham,CA,1,Democratic,Democrat,1827-05-23,34,42,34.1151
37,1861-07-04,B000789,John Cabell Breckinridge,KY,3,Democratic,Democrat,1821-01-16,40,169,40.463
37,1861-07-04,B000960,Orville Hickman Browning,IL,2,Republican,Republican,1806-02-10,55,144,55.3945
37,1861-07-04,C000332,Salmon Portland Chase,OH,3,Republican,Republican,1808-01-13,53,172,53.4712
37,1861-07-04,C000427,Daniel Clark,NH,3,Republican,Republican,1809-10-24,51,253,51.6932
37,1861-07-04,C000628,Jacob Collamer,VT,3,Republican,Republican,1791-01-08,70,177,70.4849
37,1861-07-04,C000819,Edgar Cowan,PA,3,Republican,Republican,1815-09-19,45,288,45.789
37,1861-07-04,F000308,Lafayette Sabine Foster,CT,3,Republican,Republican,1806-11-22,54,224,54.6137
37,1861-07-04,H000242,Ira Harris,NY,3,Republican,Republican,1802-05-31,59,34,59.0932
37,1861-07-04,J000179,Waldo Porter Johnson,MO,3,Democratic,Democrat,1817-09-16,43,291,43.7973
37,1861-07-04,L000060,Henry Smith Lane,IN,3,Republican,Republican,1811-02-24,50,130,50.3562
37,1861-07-04,M000416,James Alexander McDougall,CA,3,Democratic,Democrat,1817-11-19,43,227,43.6219
37,1861-07-04,M000801,Charles Burton Mitchel,AR,3,Democratic,Democrat,1815-09-19,45,288,45.789
37,1861-07-04,P000161,James Alfred Pearce,MD,3,Democratic,Democrat,1805-12-14,55,202,55.5534
37,1861-07-04,S000809,Benjamin Stark,OR,2,Democratic,Democrat,1820-06-26,41,8,41.0219
37,1861-07-04,W000566,David Wilmot,PA,1,Republican,Republican,1814-01-20,47,165,47.4521
37,1861-07-04,D000369,James Dixon,CT,1,Republican,Republican,1814-08-05,46,333,46.9123
37,1861-07-04,D000428,James Rood Doolittle,WI,1,Republican,Republican,1815-01-03,46,182,46.4986
37,1861-07-04,F000248,Solomon Foot,VT,1,Republican,Republican,1802-11-19,58,227,58.6219
37,1861-07-04,W000005,Benjamin Franklin Wade,OH,1,Republican,Republican,1800-10-27,60,250,60.6849
37,1861-07-04,F000099,William Pitt Fessenden,ME,2,Republican,Republican,1806-10-16,54,261,54.7151
37,1861-07-04,G000475,James Wilson Grimes,IA,2,Republican,Republican,1816-10-20,44,257,44.7041
37,1861-07-04,L000061,James Henry Lane,KS,2,Republican,Republican,1814-06-22,47,12,47.0329
37,1861-07-04,S000074,Willard Saulsbury,DE,2,Democratic,Democrat,1820-06-02,41,32,41.0877
37,1861-07-04,W000484,Waitman Thomas Willey,VA,1,Other,Unionist,1811-10-18,49,259,49.7096
37,1861-07-04,B000248,James Asheton Bayard,DE,1,Democratic,Democrat,1799-11-15,61,231,61.6329
37,1861-07-04,D000099,Garrett Davis,KY,3,Democratic,Democrat,1801-09-10,59,297,59.8137
37,1861-07-04,H000211,James Harlan,IA,3,Republican,Republican,1820-08-26,40,312,40.8548
37,1861-07-04,P000423,Samuel Clarke Pomeroy,KS,3,Republican,Republican,1816-01-03,45,182,45.4986
37,1861-07-04,T000392,Lyman Trumbull,IL,3,Republican,Republican,1813-10-12,47,265,47.726
37,1861-07-04,S001068,Charles Sumner,MA,1,Republican,Republican,1811-01-06,50,179,50.4904
37,1861-07-04,W000476,Morton Smith Wilkinson,MN,2,Republican,Republican,1819-01-22,42,163,42.4466
37,1861-07-04,M000970,Lot Myrick Morrill,ME,1,Republican,Republican,1813-05-03,48,62,48.1699
37,1861-07-04,W000585,Henry Wilson,MA,2,Republican,Republican,1812-02-16,49,138,49.3781
37,1861-07-04,C000068,Simon Cameron,PA,1,Republican,Republican,1799-03-08,62,118,62.3233
37,1861-07-04,H000856,Timothy Otis Howe,WI,3,Republican,Republican,1816-02-24,45,130,45.3562
37,1861-07-04,N000050,James Willis Nesmith,OR,3,Democratic,Democrat,1820-07-23,40,346,40.9479
37,1861-07-04,H000121,Hannibal Hamlin,ME,1,Republican,Republican,1809-08-27,51,311,51.8521
37,1861-07-04,J000116,Andrew Johnson,TN,1,Democratic,Democrat,1808-12-29,52,187,52.5123
37,1861-07-04,C000299,Zachariah Chandler,MI,1,Republican,Republican,1813-12-10,47,206,47.5644
37,1861-07-04,A000262,Henry Bowen Anthony,RI,2,Republican,Republican,1815-04-01,46,94,46.2575
37,1861-07-04,S000346,John Sherman,OH,3,Republican,Republican,1823-05-10,38,55,38.1507
38,1863-12-07,H000034,John Parker Hale,NH,2,Republican,Republican,1806-03-31,57,251,57.6858
38,1863-12-07,P000481,Lazarus Whitehead Powell,KY,2,Democratic,Democrat,1812-10-06,51,62,51.1694
38,1863-12-07,T000122,John Conover Ten Eyck,NJ,2,Republican,Republican,1814-03-12,49,270,49.7377
38,1863-12-07,B000960,Orville Hickman Browning,IL,2,Republican,Republican,1806-02-10,57,300,57.8219
38,1863-12-07,C000150,John Snyder Carlile,VA,2,Other,Unionist,1817-12-16,45,356,45.9753
38,1863-12-07,C000427,Daniel Clark,NH,3,Republican,Republican,1809-10-24,54,44,54.1202
38,1863-12-07,C000628,Jacob Collamer,VT,3,Republican,Republican,1791-01-08,72,333,72.9123
38,1863-12-07,C000819,Edgar Cowan,PA,3,Republican,Republican,1815-09-19,48,79,48.2158
38,1863-12-07,F000308,Lafayette Sabine Foster,CT,3,Republican,Republican,1806-11-22,57,15,57.041
38,1863-12-07,H000242,Ira Harris,NY,3,Republican,Republican,1802-05-31,61,190,61.5191
38,1863-12-07,L000060,Henry Smith Lane,IN,3,Republican,Republican,1811-02-24,52,286,52.7836
38,1863-12-07,M000416,James Alexander McDougall,CA,3,Democratic,Democrat,1817-11-19,46,18,46.0492
38,1863-12-07,H000189,Benjamin Franklin Harding,OR,2,Democratic,Democrat,1823-01-04,40,337,40.9233
38,1863-12-07,H000483,John Brooks Henderson,MO,1,Republican,Republican,1826-11-16,37,21,37.0574
38,1863-12-07,H000567,Thomas Holliday Hicks,MD,3,Other,Unconditional Unionist,1798-09-02,65,96,65.2623
38,1863-12-07,B000678,Lemuel Jackson Bowden,VA,1,Other,Unionist,1815-01-16,48,325,48.8904
38,1863-12-07,B000905,Benjamin Gratz Brown,MO,3,Republican,Republican,1826-05-28,37,193,37.5273
38,1863-12-07,C000695,John Conness,CA,1,Republican,Republican,1821-09-22,42,76,42.2077
38,1863-12-07,D000369,James Dixon,CT,1,Republican,Republican,1814-08-05,49,124,49.3388
38,1863-12-07,D000428,James Rood Doolittle,WI,1,Republican,Republican,1815-01-03,48,338,48.926
38,1863-12-07,F000248,Solomon Foot,VT,1,Republican,Republican,1802-11-19,61,18,61.0492
38,1863-12-07,H000493,Thomas Andrews Hendricks,IN,1,Democratic,Democrat,1819-09-07,44,91,44.2486
38,1863-12-07,J000169,Reverdy Johnson,MD,1,Democratic,Democrat,1796-05-21,67,200,67.5464
38,1863-12-07,M000949,Edwin Denison Morgan,NY,1,Republican,Republican,1811-02-08,52,302,52.8274
38,1863-12-07,R000228,William Alexander Richardson,IL,2,Democratic,Democrat,1811-01-16,52,325,52.8904
38,1863-12-07,V000066,Peter Godwin Van Winkle,WV,1,Republican,Republican,1808-09-07,55,91,55.2486
38,1863-12-07,W000005,Benjamin Franklin Wade,OH,1,Republican,Republican,1800-10-27,63,41,63.112
38,1863-12-07,W000072,James Walter Wall,NJ,1,Democratic,Democrat,1820-05-26,43,195,43.5328
38,1863-12-07,W000772,William Wright,NJ,1,Democratic,Democrat,1794-11-13,69,24,69.0656
38,1863-12-07,F000099,William Pitt Fessenden,ME,2,Republican,Republican,1806-10-16,57,52,57.1421
38,1863-12-07,G000475,James Wilson Grimes,IA,2,Republican,Republican,1816-10-20,47,48,47.1311
38,1863-12-07,H000839,Jacob Merritt Howard,MI,2,Republican,Republican,1805-07-10,58,150,58.4098
38,1863-12-07,L000061,James Henry Lane,KS,2,Republican,Republican,1814-06-22,49,168,49.459
38,1863-12-07,S000074,Willard Saulsbury,DE,2,Democratic,Democrat,1820-06-02,43,188,43.5137
38,1863-12-07,W000484,Waitman Thomas Willey,WV,2,Other,Unconditional Unionist,1811-10-18,52,50,52.1366
38,1863-12-07,B000248,James Asheton Bayard,DE,1,Democratic,Democrat,1799-11-15,64,22,64.0601
38,1863-12-07,D000099,Garrett Davis,KY,3,Democratic,Democrat,1801-09-10,62,88,62.2404
38,1863-12-07,H000211,James Harlan,IA,3,Republican,Republican,1820-08-26,43,103,43.2814
38,1863-12-07,P000423,Samuel Clarke Pomeroy,KS,3,Republican,Republican,1816-01-03,47,338,47.926
38,1863-12-07,T000392,Lyman Trumbull,IL,3,Republican,Republican,1813-10-12,50,56,50.153
38,1863-12-07,R000026,Alexander Ramsey,MN,1,Republican,Republican,1815-09-08,48,90,48.2459
38,1863-12-07,S000747,William Sprague,RI,1,Republican,Republican,1830-09-12,33,86,33.235
38,1863-12-07,S001068,Charles Sumner,MA,1,Republican,Republican,1811-01-06,52,335,52.9178
38,1863-12-07,W000476,Morton Smith Wilkinson,MN,2,Republican,Republican,1819-01-22,44,319,44.874
38,1863-12-07,M000970,Lot Myrick Morrill,ME,1,Republican,Republican,1813-05-03,50,218,50.5956
38,1863-12-07,W000585,Henry Wilson,MA,2,Republican,Republican,1812-02-16,51,294,51.8055
38,1863-12-07,H000856,Timothy Otis Howe,WI,3,Republican,Republican,1816-02-24,47,286,47.7836
38,1863-12-07,N000050,James Willis Nesmith,OR,3,Democratic,Democrat,1820-07-23,43,137,43.3743
38,1863-12-07,C000299,Zachariah Chandler,MI,1,Republican,Republican,1813-12-10,49,362,49.9918
38,1863-12-07,A000262,Henry Bowen Anthony,RI,2,Republican,Republican,1815-04-01,48,250,48.6831
38,1863-12-07,B001019,Charles Rollin Buckalew,PA,1,Democratic,Democrat,1821-12-28,41,344,41.9425
38,1863-12-07,S000346,John Sherman,OH,3,Republican,Republican,1823-05-10,40,211,40.5765
38,1863-12-07,T000432,David Turpie,IN,1,Democratic,Democrat,1828-07-08,35,152,35.4153
39,1865-12-04,C000427,Daniel Clark,NH,3,Republican,Republican,1809-10-24,56,41,56.1123
39,1865-12-04,C000628,Jacob Collamer,VT,3,Republican,Republican,1791-01-08,74,330,74.9041
39,1865-12-04,C000819,Edgar Cowan,PA,3,Republican,Republican,1815-09-19,50,76,50.2082
39,1865-12-04,F000308,Lafayette Sabine Foster,CT,3,Republican,Republican,1806-11-22,59,12,59.0329
39,1865-12-04,H000242,Ira Harris,NY,3,Republican,Republican,1802-05-31,63,187,63.5123
39,1865-12-04,L000060,Henry Smith Lane,IN,3,Republican,Republican,1811-02-24,54,283,54.7753
39,1865-12-04,M000416,James Alexander McDougall,CA,3,Democratic,Democrat,1817-11-19,48,15,48.0411
39,1865-12-04,H000483,John Brooks Henderson,MO,1,Republican,Republican,1826-11-16,39,18,39.0493
39,1865-12-04,H000567,Thomas Holliday Hicks,MD,3,Other,Unconditional Unionist,1798-09-02,67,93,67.2548
39,1865-12-04,B000905,Benjamin Gratz Brown,MO,3,Republican,Republican,1826-05-28,39,190,39.5205
39,1865-12-04,C000695,John Conness,CA,1,Republican,Republican,1821-09-22,44,73,44.2
39,1865-12-04,D000369,James Dixon,CT,1,Republican,Republican,1814-08-05,51,121,51.3315
39,1865-12-04,D000428,James Rood Doolittle,WI,1,Republican,Republican,1815-01-03,50,335,50.9178
39,1865-12-04,F000248,Solomon Foot,VT,1,Republican,Republican,1802-11-19,63,15,63.0411
39,1865-12-04,H000493,Thomas Andrews Hendricks,IN,1,Democratic,Democrat,1819-09-07,46,88,46.2411
39,1865-12-04,J000169,Reverdy Johnson,MD,1,Democratic,Democrat,1796-05-21,69,197,69.5397
39,1865-12-04,M000949,Edwin Denison Morgan,NY,1,Republican,Republican,1811-02-08,54,299,54.8192
39,1865-12-04,V000066,Peter Godwin Van Winkle,WV,1,Republican,Republican,1808-09-07,57,88,57.2411
39,1865-12-04,W000005,Benjamin Franklin Wade,OH,1,Republican,Republican,1800-10-27,65,38,65.1041
39,1865-12-04,W000772,William Wright,NJ,1,Democratic,Democrat,1794-11-13,71,21,71.0575
39,1865-12-04,C000904,John Angel James Creswell,MD,3,Other,Unconditional Unionist,1828-11-18,37,16,37.0438
39,1865-12-04,F000099,William Pitt Fessenden,ME,2,Republican,Republican,1806-10-16,59,49,59.1342
39,1865-12-04,G000475,James Wilson Grimes,IA,2,Republican,Republican,1816-10-20,49,45,49.1233
39,1865-12-04,G000534,James Guthrie,KY,2,Democratic,Democrat,1792-12-05,72,364,72.9973
39,1865-12-04,H000839,Jacob Merritt Howard,MI,2,Republican,Republican,1805-07-10,60,147,60.4027
39,1865-12-04,L000061,James Henry Lane,KS,2,Republican,Republican,1814-06-22,51,165,51.4521
39,1865-12-04,N000145,Daniel Sheldon Norton,MN,2,Democratic,Democrat,1829-04-12,36,236,36.6466
39,1865-12-04,S000074,Willard Saulsbury,DE,2,Democratic,Democrat,1820-06-02,45,185,45.5068
39,1865-12-04,W000484,Waitman Thomas Willey,WV,2,Republican,Republican,1811-10-18,54,47,54.1288
39,1865-12-04,W000498,George Henry Williams,OR,2,Republican,Republican,1823-03-26,42,253,42.6932
39,1865-12-04,Y000012,Richard Yates,IL,2,Republican,Republican,1815-01-18,50,320,50.8767
39,1865-12-04,D000099,Garrett Davis,KY,3,Democratic,Democrat,1801-09-10,64,85,64.2329
39,1865-12-04,H000211,James Harlan,IA,3,Republican,Republican,1820-08-26,45,100,45.274
39,1865-12-04,N000177,James Warren Nye,NV,3,Republican,Republican,1815-06-10,50,177,50.4849
39,1865-12-04,P000423,Samuel Clarke Pomeroy,KS,3,Republican,Republican,1816-01-03,49,335,49.9178
39,1865-12-04,T000392,Lyman Trumbull,IL,3,Republican,Republican,1813-10-12,52,53,52.1452
39,1865-12-04,R000026,Alexander Ramsey,MN,1,Republican,Republican,1815-09-08,50,87,50.2384
39,1865-12-04,S000747,William Sprague,RI,1,Republican,Republican,1830-09-12,35,83,35.2274
39,1865-12-04,S000939,John Potter Stockton,NJ,2,Democratic,Democrat,1826-08-02,39,124,39.3397
39,1865-12-04,S001068,Charles Sumner,MA,1,Republican,Republican,1811-01-06,54,332,54.9096
39,1865-12-04,C000852,Aaron Harrison Cragin,NH,2,Republican,Republican,1821-02-03,44,304,44.8329
39,1865-12-04,M000970,Lot Myrick Morrill,ME,1,Republican,Republican,1813-05-03,52,215,52.589
39,1865-12-04,W000585,Henry Wilson,MA,2,Republican,Republican,1812-02-16,53,291,53.7973
39,1865-12-04,H000856,Timothy Otis Howe,WI,3,Republican,Republican,1816-02-24,49,283,49.7753
39,1865-12-04,N000050,James Willis Nesmith,OR,3,Democratic,Democrat,1820-07-23,45,134,45.3671
39,1865-12-04,C000299,Zachariah Chandler,MI,1,Republican,Republican,1813-12-10,51,359,51.9836
39,1865-12-04,A000262,Henry Bowen Anthony,RI,2,Republican,Republican,1815-04-01,50,247,50.6767
39,1865-12-04,P000406,Luke Potter Poland,VT,3,Republican,Republican,1815-11-01,50,33,50.0904
39,1865-12-04,B001019,Charles Rollin Buckalew,PA,1,Democratic,Democrat,1821-12-28,43,341,43.9342
39,1865-12-04,S000346,John Sherman,OH,3,Republican,Republican,1823-05-10,42,208,42.5699
39,1865-12-04,S000922,William Morris Stewart,NV,1,Republican,Republican,1827-08-09,38,117,38.3205
40,1867-03-04,H000483,John Brooks Henderson,MO,1,Republican,Republican,1826-11-16,40,108,40.2959
40,1867-03-04,C000695,John Conness,CA,1,Republican,Republican,1821-09-22,45,163,45.4466
40,1867-03-04,D000369,James Dixon,CT,1,Republican,Republican,1814-08-05,52,211,52.5781
40,1867-03-04,D000428,James Rood Doolittle,WI,1,Republican,Republican,1815-01-03,52,60,52.1644
40,1867-03-04,H000493,Thomas Andrews Hendricks,IN,1,Democratic,Democrat,1819-09-07,47,178,47.4877
40,1867-03-04,J000169,Reverdy Johnson,MD,1,Democratic,Democrat,1796-05-21,70,287,70.7863
40,1867-03-04,M000949,Edwin Denison Morgan,NY,1,Republican,Republican,1811-02-08,56,24,56.0658
40,1867-03-04,V000066,Peter Godwin Van Winkle,WV,1,Republican,Republican,1808-09-07,58,178,58.4877
40,1867-03-04,W000005,Benjamin Franklin Wade,OH,1,Republican,Republican,1800-10-27,66,128,66.3507
40,1867-03-04,F000099,William Pitt Fessenden,ME,2,Republican,Republican,1806-10-16,60,139,60.3808
40,1867-03-04,G000475,James Wilson Grimes,IA,2,Republican,Republican,1816-10-20,50,135,50.3699
40,1867-03-04,G000534,James Guthrie,KY,2,Democratic,Democrat,1792-12-05,74,89,74.2438
40,1867-03-04,H000839,Jacob Merritt Howard,MI,2,Republican,Republican,1805-07-10,61,237,61.6493
40,1867-03-04,N000145,Daniel Sheldon Norton,MN,2,Democratic,Democrat,1829-04-12,37,326,37.8932
40,1867-03-04,S000074,Willard Saulsbury,DE,2,Democratic,Democrat,1820-06-02,46,275,46.7534
40,1867-03-04,W000484,Waitman Thomas Willey,WV,2,Republican,Republican,1811-10-18,55,137,55.3753
40,1867-03-04,W000498,George Henry Williams,OR,2,Republican,Republican,1823-03-26,43,343,43.9397
40,1867-03-04,Y000012,Richard Yates,IL,2,Republican,Republican,1815-01-18,52,45,52.1233
40,1867-03-04,C000254,Alexander Gilmore Cattell,NJ,2,Republican,Republican,1816-02-12,51,20,51.0548
40,1867-03-04,F000324,Joseph Smith Fowler,TN,2,Republican,Republican,1820-08-31,46,185,46.5068
40,1867-03-04,P000110,David Trotter Patterson,TN,1,Democratic,Democrat,1818-02-28,49,4,49.011
40,1867-03-04,R000445,Edmund Gibson Ross,KS,2,Republican,Republican,1826-12-07,40,87,40.2384
40,1867-03-04,B000248,James Asheton Bayard,DE,1,Democratic,Democrat,1799-11-15,67,109,67.2986
40,1867-03-04,C000607,Cornelius Cole,CA,3,Republican,Republican,1822-09-17,44,168,44.4603
40,1867-03-04,C000771,Henry Winslow Corbett,OR,3,Republican,Republican,1827-02-18,40,14,40.0384
40,1867-03-04,D000099,Garrett Davis,KY,3,Democratic,Democrat,1801-09-10,65,175,65.4795
40,1867-03-04,D000484,Charles Daniel Drake,MO,3,Republican,Republican,1811-04-11,55,327,55.8959
40,1867-03-04,H000211,James Harlan,IA,3,Republican,Republican,1820-08-26,46,190,46.5205
40,1867-03-04,N000177,James Warren Nye,NV,3,Republican,Republican,1815-06-10,51,267,51.7315
40,1867-03-04,P000120,James Willis Patterson,NH,3,Republican,Republican,1823-07-02,43,245,43.6712
40,1867-03-04,P000423,Samuel Clarke Pomeroy,KS,3,Republican,Republican,1816-01-03,51,60,51.1644
40,1867-03-04,T000148,John Milton Thayer,NE,2,Republican,Republican,1820-01-24,47,39,47.1068
40,1867-03-04,T000392,Lyman Trumbull,IL,3,Republican,Republican,1813-10-12,53,143,53.3918
40,1867-03-04,R000026,Alexander Ramsey,MN,1,Republican,Republican,1815-09-08,51,177,51.4849
40,1867-03-04,S000747,William Sprague,RI,1,Republican,Republican,1830-09-12,36,173,36.474
40,1867-03-04,S001068,Charles Sumner,MA,1,Republican,Republican,1811-01-06,56,57,56.1562
40,1867-03-04,T000286,Thomas Weston Tipton,NE,1,Republican,Republican,1817-08-05,49,211,49.5781
40,1867-03-04,C000852,Aaron Harrison Cragin,NH,2,Republican,Republican,1821-02-03,46,29,46.0795
40,1867-03-04,F000369,Frederick Theodore Frelinghuysen,NJ,1,Republican,Republican,1817-08-04,49,212,49.5808
40,1867-03-04,M000970,Lot Myrick Morrill,ME,1,Republican,Republican,1813-05-03,53,305,53.8356
40,1867-03-04,W000585,Henry Wilson,MA,2,Republican,Republican,1812-02-16,55,16,55.0438
40,1867-03-04,C000068,Simon Cameron,PA,3,Republican,Republican,1799-03-08,67,361,67.989
40,1867-03-04,F000094,Orris Sanford Ferry,CT,3,Republican,Republican,1823-08-15,43,201,43.5507
40,1867-03-04,H000856,Timothy Otis Howe,WI,3,Republican,Republican,1816-02-24,51,8,51.0219
40,1867-03-04,M001020,Oliver Hazard Perry Throck Morton,IN,3,Republican,Republican,1823-08-04,43,212,43.5808
40,1867-03-04,C000299,Zachariah Chandler,MI,1,Republican,Republican,1813-12-10,53,84,53.2301
40,1867-03-04,C000681,Roscoe Conkling,NY,3,Republican,Republican,1829-10-30,37,125,37.3425
40,1867-03-04,A000262,Henry Bowen Anthony,RI,2,Republican,Republican,1815-04-01,51,337,51.9233
40,1867-03-04,E000056,George Franklin Edmunds,VT,1,Republican,Republican,1828-02-01,39,31,39.0849
40,1867-03-04,B001019,Charles Rollin Buckalew,PA,1,Democratic,Democrat,1821-12-28,45,66,45.1808
40,1867-03-04,S000346,John Sherman,OH,3,Republican,Republican,1823-05-10,43,298,43.8164
40,1867-03-04,M000969,Justin Smith Morrill,VT,3,Republican,Republican,1810-04-14,56,324,56.8877
40,1867-03-04,S000922,William Morris Stewart,NV,1,Republican,Republican,1827-08-09,39,207,39.5671
41,1869-03-04,F000099,William Pitt Fessenden,ME,2,Republican,Republican,1806-10-16,62,139,62.3808
41,1869-03-04,G000475,James Wilson Grimes,IA,2,Republican,Republican,1816-10-20,52,135,52.3699
41,1869-03-04,H000839,Jacob Merritt Howard,MI,2,Republican,Republican,1805-07-10,63,237,63.6493
41,1869-03-04,N000145,Daniel Sheldon Norton,MN,2,Democratic,Democrat,1829-04-12,39,326,39.8932
41,1869-03-04,S000074,Willard Saulsbury,DE,2,Democratic,Democrat,1820-06-02,48,275,48.7534
41,1869-03-04,W000484,Waitman Thomas Willey,WV,2,Republican,Republican,1811-10-18,57,137,57.3753
41,1869-03-04,W000498,George Henry Williams,OR,2,Republican,Republican,1823-03-26,45,343,45.9397
41,1869-03-04,Y000012,Richard Yates,IL,2,Republican,Republican,1815-01-18,54,45,54.1233
41,1869-03-04,C000254,Alexander Gilmore Cattell,NJ,2,Republican,Republican,1816-02-12,53,20,53.0548
41,1869-03-04,F000324,Joseph Smith Fowler,TN,2,Republican,Republican,1820-08-31,48,185,48.5068
41,1869-03-04,R000445,Edmund Gibson Ross,KS,2,Republican,Republican,1826-12-07,42,87,42.2384
41,1869-03-04,C000607,Cornelius Cole,CA,3,Republican,Republican,1822-09-17,46,168,46.4603
41,1869-03-04,C000771,Henry Winslow Corbett,OR,3,Republican,Republican,1827-02-18,42,14,42.0384
41,1869-03-04,D000099,Garrett Davis,KY,3,Democratic,Democrat,1801-09-10,67,175,67.4795
41,1869-03-04,D000484,Charles Daniel Drake,MO,3,Republican,Republican,1811-04-11,57,327,57.8959
41,1869-03-04,H000211,James Harlan,IA,3,Republican,Republican,1820-08-26,48,190,48.5205
41,1869-03-04,N000177,James Warren Nye,NV,3,Republican,Republican,1815-06-10,53,267,53.7315
41,1869-03-04,P000120,James Willis Patterson,NH,3,Republican,Republican,1823-07-02,45,245,45.6712
41,1869-03-04,P000423,Samuel Clarke Pomeroy,KS,3,Republican,Republican,1816-01-03,53,60,53.1644
41,1869-03-04,T000148,John Milton Thayer,NE,2,Republican,Republican,1820-01-24,49,39,49.1068
41,1869-03-04,T000392,Lyman Trumbull,IL,3,Republican,Republican,1813-10-12,55,143,55.3918
41,1869-03-04,A000006,Joseph Carter Abbott,NC,2,Republican,Republican,1825-07-15,43,232,43.6356
41,1869-03-04,H000246,John Spafford Harris,LA,2,Republican,Republican,1825-12-18,43,76,43.2082
41,1869-03-04,M000408,Alexander McDonald,AR,2,Republican,Republican,1832-04-10,36,328,36.8986
41,1869-03-04,O000109,Thomas Ward Osborn,FL,3,Republican,Republican,1833-03-09,35,360,35.9863
41,1869-03-04,P000427,John Pool,NC,3,Republican,Republican,1826-06-16,42,261,42.7151
41,1869-03-04,R000195,Benjamin Franklin Rice,AR,3,Republican,Republican,1828-05-26,40,282,40.7726
41,1869-03-04,S000086,Frederick Adolphus Sawyer,SC,3,Republican,Republican,1822-12-12,46,82,46.2247
41,1869-03-04,V000095,George Vickers,MD,3,Democratic,Democrat,1801-11-19,67,105,67.2877
41,1869-03-04,W000159,Willard Warner,AL,2,Republican,Republican,1826-09-04,42,181,42.4959
41,1869-03-04,B000638,Arthur Inghram Boreman,WV,1,Republican,Republican,1823-07-24,45,223,45.611
41,1869-03-04,B000963,William Gannaway Brownlow,TN,1,Republican,Republican,1805-08-29,63,187,63.5123
41,1869-03-04,B001021,William Alfred Buckingham,CT,1,Republican,Republican,1804-05-28,64,280,64.7671
41,1869-03-04,C000236,Eugene Casserly,CA,1,Democratic,Democrat,1820-11-13,48,111,48.3041
41,1869-03-04,F000077,Reuben Eaton Fenton,NY,1,Other,Liberal Republican,1819-07-04,49,243,49.6658
41,1869-03-04,G000171,Abijah Gilbert,FL,1,Republican,Republican,1806-06-18,62,259,62.7096
41,1869-03-04,H000118,William Thomas Hamilton,MD,1,Democratic,Democrat,1820-09-08,48,177,48.4849
41,1869-03-04,P000497,Daniel Darwin Pratt,IN,1,Republican,Republican,1813-10-26,55,129,55.3534
41,1869-03-04,R000026,Alexander Ramsey,MN,1,Republican,Republican,1815-09-08,53,177,53.4849
41,1869-03-04,S000151,Carl Schurz,MO,1,Other,Liberal Republican,1829-03-02,40,2,40.0055
41,1869-03-04,S000177,John Scott,PA,1,Republican,Republican,1824-07-24,44,223,44.611
41,1869-03-04,S000747,William Sprague,RI,1,Other,Liberal Republican,1830-09-12,38,173,38.474
41,1869-03-04,S000939,John Potter Stockton,NJ,1,Democratic,Democrat,1826-08-02,42,214,42.5863
41,1869-03-04,S001068,Charles Sumner,MA,1,Other,Liberal Republican,1811-01-06,58,57,58.1562
41,1869-03-04,T000286,Thomas Weston Tipton,NE,1,Other,Liberal Republican,1817-08-05,51,211,51.5781
41,1869-03-04,C000852,Aaron Harrison Cragin,NH,2,Republican,Republican,1821-02-03,48,29,48.0795
41,1869-03-04,M000970,Lot Myrick Morrill,ME,2,Republican,Republican,1813-05-03,55,305,55.8356
41,1869-03-04,R000327,Thomas James Robertson,SC,2,Republican,Republican,1823-08-03,45,213,45.5836
41,1869-03-04,W000585,Henry Wilson,MA,2,Republican,Republican,1812-02-16,57,16,57.0438
41,1869-03-04,C000068,Simon Cameron,PA,3,Republican,Republican,1799-03-08,69,361,69.989
41,1869-03-04,F000094,Orris Sanford Ferry,CT,3,Republican,Republican,1823-08-15,45,201,45.5507
41,1869-03-04,H000856,Timothy Otis Howe,WI,3,Republican,Republican,1816-02-24,53,8,53.0219
41,1869-03-04,M000385,Thomas Clay McCreery,KY,2,Democratic,Democrat,1816-12-12,52,82,52.2247
41,1869-03-04,M001020,Oliver Hazard Perry Throck Morton,IN,3,Republican,Republican,1823-08-04,45,212,45.5808
41,1869-03-04,S000723,George Eliphaz Spencer,AL,3,Republican,Republican,1836-11-01,32,123,32.337
41,1869-03-04,H000121,Hannibal Hamlin,ME,1,Republican,Republican,1809-08-27,59,189,59.5178
41,1869-03-04,T000251,Allen Granberry Thurman,OH,1,Democratic,Democrat,1813-11-13,55,111,55.3041
41,1869-03-04,C000171,Matthew Hale Carpenter,WI,1,Republican,Republican,1824-12-22,44,72,44.1973
41,1869-03-04,C000299,Zachariah Chandler,MI,1,Republican,Republican,1813-12-10,55,84,55.2301
41,1869-03-04,C000681,Roscoe Conkling,NY,3,Republican,Republican,1829-10-30,39,125,39.3425
41,1869-03-04,B000253,Thomas Francis Bayard,DE,1,Democratic,Democrat,1828-10-29,40,126,40.3452
41,1869-03-04,A000262,Henry Bowen Anthony,RI,2,Republican,Republican,1815-04-01,53,337,53.9233
41,1869-03-04,K000069,William Pitt Kellogg,LA,3,Republican,Republican,1830-12-08,38,86,38.2356
41,1869-03-04,E000056,George Franklin Edmunds,VT,1,Republican,Republican,1828-02-01,41,31,41.0849
41,1869-03-04,S000346,John Sherman,OH,3,Republican,Republican,1823-05-10,45,298,45.8164
41,1869-03-04,M000969,Justin Smith Morrill,VT,3,Republican,Republican,1810-04-14,58,324,58.8877
41,1869-03-04,S000922,William Morris Stewart,NV,1,Republican,Republican,1827-08-09,41,207,41.5671
42,1871-03-04,C000607,Cornelius Cole,CA,3,Republican,Republican,1822-09-17,48,168,48.4603
42,1871-03-04,C000771,Henry Winslow Corbett,OR,3,Republican,Republican,1827-02-18,44,14,44.0384
42,1871-03-04,D000099,Garrett Davis,KY,3,Democratic,Democrat,1801-09-10,69,175,69.4795
42,1871-03-04,H000211,James Harlan,IA,3,Republican,Republican,1820-08-26,50,190,50.5205
42,1871-03-04,N000177,James Warren Nye,NV,3,Republican,Republican,1815-06-10,55,267,55.7315
42,1871-03-04,P000120,James Willis Patterson,NH,3,Republican,Republican,1823-07-02,47,245,47.6712
42,1871-03-04,P000423,Samuel Clarke Pomeroy,KS,3,Republican,Republican,1816-01-03,55,60,55.1644
42,1871-03-04,T000392,Lyman Trumbull,IL,3,Republican,Republican,1813-10-12,57,143,57.3918
42,1871-03-04,O000109,Thomas Ward Osborn,FL,3,Republican,Republican,1833-03-09,37,360,37.9863
42,1871-03-04,P000427,John Pool,NC,3,Republican,Republican,1826-06-16,44,261,44.7151
42,1871-03-04,R000195,Benjamin Franklin Rice,AR,3,Republican,Republican,1828-05-26,42,282,42.7726
42,1871-03-04,S000086,Frederick Adolphus Sawyer,SC,3,Republican,Republican,1822-12-12,48,82,48.2247
42,1871-03-04,V000095,George Vickers,MD,3,Democratic,Democrat,1801-11-19,69,105,69.2877
42,1871-03-04,B000638,Arthur Inghram Boreman,WV,1,Republican,Republican,1823-07-24,47,223,47.611
42,1871-03-04,B000963,William Gannaway Brownlow,TN,1,Republican,Republican,1805-08-29,65,187,65.5123
42,1871-03-04,B001021,William Alfred Buckingham,CT,1,Republican,Republican,1804-05-28,66,280,66.7671
42,1871-03-04,C000236,Eugene Casserly,CA,1,Democratic,Democrat,1820-11-13,50,111,50.3041
42,1871-03-04,F000077,Reuben Eaton Fenton,NY,1,Other,Liberal Republican,1819-07-04,51,243,51.6658
42,1871-03-04,G000171,Abijah Gilbert,FL,1,Republican,Republican,1806-06-18,64,259,64.7096
42,1871-03-04,H000118,William Thomas Hamilton,MD,1,Democratic,Democrat,1820-09-08,50,177,50.4849
42,1871-03-04,P000497,Daniel Darwin Pratt,IN,1,Republican,Republican,1813-10-26,57,129,57.3534
42,1871-03-04,R000026,Alexander Ramsey,MN,1,Republican,Republican,1815-09-08,55,177,55.4849
42,1871-03-04,S000151,Carl Schurz,MO,1,Other,Liberal Republican,1829-03-02,42,2,42.0055
42,1871-03-04,S000177,John Scott,PA,1,Republican,Republican,1824-07-24,46,223,46.611
42,1871-03-04,S000747,William Sprague,RI,1,Other,Liberal Republican,1830-09-12,40,173,40.474
42,1871-03-04,S000939,John Potter Stockton,NJ,1,Democratic,Democrat,1826-08-02,44,214,44.5863
42,1871-03-04,S001068,Charles Sumner,MA,1,Other,Liberal Republican,1811-01-06,60,57,60.1562
42,1871-03-04,T000286,Thomas Weston Tipton,NE,1,Other,Liberal Republican,1817-08-05,53,211,53.5781
42,1871-03-04,A000172,Adelbert Ames,MS,1,Republican,Republican,1835-10-31,35,124,35.3397
42,1871-03-04,F000186,James Winright Flanagan,TX,1,Republican,Republican,1805-09-05,65,180,65.4932
42,1871-03-04,H000115,Morgan Calvin Hamilton,TX,2,Republican,Republican,1809-02-25,62,7,62.0192
42,1871-03-04,J000103,Daniel Tarbox Jewett,MO,3,Republican,Republican,1807-09-14,63,171,63.4685
42,1871-03-04,L000285,John Francis Lewis,VA,1,Republican,Republican,1818-03-01,53,3,53.0082
42,1871-03-04,A000079,James Lusk Alcorn,MS,2,Republican,Republican,1816-11-04,54,120,54.3288
42,1871-03-04,B000523,Francis Preston Blair,MO,3,Democratic,Democrat,1821-02-19,50,13,50.0356
42,1871-03-04,C000027,Alexander Caldwell,KS,2,Republican,Republican,1830-03-01,41,3,41.0082
42,1871-03-04,C000498,Powell Clayton,AR,2,Republican,Republican,1833-08-07,37,209,37.5726
42,1871-03-04,C000751,Henry Cooper,TN,2,Democratic,Democrat,1827-08-22,43,194,43.5315
42,1871-03-04,C000852,Aaron Harrison Cragin,NH,2,Republican,Republican,1821-02-03,50,29,50.0795
42,1871-03-04,F000369,Frederick Theodore Frelinghuysen,NJ,2,Republican,Republican,1817-08-04,53,212,53.5808
42,1871-03-04,G000266,George Goldthwaite,AL,2,Democratic,Democrat,1809-12-10,61,84,61.2301
42,1871-03-04,H000599,Joshua Hill,GA,3,Republican,Republican,1812-01-10,59,53,59.1452
42,1871-03-04,H000648,Phineas Warren Hitchcock,NE,2,Republican,Republican,1831-11-30,39,94,39.2575
42,1871-03-04,K000074,James Kerr Kelly,OR,2,Democratic,Democrat,1819-02-16,52,16,52.0438
42,1871-03-04,M000728,Homer Virgil Milton Miller,GA,2,Democratic,Democrat,1814-04-29,56,309,56.8466
42,1871-03-04,M000970,Lot Myrick Morrill,ME,2,Republican,Republican,1813-05-03,57,305,57.8356
42,1871-03-04,R000327,Thomas James Robertson,SC,2,Republican,Republican,1823-08-03,47,213,47.5836
42,1871-03-04,S000824,Ozora Pierson Stearns,MN,2,Republican,Republican,1831-01-15,40,48,40.1315
42,1871-03-04,S000894,John White Stevenson,KY,2,Democratic,Democrat,1812-05-04,58,304,58.8329
42,1871-03-04,W000303,Joseph Rodman West,LA,2,Republican,Republican,1822-09-19,48,166,48.4548
42,1871-03-04,W000585,Henry Wilson,MA,2,Republican,Republican,1812-02-16,59,16,59.0438
42,1871-03-04,W000759,George Grover Wright,IA,2,Republican,Republican,1820-03-24,50,345,50.9452
42,1871-03-04,C000068,Simon Cameron,PA,3,Republican,Republican,1799-03-08,71,361,71.989
42,1871-03-04,F000094,Orris Sanford Ferry,CT,3,Republican,Republican,1823-08-15,47,201,47.5507
42,1871-03-04,H000856,Timothy Otis Howe,WI,3,Republican,Republican,1816-02-24,55,8,55.0219
42,1871-03-04,M001020,Oliver Hazard Perry Throck Morton,IN,3,Republican,Republican,1823-08-04,47,212,47.5808
42,1871-03-04,S000723,George Eliphaz Spencer,AL,3,Republican,Republican,1836-11-01,34,123,34.337
42,1871-03-04,H000121,Hannibal Hamlin,ME,1,Republican,Republican,1809-08-27,61,189,61.5178
42,1871-03-04,T000251,Allen Granberry Thurman,OH,1,Democratic,Democrat,1813-11-13,57,111,57.3041
42,1871-03-04,D000103,Henry Gassaway Davis,WV,2,Democratic,Democrat,1823-11-16,47,108,47.2959
42,1871-03-04,F000095,Thomas White Ferry,MI,2,Republican,Republican,1827-06-10,43,267,43.7315
42,1871-03-04,C000171,Matthew Hale Carpenter,WI,1,Republican,Republican,1824-12-22,46,72,46.1973
42,1871-03-04,C000299,Zachariah Chandler,MI,1,Republican,Republican,1813-12-10,57,84,57.2301
42,1871-03-04,C000681,Roscoe Conkling,NY,3,Republican,Republican,1829-10-30,41,125,41.3425
42,1871-03-04,W000629,William Windom,MN,2,Republican,Republican,1827-05-10,43,298,43.8164
42,1871-03-04,B000253,Thomas Francis Bayard,DE,1,Democratic,Democrat,1828-10-29,42,126,42.3452
42,1871-03-04,A000262,Henry Bowen Anthony,RI,2,Republican,Republican,1815-04-01,55,337,55.9233
42,1871-03-04,K000069,William Pitt Kellogg,LA,3,Republican,Republican,1830-12-08,40,86,40.2356
42,1871-03-04,S000072,Eli Saulsbury,DE,2,Democratic,Democrat,1817-12-29,53,65,53.1781
42,1871-03-04,L000403,John Alexander Logan,IL,2,Republican,Republican,1826-02-09,45,23,45.063
42,1871-03-04,E000056,George Franklin Edmunds,VT,1,Republican,Republican,1828-02-01,43,31,43.0849
42,1871-03-04,N000160,Thomas Manson Norwood,GA,2,Democratic,Democrat,1830-04-26,40,312,40.8548
42,1871-03-04,S000346,John Sherman,OH,3,Republican,Republican,1823-05-10,47,298,47.8164
42,1871-03-04,M000969,Justin Smith Morrill,VT,3,Republican,Republican,1810-04-14,60,324,60.8877
42,1871-03-04,S000922,William Morris Stewart,NV,1,Republican,Republican,1827-08-09,43,207,43.5671
43,1873-12-01,B000638,Arthur Inghram Boreman,WV,1,Republican,Republican,1823-07-24,50,130,50.3562
43,1873-12-01,B000963,William Gannaway Brownlow,TN,1,Republican,Republican,1805-08-29,68,94,68.2575
43,1873-12-01,B001021,William Alfred Buckingham,CT,1,Republican,Republican,1804-05-28,69,187,69.5123
43,1873-12-01,F000077,Reuben Eaton Fenton,NY,1,Other,Liberal Republican,1819-07-04,54,150,54.411
43,1873-12-01,G000171,Abijah Gilbert,FL,1,Republican,Republican,1806-06-18,67,166,67.4548
43,1873-12-01,H000118,William Thomas Hamilton,MD,1,Democratic,Democrat,1820-09-08,53,84,53.2301
43,1873-12-01,P000497,Daniel Darwin Pratt,IN,1,Republican,Republican,1813-10-26,60,36,60.0986
43,1873-12-01,R000026,Alexander Ramsey,MN,1,Republican,Republican,1815-09-08,58,84,58.2301
43,1873-12-01,S000151,Carl Schurz,MO,1,Other,Liberal Republican,1829-03-02,44,274,44.7507
43,1873-12-01,S000177,John Scott,PA,1,Republican,Republican,1824-07-24,49,130,49.3562
43,1873-12-01,S000747,William Sprague,RI,1,Other,Liberal Republican,1830-09-12,43,80,43.2192
43,1873-12-01,S000939,John Potter Stockton,NJ,1,Democratic,Democrat,1826-08-02,47,121,47.3315
43,1873-12-01,S001068,Charles Sumner,MA,1,Other,Liberal Republican,1811-01-06,62,329,62.9014
43,1873-12-01,T000286,Thomas Weston Tipton,NE,1,Other,Liberal Republican,1817-08-05,56,118,56.3233
43,1873-12-01,A000172,Adelbert Ames,MS,1,Republican,Republican,1835-10-31,38,31,38.0849
43,1873-12-01,F000186,James Winright Flanagan,TX,1,Republican,Republican,1805-09-05,68,87,68.2384
43,1873-12-01,H000115,Morgan Calvin Hamilton,TX,2,Republican,Republican,1809-02-25,64,279,64.7644
43,1873-12-01,L000285,John Francis Lewis,VA,1,Republican,Republican,1818-03-01,55,275,55.7534
43,1873-12-01,A000079,James Lusk Alcorn,MS,2,Republican,Republican,1816-11-04,57,27,57.074
43,1873-12-01,C000027,Alexander Caldwell,KS,2,Republican,Republican,1830-03-01,43,275,43.7534
43,1873-12-01,C000498,Powell Clayton,AR,2,Republican,Republican,1833-08-07,40,116,40.3178
43,1873-12-01,C000751,Henry Cooper,TN,2,Democratic,Democrat,1827-08-22,46,101,46.2767
43,1873-12-01,C000852,Aaron Harrison Cragin,NH,2,Republican,Republican,1821-02-03,52,301,52.8247
43,1873-12-01,F000369,Frederick Theodore Frelinghuysen,NJ,2,Republican,Republican,1817-08-04,56,119,56.326
43,1873-12-01,G000266,George Goldthwaite,AL,2,Democratic,Democrat,1809-12-10,63,356,63.9753
43,1873-12-01,H000648,Phineas Warren Hitchcock,NE,2,Republican,Republican,1831-11-30,42,1,42.0027
43,1873-12-01,K000074,James Kerr Kelly,OR,2,Democratic,Democrat,1819-02-16,54,288,54.789
43,1873-12-01,M000970,Lot Myrick Morrill,ME,2,Republican,Republican,1813-05-03,60,212,60.5808
43,1873-12-01,R000327,Thomas James Robertson,SC,2,Republican,Republican,1823-08-03,50,120,50.3288
43,1873-12-01,S000894,John White Stevenson,KY,2,Democratic,Democrat,1812-05-04,61,211,61.5781
43,1873-12-01,W000303,Joseph Rodman West,LA,2,Republican,Republican,1822-09-19,51,73,51.2
43,1873-12-01,W000585,Henry Wilson,MA,2,Republican,Republican,1812-02-16,61,288,61.789
43,1873-12-01,W000759,George Grover Wright,IA,2,Republican,Republican,1820-03-24,53,252,53.6904
43,1873-12-01,B000595,Lewis Vital Bogy,MO,3,Democratic,Democrat,1813-04-09,60,236,60.6466
43,1873-12-01,B000674,George Sewel Boutwell,MA,2,Republican,Republican,1818-01-28,55,307,55.8411
43,1873-12-01,C000068,Simon Cameron,PA,3,Republican,Republican,1799-03-08,74,268,74.7342
43,1873-12-01,C000701,Simon Barclay Conover,FL,3,Republican,Republican,1840-09-23,33,69,33.189
43,1873-12-01,C000952,Robert Crozier,KS,2,Republican,Republican,1827-10-13,46,49,46.1342
43,1873-12-01,D000242,George Robertson Dennis,MD,3,Democratic,Democrat,1822-04-08,51,237,51.6493
43,1873-12-01,D000441,Stephen Wallace Dorsey,AR,3,Republican,Republican,1842-02-28,31,276,31.7562
43,1873-12-01,F000094,Orris Sanford Ferry,CT,3,Republican,Republican,1823-08-15,50,108,50.2959
43,1873-12-01,H000856,Timothy Otis Howe,WI,3,Republican,Republican,1816-02-24,57,280,57.7671
43,1873-12-01,M000385,Thomas Clay McCreery,KY,3,Democratic,Democrat,1816-12-12,56,354,56.9699
43,1873-12-01,M000659,Augustus Summerfield Merrimon,NC,3,Democratic,Democrat,1830-09-15,43,77,43.211
43,1873-12-01,M001020,Oliver Hazard Perry Throck Morton,IN,3,Republican,Republican,1823-08-04,50,119,50.326
43,1873-12-01,O000048,Richard James Oglesby,IL,3,Republican,Republican,1824-07-25,49,129,49.3534
43,1873-12-01,P000123,John James Patterson,SC,3,Republican,Republican,1830-08-08,43,115,43.3151
43,1873-12-01,S000065,Aaron Augustus Sargent,CA,3,Republican,Republican,1827-09-28,46,64,46.1753
43,1873-12-01,S000723,George Eliphaz Spencer,AL,3,Republican,Republican,1836-11-01,37,30,37.0822
43,1873-12-01,W000009,Bainbridge Wadleigh,NH,3,Republican,Republican,1831-01-04,42,331,42.9068
43,1873-12-01,H000121,Hannibal Hamlin,ME,1,Republican,Republican,1809-08-27,64,96,64.263
43,1873-12-01,T000251,Allen Granberry Thurman,OH,1,Democratic,Democrat,1813-11-13,60,18,60.0493
43,1873-12-01,D000103,Henry Gassaway Davis,WV,2,Democratic,Democrat,1823-11-16,50,15,50.0411
43,1873-12-01,F000095,Thomas White Ferry,MI,2,Republican,Republican,1827-06-10,46,174,46.4767
43,1873-12-01,J000191,John Warfield Johnston,VA,2,Democratic,Democrat,1818-09-09,55,83,55.2274
43,1873-12-01,C000171,Matthew Hale Carpenter,WI,1,Republican,Republican,1824-12-22,48,344,48.9425
43,1873-12-01,C000299,Zachariah Chandler,MI,1,Republican,Republican,1813-12-10,59,356,59.9753
43,1873-12-01,C000681,Roscoe Conkling,NY,3,Republican,Republican,1829-10-30,44,32,44.0877
43,1873-12-01,W000629,William Windom,MN,2,Republican,Republican,1827-05-10,46,205,46.5616
43,1873-12-01,B000253,Thomas Francis Bayard,DE,1,Democratic,Democrat,1828-10-29,45,33,45.0904
43,1873-12-01,A000262,Henry Bowen Anthony,RI,2,Republican,Republican,1815-04-01,58,244,58.6685
43,1873-12-01,S000072,Eli Saulsbury,DE,2,Democratic,Democrat,1817-12-29,55,337,55.9233
43,1873-12-01,I000012,John James Ingalls,KS,3,Republican,Republican,1833-12-29,39,337,39.9233
43,1873-12-01,L000403,John Alexander Logan,IL,2,Republican,Republican,1826-02-09,47,295,47.8082
43,1873-12-01,E000056,George Franklin Edmunds,VT,1,Republican,Republican,1828-02-01,45,303,45.8301
43,1873-12-01,N000160,Thomas Manson Norwood,GA,2,Democratic,Democrat,1830-04-26,43,219,43.6
43,1873-12-01,R000062,Matt Whitaker Ransom,NC,2,Democratic,Democrat,1826-10-08,47,54,47.1479
43,1873-12-01,G000313,John Brown Gordon,GA,3,Democratic,Democrat,1832-02-06,41,298,41.8164
43,1873-12-01,S000346,John Sherman,OH,3,Republican,Republican,1823-05-10,50,205,50.5616
43,1873-12-01,J000237,John Percival Jones,NV,3,Republican,Republican,1829-01-27,44,308,44.8438
43,1873-12-01,M000969,Justin Smith Morrill,VT,3,Republican,Republican,1810-04-14,63,231,63.6329
43,1873-12-01,S000922,William Morris Stewart,NV,1,Republican,Republican,1827-08-09,46,114,46.3123
43,1873-12-01,M000818,John Hipple Mitchell,OR,3,Republican,Republican,1835-06-22,38,162,38.4438
43,1873-12-01,A000160,William Boyd Allison,IA,3,Republican,Republican,1829-03-02,44,274,44.7507
44,1875-12-06,H000115,Morgan Calvin Hamilton,TX,2,Republican,Republican,1809-02-25,66,284,66.7781
44,1875-12-06,A000079,James Lusk Alcorn,MS,2,Republican,Republican,1816-11-04,59,32,59.0874
44,1875-12-06,C000498,Powell Clayton,AR,2,Republican,Republican,1833-08-07,42,121,42.3306
44,1875-12-06,C000751,Henry Cooper,TN,2,Democratic,Democrat,1827-08-22,48,106,48.2896
44,1875-12-06,C000852,Aaron Harrison Cragin,NH,2,Republican,Republican,1821-02-03,54,306,54.8384
44,1875-12-06,F000369,Frederick Theodore Frelinghuysen,NJ,2,Republican,Republican,1817-08-04,58,124,58.3388
44,1875-12-06,G000266,George Goldthwaite,AL,2,Democratic,Democrat,1809-12-10,65,361,65.989
44,1875-12-06,H000648,Phineas Warren Hitchcock,NE,2,Republican,Republican,1831-11-30,44,6,44.0164
44,1875-12-06,K000074,James Kerr Kelly,OR,2,Democratic,Democrat,1819-02-16,56,293,56.8027
44,1875-12-06,M000970,Lot Myrick Morrill,ME,2,Republican,Republican,1813-05-03,62,217,62.5929
44,1875-12-06,R000327,Thomas James Robertson,SC,2,Republican,Republican,1823-08-03,52,125,52.3415
44,1875-12-06,S000894,John White Stevenson,KY,2,Democratic,Democrat,1812-05-04,63,216,63.5902
44,1875-12-06,W000303,Joseph Rodman West,LA,2,Republican,Republican,1822-09-19,53,78,53.2131
44,1875-12-06,W000759,George Grover Wright,IA,2,Republican,Republican,1820-03-24,55,257,55.7022
44,1875-12-06,B000595,Lewis Vital Bogy,MO,3,Democratic,Democrat,1813-04-09,62,241,62.6585
44,1875-12-06,B000674,George Sewel Boutwell,MA,2,Republican,Republican,1818-01-28,57,312,57.8548
44,1875-12-06,C000068,Simon Cameron,PA,3,Republican,Republican,1799-03-08,76,273,76.7459
44,1875-12-06,C000701,Simon Barclay Conover,FL,3,Republican,Republican,1840-09-23,35,74,35.2022
44,1875-12-06,D000242,George Robertson Dennis,MD,3,Democratic,Democrat,1822-04-08,53,242,53.6612
44,1875-12-06,D000441,Stephen Wallace Dorsey,AR,3,Republican,Republican,1842-02-28,33,281,33.7699
44,1875-12-06,F000094,Orris Sanford Ferry,CT,3,Republican,Republican,1823-08-15,52,113,52.3087
44,1875-12-06,H000856,Timothy Otis Howe,WI,3,Republican,Republican,1816-02-24,59,285,59.7808
44,1875-12-06,M000385,Thomas Clay McCreery,KY,3,Democratic,Democrat,1816-12-12,58,359,58.9836
44,1875-12-06,M000659,Augustus Summerfield Merrimon,NC,3,Democratic,Democrat,1830-09-15,45,82,45.224
44,1875-12-06,M001020,Oliver Hazard Perry Throck Morton,IN,3,Republican,Republican,1823-08-04,52,124,52.3388
44,1875-12-06,O000048,Richard James Oglesby,IL,3,Republican,Republican,1824-07-25,51,134,51.3661
44,1875-12-06,P000123,John James Patterson,SC,3,Republican,Republican,1830-08-08,45,120,45.3279
44,1875-12-06,S000065,Aaron Augustus Sargent,CA,3,Republican,Republican,1827-09-28,48,69,48.1885
44,1875-12-06,S000723,George Eliphaz Spencer,AL,3,Republican,Republican,1836-11-01,39,35,39.0956
44,1875-12-06,W000009,Bainbridge Wadleigh,NH,3,Republican,Republican,1831-01-04,44,336,44.9205
44,1875-12-06,H000307,James Madison Harvey,KS,2,Republican,Republican,1833-09-21,42,76,42.2077
44,1875-12-06,B000630,Newton Booth,CA,1,Republican,Republican,1825-12-30,49,341,49.9342
44,1875-12-06,B000968,Blanche Kelso Bruce,MS,1,Republican,Republican,1841-03-01,34,280,34.765
44,1875-12-06,B001130,Ambrose Everett Burnside,RI,1,Republican,Republican,1824-05-23,51,197,51.5383
44,1875-12-06,C000130,Allen Taylor Caperton,WV,1,Democratic,Democrat,1810-11-21,65,15,65.041
44,1875-12-06,C000379,Isaac Peckham Christiancy,MI,1,Republican,Republican,1812-03-12,63,269,63.735
44,1875-12-06,E000185,James Edward English,CT,3,Democratic,Democrat,1812-03-13,63,268,63.7322
44,1875-12-06,H000121,Hannibal Hamlin,ME,1,Republican,Republican,1809-08-27,66,101,66.276
44,1875-12-06,J000116,Andrew Johnson,TN,1,Democratic,Democrat,1808-12-29,66,342,66.937
44,1875-12-06,K000133,Francis Kernan,NY,1,Democratic,Democrat,1816-01-14,59,326,59.8932
44,1875-12-06,K000156,David McKendree Key,TN,1,Democratic,Democrat,1824-01-27,51,313,51.8575
44,1875-12-06,M000412,Joseph Ewing McDonald,IN,1,Democratic,Democrat,1819-08-29,56,99,56.2705
44,1875-12-06,R000050,Theodore Fitz Randolph,NJ,1,Democratic,Democrat,1826-06-24,49,165,49.4508
44,1875-12-06,S000292,William Sharon,NV,1,Republican,Republican,1821-01-09,54,331,54.9068
44,1875-12-06,T000251,Allen Granberry Thurman,OH,1,Democratic,Democrat,1813-11-13,62,23,62.0628
44,1875-12-06,W000084,William Andrew Wallace,PA,1,Democratic,Democrat,1827-11-28,48,8,48.0219
44,1875-12-06,W000659,Robert Enoch Withers,VA,1,Democratic,Democrat,1821-09-18,54,79,54.2158
44,1875-12-06,D000103,Henry Gassaway Davis,WV,2,Democratic,Democrat,1823-11-16,52,20,52.0546
44,1875-12-06,F000095,Thomas White Ferry,MI,2,Republican,Republican,1827-06-10,48,179,48.4891
44,1875-12-06,J000191,John Warfield Johnston,VA,2,Democratic,Democrat,1818-09-09,57,88,57.2404
44,1875-12-06,C000681,Roscoe Conkling,NY,3,Republican,Republican,1829-10-30,46,37,46.1011
44,1875-12-06,W000629,William Windom,MN,2,Republican,Republican,1827-05-10,48,210,48.5738
44,1875-12-06,B000253,Thomas Francis Bayard,DE,1,Democratic,Democrat,1828-10-29,47,38,47.1038
44,1875-12-06,C000064,Angus Cameron,WI,1,Republican,Republican,1826-07-04,49,155,49.4235
44,1875-12-06,J000214,Charles William Jones,FL,1,Democratic,Democrat,1834-12-24,40,347,40.9507
44,1875-12-06,M000265,Samuel Bell Maxey,TX,1,Democratic,Democrat,1825-03-30,50,251,50.6858
44,1875-12-06,M000570,Samuel James Renwick McMillan,MN,1,Republican,Republican,1826-02-22,49,287,49.7863
44,1875-12-06,A000262,Henry Bowen Anthony,RI,2,Republican,Republican,1815-04-01,60,249,60.6803
44,1875-12-06,E000028,William Wallace Eaton,CT,1,Democratic,Democrat,1816-10-11,59,56,59.153
44,1875-12-06,S000072,Eli Saulsbury,DE,2,Democratic,Democrat,1817-12-29,57,342,57.937
44,1875-12-06,I000012,John James Ingalls,KS,3,Republican,Republican,1833-12-29,41,342,41.937
44,1875-12-06,L000403,John Alexander Logan,IL,2,Republican,Republican,1826-02-09,49,300,49.8219
44,1875-12-06,D000148,Henry Laurens Dawes,MA,1,Republican,Republican,1816-10-30,59,37,59.1011
44,1875-12-06,E000056,George Franklin Edmunds,VT,1,Republican,Republican,1828-02-01,47,308,47.8438
44,1875-12-06,N000160,Thomas Manson Norwood,GA,2,Democratic,Democrat,1830-04-26,45,224,45.612
44,1875-12-06,P000010,Algernon Sidney Paddock,NE,1,Republican,Republican,1830-11-09,45,27,45.0738
44,1875-12-06,R000062,Matt Whitaker Ransom,NC,2,Democratic,Democrat,1826-10-08,49,59,49.1612
44,1875-12-06,G000313,John Brown Gordon,GA,3,Democratic,Democrat,1832-02-06,43,303,43.8301
44,1875-12-06,S000346,John Sherman,OH,3,Republican,Republican,1823-05-10,52,210,52.5738
44,1875-12-06,J000237,John Percival Jones,NV,3,Republican,Republican,1829-01-27,46,313,46.8575
44,1875-12-06,M000969,Justin Smith Morrill,VT,3,Republican,Republican,1810-04-14,65,236,65.6448
44,1875-12-06,C000576,Francis Marion Cockrell,MO,1,Democratic,Democrat,1834-10-01,41,66,41.1803
44,1875-12-06,M000818,John Hipple Mitchell,OR,3,Republican,Republican,1835-06-22,40,167,40.4563
44,1875-12-06,A000160,William Boyd Allison,IA,3,Republican,Republican,1829-03-02,46,279,46.7623
44,1875-12-06,W000435,William Pinkney Whyte,MD,1,Democratic,Democrat,1824-08-09,51,119,51.3251
45,1877-10-15,B000595,Lewis Vital Bogy,MO,3,Democratic,Democrat,1813-04-09,64,189,64.5178
45,1877-10-15,C000068,Simon Cameron,PA,3,Republican,Republican,1799-03-08,78,221,78.6055
45,1877-10-15,C000701,Simon Barclay Conover,FL,3,Republican,Republican,1840-09-23,37,22,37.0603
45,1877-10-15,D000242,George Robertson Dennis,MD,3,Democratic,Democrat,1822-04-08,55,190,55.5205
45,1877-10-15,D000441,Stephen Wallace Dorsey,AR,3,Republican,Republican,1842-02-28,35,229,35.6274
45,1877-10-15,H000856,Timothy Otis Howe,WI,3,Republican,Republican,1816-02-24,61,233,61.6384
45,1877-10-15,M000385,Thomas Clay McCreery,KY,3,Democratic,Democrat,1816-12-12,60,307,60.8411
45,1877-10-15,M000659,Augustus Summerfield Merrimon,NC,3,Democratic,Democrat,1830-09-15,47,30,47.0822
45,1877-10-15,M001020,Oliver Hazard Perry Throck Morton,IN,3,Republican,Republican,1823-08-04,54,72,54.1973
45,1877-10-15,O000048,Richard James Oglesby,IL,3,Republican,Republican,1824-07-25,53,82,53.2247
45,1877-10-15,P000123,John James Patterson,SC,3,Republican,Republican,1830-08-08,47,68,47.1863
45,1877-10-15,S000065,Aaron Augustus Sargent,CA,3,Republican,Republican,1827-09-28,50,17,50.0466
45,1877-10-15,S000723,George Eliphaz Spencer,AL,3,Republican,Republican,1836-11-01,40,348,40.9534
45,1877-10-15,W000009,Bainbridge Wadleigh,NH,3,Republican,Republican,1831-01-04,46,284,46.7781
45,1877-10-15,B000630,Newton Booth,CA,1,Republican,Republican,1825-12-30,51,289,51.7918
45,1877-10-15,B000968,Blanche Kelso Bruce,MS,1,Republican,Republican,1841-03-01,36,228,36.6247
45,1877-10-15,B001130,Ambrose Everett Burnside,RI,1,Republican,Republican,1824-05-23,53,145,53.3973
45,1877-10-15,C000379,Isaac Peckham Christiancy,MI,1,Republican,Republican,1812-03-12,65,217,65.5945
45,1877-10-15,H000121,Hannibal Hamlin,ME,1,Republican,Republican,1809-08-27,68,49,68.1342
45,1877-10-15,K000133,Francis Kernan,NY,1,Democratic,Democrat,1816-01-14,61,274,61.7507
45,1877-10-15,K000156,David McKendree Key,TN,1,Democratic,Democrat,1824-01-27,53,261,53.7151
45,1877-10-15,M000412,Joseph Ewing McDonald,IN,1,Democratic,Democrat,1819-08-29,58,47,58.1288
45,1877-10-15,R000050,Theodore Fitz Randolph,NJ,1,Democratic,Democrat,1826-06-24,51,113,51.3096
45,1877-10-15,S000292,William Sharon,NV,1,Republican,Republican,1821-01-09,56,279,56.7644
45,1877-10-15,T000251,Allen Granberry Thurman,OH,1,Democratic,Democrat,1813-11-13,63,336,63.9205
45,1877-10-15,W000084,William Andrew Wallace,PA,1,Democratic,Democrat,1827-11-28,49,321,49.8795
45,1877-10-15,W000659,Robert Enoch Withers,VA,1,Democratic,Democrat,1821-09-18,56,27,56.074
45,1877-10-15,B000166,William Henry Barnum,CT,3,Democratic,Democrat,1818-09-17,59,28,59.0767
45,1877-10-15,B000519,James Gillespie Blaine,ME,2,Republican,Republican,1830-01-31,47,257,47.7041
45,1877-10-15,C000271,Jerome Bunty Chaffee,CO,3,Republican,Republican,1825-04-17,52,181,52.4959
45,1877-10-15,P000530,Samuel Price,WV,1,Democratic,Democrat,1805-07-28,72,79,72.2164
45,1877-10-15,A000279,David Hartley Armstrong,MO,3,Democratic,Democrat,1812-10-21,64,359,64.9836
45,1877-10-15,B000039,James Edmund Bailey,TN,1,Democratic,Democrat,1822-08-15,55,61,55.1671
45,1877-10-15,D000097,David Davis,IL,2,Other,Independent,1815-03-09,62,220,62.6027
45,1877-10-15,D000103,Henry Gassaway Davis,WV,2,Democratic,Democrat,1823-11-16,53,333,53.9123
45,1877-10-15,F000095,Thomas White Ferry,MI,2,Republican,Republican,1827-06-10,50,127,50.3479
45,1877-10-15,G000505,La Fayette Grover,OR,2,Democratic,Democrat,1823-11-29,53,320,53.8767
45,1877-10-15,H000527,Frank Hereford,WV,1,Democratic,Democrat,1825-07-04,52,103,52.2822
45,1877-10-15,H000587,Benjamin Harvey Hill,GA,2,Democratic,Democrat,1823-09-14,54,31,54.0849
45,1877-10-15,J000191,John Warfield Johnston,VA,2,Democratic,Democrat,1818-09-09,59,36,59.0986
45,1877-10-15,K000242,Samuel Jordan Kirkwood,IA,2,Republican,Republican,1813-12-20,63,299,63.8192
45,1877-10-15,M000255,Stanley Matthews,OH,3,Republican,Republican,1824-07-21,53,86,53.2356
45,1877-10-15,R000411,Edward Henry Rollins,NH,2,Republican,Republican,1824-10-03,53,12,53.0329
45,1877-10-15,S000076,Alvin Saunders,NE,2,Republican,Republican,1817-07-12,60,95,60.2603
45,1877-10-15,C000681,Roscoe Conkling,NY,3,Republican,Republican,1829-10-30,47,350,47.9589
45,1877-10-15,W000629,William Windom,MN,2,Republican,Republican,1827-05-10,50,158,50.4329
45,1877-10-15,B000253,Thomas Francis Bayard,DE,1,Democratic,Democrat,1828-10-29,48,351,48.9616
45,1877-10-15,C000064,Angus Cameron,WI,1,Republican,Republican,1826-07-04,51,103,51.2822
45,1877-10-15,J000214,Charles William Jones,FL,1,Democratic,Democrat,1834-12-24,42,295,42.8082
45,1877-10-15,M000265,Samuel Bell Maxey,TX,1,Democratic,Democrat,1825-03-30,52,199,52.5452
45,1877-10-15,M000570,Samuel James Renwick McMillan,MN,1,Republican,Republican,1826-02-22,51,235,51.6438
45,1877-10-15,A000262,Henry Bowen Anthony,RI,2,Republican,Republican,1815-04-01,62,197,62.5397
45,1877-10-15,E000028,William Wallace Eaton,CT,1,Democratic,Democrat,1816-10-11,61,4,61.011
45,1877-10-15,G000065,Augustus Hill Garland,AR,2,Democratic,Democrat,1832-06-11,45,126,45.3452
45,1877-10-15,K000069,William Pitt Kellogg,LA,2,Republican,Republican,1830-12-08,46,311,46.8521
45,1877-10-15,L000030,Lucius Quintus Cincinnatus Lamar,MS,2,Democratic,Democrat,1825-09-17,52,28,52.0767
45,1877-10-15,S000072,Eli Saulsbury,DE,2,Democratic,Democrat,1817-12-29,59,290,59.7945
45,1877-10-15,E000229,James Biddle Eustis,LA,3,Democratic,Democrat,1834-08-27,43,49,43.1342
45,1877-10-15,I000012,John James Ingalls,KS,3,Republican,Republican,1833-12-29,43,290,43.7945
45,1877-10-15,D000148,Henry Laurens Dawes,MA,1,Republican,Republican,1816-10-30,60,350,60.9589
45,1877-10-15,E000056,George Franklin Edmunds,VT,1,Republican,Republican,1828-02-01,49,256,49.7014
45,1877-10-15,P000010,Algernon Sidney Paddock,NE,1,Republican,Republican,1830-11-09,46,340,46.9315
45,1877-10-15,B000289,James Burnie Beck,KY,2,Democratic,Democrat,1822-02-13,55,244,55.6685
45,1877-10-15,B001184,Matthew Calbraith Butler,SC,2,Democratic,Democrat,1836-03-08,41,221,41.6055
45,1877-10-15,C000601,Richard Coke,TX,2,Democratic,Democrat,1829-03-13,48,216,48.5918
45,1877-10-15,M000593,John Rhoderic McPherson,NJ,2,Democratic,Democrat,1833-05-09,44,159,44.4356
45,1877-10-15,P000389,Preston B. Plumb,KS,2,Republican,Republican,1837-10-12,40,3,40.0082
45,1877-10-15,R000062,Matt Whitaker Ransom,NC,2,Democratic,Democrat,1826-10-08,51,7,51.0192
45,1877-10-15,C000065,James Donald Cameron,PA,3,Republican,Republican,1833-05-14,44,154,44.4219
45,1877-10-15,G000313,John Brown Gordon,GA,3,Democratic,Democrat,1832-02-06,45,251,45.6877
45,1877-10-15,V000116,Daniel Wolsey Voorhees,IN,3,Democratic,Democrat,1827-09-26,50,19,50.0521
45,1877-10-15,S000346,John Sherman,OH,3,Republican,Republican,1823-05-10,54,158,54.4329
45,1877-10-15,H000243,Isham Green Harris,TN,2,Democratic,Democrat,1818-02-10,59,247,59.6767
45,1877-10-15,J000237,John Percival Jones,NV,3,Republican,Republican,1829-01-27,48,261,48.7151
45,1877-10-15,M000969,Justin Smith Morrill,VT,3,Republican,Republican,1810-04-14,67,184,67.5041
45,1877-10-15,C000576,Francis Marion Cockrell,MO,1,Democratic,Democrat,1834-10-01,43,14,43.0384
45,1877-10-15,H000654,George Frisbie Hoar,MA,2,Republican,Republican,1826-08-29,51,47,51.1288
45,1877-10-15,M000818,John Hipple Mitchell,OR,3,Republican,Republican,1835-06-22,42,115,42.3151
45,1877-10-15,M000954,John Tyler Morgan,AL,2,Democratic,Democrat,1824-06-20,53,117,53.3205
45,1877-10-15,A000160,William Boyd Allison,IA,3,Republican,Republican,1829-03-02,48,227,48.6219
45,1877-10-15,W000435,William Pinkney Whyte,MD,1,Democratic,Democrat,1824-08-09,53,67,53.1836
46,1879-03-18,B000630,Newton Booth,CA,1,Republican,Republican,1825-12-30,53,78,53.2137
46,1879-03-18,B000968,Blanche Kelso Bruce,MS,1,Republican,Republican,1841-03-01,38,17,38.0464
46,1879-03-18,B001130,Ambrose Everett Burnside,RI,1,Republican,Republican,1824-05-23,54,299,54.8192
46,1879-03-18,C000379,Isaac Peckham Christiancy,MI,1,Republican,Republican,1812-03-12,67,6,67.0164
46,1879-03-18,H000121,Hannibal Hamlin,ME,1,Republican,Republican,1809-08-27,69,203,69.5562
46,1879-03-18,K000133,Francis Kernan,NY,1,Democratic,Democrat,1816-01-14,63,63,63.1726
46,1879-03-18,M000412,Joseph Ewing McDonald,IN,1,Democratic,Democrat,1819-08-29,59,201,59.5507
46,1879-03-18,R000050,Theodore Fitz Randolph,NJ,1,Democratic,Democrat,1826-06-24,52,267,52.7315
46,1879-03-18,S000292,William Sharon,NV,1,Republican,Republican,1821-01-09,58,68,58.1863
46,1879-03-18,T000251,Allen Granberry Thurman,OH,1,Democratic,Democrat,1813-11-13,65,125,65.3425
46,1879-03-18,W000084,William Andrew Wallace,PA,1,Democratic,Democrat,1827-11-28,51,110,51.3014
46,1879-03-18,W000659,Robert Enoch Withers,VA,1,Democratic,Democrat,1821-09-18,57,181,57.4959
46,1879-03-18,B000519,James Gillespie Blaine,ME,2,Republican,Republican,1830-01-31,49,46,49.126
46,1879-03-18,B000039,James Edmund Bailey,TN,1,Democratic,Democrat,1822-08-15,56,215,56.589
46,1879-03-18,D000097,David Davis,IL,2,Other,Independent,1815-03-09,64,9,64.0246
46,1879-03-18,D000103,Henry Gassaway Davis,WV,2,Democratic,Democrat,1823-11-16,55,122,55.3342
46,1879-03-18,F000095,Thomas White Ferry,MI,2,Republican,Republican,1827-06-10,51,281,51.7699
46,1879-03-18,G000505,La Fayette Grover,OR,2,Democratic,Democrat,1823-11-29,55,109,55.2986
46,1879-03-18,H000527,Frank Hereford,WV,1,Democratic,Democrat,1825-07-04,53,257,53.7041
46,1879-03-18,H000587,Benjamin Harvey Hill,GA,2,Democratic,Democrat,1823-09-14,55,185,55.5068
46,1879-03-18,J000191,John Warfield Johnston,VA,2,Democratic,Democrat,1818-09-09,60,190,60.5205
46,1879-03-18,K000242,Samuel Jordan Kirkwood,IA,2,Republican,Republican,1813-12-20,65,88,65.2411
46,1879-03-18,R000411,Edward Henry Rollins,NH,2,Republican,Republican,1824-10-03,54,166,54.4548
46,1879-03-18,S000076,Alvin Saunders,NE,2,Republican,Republican,1817-07-12,61,249,61.6822
46,1879-03-18,B000089,Henry Porter Baldwin,MI,1,Republican,Republican,1814-02-22,65,24,65.0658
46,1879-03-18,B000331,Charles Henry Bell,NH,3,Republican,Republican,1823-11-18,55,120,55.3288
46,1879-03-18,C000171,Matthew Hale Carpenter,WI,3,Republican,Republican,1824-12-22,54,86,54.2356
46,1879-03-18,C000299,Zachariah Chandler,MI,1,Republican,Republican,1813-12-10,65,98,65.2685
46,1879-03-18,C000681,Roscoe Conkling,NY,3,Republican,Republican,1829-10-30,49,139,49.3808
46,1879-03-18,F000020,James Thompson Farley,CA,3,Democratic,Democrat,1829-08-06,49,224,49.6137
46,1879-03-18,G000492,James Black Groome,MD,3,Democratic,Democrat,1838-04-04,40,348,40.9534
46,1879-03-18,H000603,Nathaniel Peter Hill,CO,3,Republican,Republican,1832-02-18,47,28,47.0767
46,1879-03-18,H000822,George Smith Houston,AL,3,Democratic,Democrat,1811-01-17,68,60,68.1644
46,1879-03-18,J000204,Benjamin Franklin Jonas,LA,3,Democratic,Democrat,1834-07-19,44,242,44.663
46,1879-03-18,P000203,George Hunt Pendleton,OH,3,Democratic,Democrat,1825-07-19,53,242,53.663
46,1879-03-18,S000476,James Harvey Slater,OR,3,Democratic,Democrat,1826-12-28,52,80,52.2192
46,1879-03-18,W000057,James David Walker,AR,3,Democratic,Democrat,1830-12-13,48,95,48.2603
46,1879-03-18,W000522,John Stuart Williams,KY,3,Democratic,Democrat,1818-07-10,60,251,60.6877
46,1879-03-18,W000629,William Windom,MN,2,Republican,Republican,1827-05-10,51,312,51.8548
46,1879-03-18,B000253,Thomas Francis Bayard,DE,1,Democratic,Democrat,1828-10-29,50,140,50.3836
46,1879-03-18,C000064,Angus Cameron,WI,1,Republican,Republican,1826-07-04,52,257,52.7041
46,1879-03-18,J000214,Charles William Jones,FL,1,Democratic,Democrat,1834-12-24,44,84,44.2301
46,1879-03-18,M000265,Samuel Bell Maxey,TX,1,Democratic,Democrat,1825-03-30,53,353,53.9671
46,1879-03-18,M000570,Samuel James Renwick McMillan,MN,1,Republican,Republican,1826-02-22,53,24,53.0658
46,1879-03-18,A000262,Henry Bowen Anthony,RI,2,Republican,Republican,1815-04-01,63,351,63.9616
46,1879-03-18,E000028,William Wallace Eaton,CT,1,Democratic,Democrat,1816-10-11,62,158,62.4329
46,1879-03-18,G000065,Augustus Hill Garland,AR,2,Democratic,Democrat,1832-06-11,46,280,46.7671
46,1879-03-18,K000069,William Pitt Kellogg,LA,2,Republican,Republican,1830-12-08,48,100,48.274
46,1879-03-18,L000030,Lucius Quintus Cincinnatus Lamar,MS,2,Democratic,Democrat,1825-09-17,53,182,53.4986
46,1879-03-18,S000072,Eli Saulsbury,DE,2,Democratic,Democrat,1817-12-29,61,79,61.2164
46,1879-03-18,H000141,Wade Hampton,SC,3,Democratic,Democrat,1818-03-28,60,355,60.9726
46,1879-03-18,I000012,John James Ingalls,KS,3,Republican,Republican,1833-12-29,45,79,45.2164
46,1879-03-18,L000403,John Alexander Logan,IL,3,Republican,Republican,1826-02-09,53,37,53.1014
46,1879-03-18,D000148,Henry Laurens Dawes,MA,1,Republican,Republican,1816-10-30,62,139,62.3808
46,1879-03-18,E000056,George Franklin Edmunds,VT,1,Republican,Republican,1828-02-01,51,45,51.1233
46,1879-03-18,P000010,Algernon Sidney Paddock,NE,1,Republican,Republican,1830-11-09,48,129,48.3534
46,1879-03-18,B000289,James Burnie Beck,KY,2,Democratic,Democrat,1822-02-13,57,33,57.0904
46,1879-03-18,B001184,Matthew Calbraith Butler,SC,2,Democratic,Democrat,1836-03-08,43,10,43.0273
46,1879-03-18,C000601,Richard Coke,TX,2,Democratic,Democrat,1829-03-13,50,5,50.0137
46,1879-03-18,M000593,John Rhoderic McPherson,NJ,2,Democratic,Democrat,1833-05-09,45,313,45.8575
46,1879-03-18,P000389,Preston B. Plumb,KS,2,Republican,Republican,1837-10-12,41,157,41.4301
46,1879-03-18,R000062,Matt Whitaker Ransom,NC,2,Democratic,Democrat,1826-10-08,52,161,52.4411
46,1879-03-18,C000051,Wilkinson Call,FL,3,Democratic,Democrat,1834-01-09,45,68,45.1863
46,1879-03-18,C000065,James Donald Cameron,PA,3,Republican,Republican,1833-05-14,45,308,45.8438
46,1879-03-18,G000313,John Brown Gordon,GA,3,Democratic,Democrat,1832-02-06,47,40,47.1096
46,1879-03-18,V000021,Zebulon Baird Vance,NC,3,Democratic,Democrat,1830-05-13,48,309,48.8466
46,1879-03-18,V000116,Daniel Wolsey Voorhees,IN,3,Democratic,Democrat,1827-09-26,51,173,51.474
46,1879-03-18,B000524,Henry William Blair,NH,3,Republican,Republican,1834-12-06,44,102,44.2795
46,1879-03-18,H000243,Isham Green Harris,TN,2,Democratic,Democrat,1818-02-10,61,36,61.0986
46,1879-03-18,J000237,John Percival Jones,NV,3,Republican,Republican,1829-01-27,50,50,50.137
46,1879-03-18,M000969,Justin Smith Morrill,VT,3,Republican,Republican,1810-04-14,68,338,68.926
46,1879-03-18,V000091,George Graham Vest,MO,3,Democratic,Democrat,1830-12-06,48,102,48.2795
46,1879-03-18,C000576,Francis Marion Cockrell,MO,1,Democratic,Democrat,1834-10-01,44,168,44.4603
46,1879-03-18,H000654,George Frisbie Hoar,MA,2,Republican,Republican,1826-08-29,52,201,52.5507
46,1879-03-18,M000954,John Tyler Morgan,AL,2,Democratic,Democrat,1824-06-20,54,271,54.7425
46,1879-03-18,A000160,William Boyd Allison,IA,3,Republican,Republican,1829-03-02,50,16,50.0437
46,1879-03-18,P000382,Orville Hitchcock Platt,CT,3,Republican,Republican,1827-07-19,51,242,51.663
46,1879-03-18,T000116,Henry Moore Teller,CO,2,Republican,Republican,1830-05-23,48,299,48.8192
46,1879-03-18,W000435,William Pinkney Whyte,MD,1,Democratic,Democrat,1824-08-09,54,221,54.6055
47,1881-12-05,D000097,David Davis,IL,2,Other,Independent,1815-03-09,66,271,66.7425
47,1881-12-05,D000103,Henry Gassaway Davis,WV,2,Democratic,Democrat,1823-11-16,58,19,58.0521
47,1881-12-05,F000095,Thomas White Ferry,MI,2,Republican,Republican,1827-06-10,54,178,54.4877
47,1881-12-05,G000505,La Fayette Grover,OR,2,Democratic,Democrat,1823-11-29,58,6,58.0164
47,1881-12-05,H000587,Benjamin Harvey Hill,GA,2,Democratic,Democrat,1823-09-14,58,82,58.2247
47,1881-12-05,J000191,John Warfield Johnston,VA,2,Democratic,Democrat,1818-09-09,63,87,63.2384
47,1881-12-05,K000242,Samuel Jordan Kirkwood,IA,2,Republican,Republican,1813-12-20,67,350,67.9589
47,1881-12-05,R000411,Edward Henry Rollins,NH,2,Republican,Republican,1824-10-03,57,63,57.1726
47,1881-12-05,S000076,Alvin Saunders,NE,2,Republican,Republican,1817-07-12,64,146,64.4
47,1881-12-05,C000171,Matthew Hale Carpenter,WI,3,Republican,Republican,1824-12-22,56,348,56.9534
47,1881-12-05,C000681,Roscoe Conkling,NY,3,Republican,Republican,1829-10-30,52,36,52.0986
47,1881-12-05,F000020,James Thompson Farley,CA,3,Democratic,Democrat,1829-08-06,52,121,52.3315
47,1881-12-05,G000492,James Black Groome,MD,3,Democratic,Democrat,1838-04-04,43,245,43.6712
47,1881-12-05,H000603,Nathaniel Peter Hill,CO,3,Republican,Republican,1832-02-18,49,290,49.7945
47,1881-12-05,J000204,Benjamin Franklin Jonas,LA,3,Democratic,Democrat,1834-07-19,47,139,47.3808
47,1881-12-05,P000203,George Hunt Pendleton,OH,3,Democratic,Democrat,1825-07-19,56,139,56.3808
47,1881-12-05,S000476,James Harvey Slater,OR,3,Democratic,Democrat,1826-12-28,54,342,54.937
47,1881-12-05,W000057,James David Walker,AR,3,Democratic,Democrat,1830-12-13,50,357,50.9781
47,1881-12-05,W000522,John Stuart Williams,KY,3,Democratic,Democrat,1818-07-10,63,148,63.4055
47,1881-12-05,W000629,William Windom,MN,2,Republican,Republican,1827-05-10,54,209,54.5726
47,1881-12-05,B000253,Thomas Francis Bayard,DE,1,Democratic,Democrat,1828-10-29,53,37,53.1014
47,1881-12-05,C000064,Angus Cameron,WI,3,Republican,Republican,1826-07-04,55,154,55.4219
47,1881-12-05,C000678,Omar Dwight Conger,MI,1,Republican,Republican,1818-04-01,63,248,63.6795
47,1881-12-05,E000046,Alonzo Jay Edgerton,MN,2,Republican,Republican,1827-06-07,54,181,54.4959
47,1881-12-05,F000002,James Graham Fair,NV,1,Democratic,Democrat,1831-12-03,50,2,50.0055
47,1881-12-05,J000014,Howell Edmunds Jackson,TN,1,Democratic,Democrat,1832-04-08,49,241,49.6603
47,1881-12-05,J000214,Charles William Jones,FL,1,Democratic,Democrat,1834-12-24,46,346,46.9479
47,1881-12-05,L000092,Elbridge Gerry Lapham,NY,3,Republican,Republican,1814-10-18,67,48,67.1315
47,1881-12-05,M000067,William Mahone,VA,1,Republican,Republican,1826-12-01,55,4,55.011
47,1881-12-05,M000265,Samuel Bell Maxey,TX,1,Democratic,Democrat,1825-03-30,56,250,56.6849
47,1881-12-05,M000407,James Wilson McDill,IA,2,Republican,Republican,1834-03-04,47,276,47.7562
47,1881-12-05,M000570,Samuel James Renwick McMillan,MN,1,Republican,Republican,1826-02-22,55,286,55.7836
47,1881-12-05,M000740,John Franklin Miller,CA,1,Republican,Republican,1831-11-21,50,14,50.0384
47,1881-12-05,M000760,Warner Miller,NY,1,Republican,Republican,1838-08-12,43,115,43.3151
47,1881-12-05,M000819,John Inscho Mitchell,PA,1,Republican,Republican,1838-07-28,43,130,43.3562
47,1881-12-05,V000067,Charles Henry Van Wyck,NE,1,Republican,Republican,1824-05-10,57,209,57.5726
47,1881-12-05,A000262,Henry Bowen Anthony,RI,2,Republican,Republican,1815-04-01,66,248,66.6795
47,1881-12-05,G000065,Augustus Hill Garland,AR,2,Democratic,Democrat,1832-06-11,49,177,49.4849
47,1881-12-05,K000069,William Pitt Kellogg,LA,2,Republican,Republican,1830-12-08,50,362,50.9918
47,1881-12-05,L000030,Lucius Quintus Cincinnatus Lamar,MS,2,Democratic,Democrat,1825-09-17,56,79,56.2164
47,1881-12-05,S000072,Eli Saulsbury,DE,2,Democratic,Democrat,1817-12-29,63,341,63.9342
47,1881-12-05,B000936,Joseph Emerson Brown,GA,3,Democratic,Democrat,1821-04-15,60,234,60.6411
47,1881-12-05,H000141,Wade Hampton,SC,3,Democratic,Democrat,1818-03-28,63,252,63.6904
47,1881-12-05,I000012,John James Ingalls,KS,3,Republican,Republican,1833-12-29,47,341,47.9342
47,1881-12-05,L000403,John Alexander Logan,IL,3,Republican,Republican,1826-02-09,55,299,55.8192
47,1881-12-05,D000148,Henry Laurens Dawes,MA,1,Republican,Republican,1816-10-30,65,36,65.0986
47,1881-12-05,E000056,George Franklin Edmunds,VT,1,Republican,Republican,1828-02-01,53,307,53.8411
47,1881-12-05,S000091,Philetus Sawyer,WI,1,Republican,Republican,1816-09-22,65,74,65.2027
47,1881-12-05,H000263,Benjamin Harrison,IN,1,Republican,Republican,1833-08-20,48,107,48.2932
47,1881-12-05,B000289,James Burnie Beck,KY,2,Democratic,Democrat,1822-02-13,59,295,59.8082
47,1881-12-05,B001184,Matthew Calbraith Butler,SC,2,Democratic,Democrat,1836-03-08,45,272,45.7452
47,1881-12-05,C000601,Richard Coke,TX,2,Democratic,Democrat,1829-03-13,52,267,52.7315
47,1881-12-05,M000593,John Rhoderic McPherson,NJ,2,Democratic,Democrat,1833-05-09,48,210,48.5753
47,1881-12-05,P000389,Preston B. Plumb,KS,2,Republican,Republican,1837-10-12,44,54,44.1479
47,1881-12-05,R000062,Matt Whitaker Ransom,NC,2,Democratic,Democrat,1826-10-08,55,58,55.1589
47,1881-12-05,C000051,Wilkinson Call,FL,3,Democratic,Democrat,1834-01-09,47,330,47.9041
47,1881-12-05,C000065,James Donald Cameron,PA,3,Republican,Republican,1833-05-14,48,205,48.5616
47,1881-12-05,P000561,James Lawrence Pugh,AL,3,Democratic,Democrat,1820-12-12,60,358,60.9808
47,1881-12-05,V000021,Zebulon Baird Vance,NC,3,Democratic,Democrat,1830-05-13,51,206,51.5644
47,1881-12-05,V000116,Daniel Wolsey Voorhees,IN,3,Democratic,Democrat,1827-09-26,54,70,54.1918
47,1881-12-05,B000524,Henry William Blair,NH,3,Republican,Republican,1834-12-06,46,364,46.9973
47,1881-12-05,C000062,Johnson Newlon Camden,WV,1,Democratic,Democrat,1828-03-06,53,274,53.7507
47,1881-12-05,G000127,James Zachariah George,MS,1,Democratic,Democrat,1826-10-20,55,46,55.126
47,1881-12-05,S000346,John Sherman,OH,1,Republican,Republican,1823-05-10,58,209,58.5726
47,1881-12-05,H000243,Isham Green Harris,TN,2,Democratic,Democrat,1818-02-10,63,298,63.8164
47,1881-12-05,S000262,William Joyce Sewell,NJ,1,Republican,Republican,1835-12-06,45,364,45.9973
47,1881-12-05,J000237,John Percival Jones,NV,3,Republican,Republican,1829-01-27,52,312,52.8548
47,1881-12-05,M000969,Justin Smith Morrill,VT,3,Republican,Republican,1810-04-14,71,235,71.6438
47,1881-12-05,V000091,George Graham Vest,MO,3,Democratic,Democrat,1830-12-06,50,364,50.9973
47,1881-12-05,C000576,Francis Marion Cockrell,MO,1,Democratic,Democrat,1834-10-01,47,65,47.1781
47,1881-12-05,H000377,Joseph Roswell Hawley,CT,1,Republican,Republican,1826-10-31,55,35,55.0959
47,1881-12-05,H000654,George Frisbie Hoar,MA,2,Republican,Republican,1826-08-29,55,98,55.2685
47,1881-12-05,M000954,John Tyler Morgan,AL,2,Democratic,Democrat,1824-06-20,57,168,57.4603
47,1881-12-05,A000160,William Boyd Allison,IA,3,Republican,Republican,1829-03-02,52,278,52.7616
47,1881-12-05,G000326,Arthur Pue Gorman,MD,1,Democratic,Democrat,1839-03-11,42,269,42.737
47,1881-12-05,P000382,Orville Hitchcock Platt,CT,3,Republican,Republican,1827-07-19,54,139,54.3808
47,1881-12-05,P000383,Thomas Collier Platt,NY,1,Republican,Republican,1833-07-15,48,143,48.3918
47,1881-12-05,T000116,Henry Moore Teller,CO,2,Republican,Republican,1830-05-23,51,196,51.537
47,1881-12-05,A000083,Nelson Wilmarth Aldrich,RI,1,Republican,Republican,1841-11-06,40,29,40.0795
47,1881-12-05,H000029,Eugene Hale,ME,1,Republican,Republican,1836-06-09,45,179,45.4904
47,1881-12-05,F000398,William Pierce Frye,ME,2,Republican,Republican,1830-09-02,51,94,51.2575
48,1883-12-03,F000020,James Thompson Farley,CA,3,Democratic,Democrat,1829-08-06,54,119,54.3251
48,1883-12-03,G000492,James Black Groome,MD,3,Democratic,Democrat,1838-04-04,45,243,45.6639
48,1883-12-03,H000603,Nathaniel Peter Hill,CO,3,Republican,Republican,1832-02-18,51,288,51.789
48,1883-12-03,J000204,Benjamin Franklin Jonas,LA,3,Democratic,Democrat,1834-07-19,49,137,49.3743
48,1883-12-03,P000203,George Hunt Pendleton,OH,3,Democratic,Democrat,1825-07-19,58,137,58.3743
48,1883-12-03,S000476,James Harvey Slater,OR,3,Democratic,Democrat,1826-12-28,56,340,56.9315
48,1883-12-03,W000057,James David Walker,AR,3,Democratic,Democrat,1830-12-13,52,355,52.9726
48,1883-12-03,W000522,John Stuart Williams,KY,3,Democratic,Democrat,1818-07-10,65,146,65.3989
48,1883-12-03,B000253,Thomas Francis Bayard,DE,1,Democratic,Democrat,1828-10-29,55,35,55.0956
48,1883-12-03,C000064,Angus Cameron,WI,3,Republican,Republican,1826-07-04,57,152,57.4153
48,1883-12-03,C000678,Omar Dwight Conger,MI,1,Republican,Republican,1818-04-01,65,246,65.6721
48,1883-12-03,F000002,James Graham Fair,NV,1,Democratic,Democrat,1831-12-03,52,0,52.0
48,1883-12-03,J000014,Howell Edmunds Jackson,TN,1,Democratic,Democrat,1832-04-08,51,239,51.653
48,1883-12-03,J000214,Charles William Jones,FL,1,Democratic,Democrat,1834-12-24,48,344,48.9425
48,1883-12-03,L000092,Elbridge Gerry Lapham,NY,3,Republican,Republican,1814-10-18,69,46,69.1257
48,1883-12-03,M000067,William Mahone,VA,1,Republican,Republican,1826-12-01,57,2,57.0055
48,1883-12-03,M000265,Samuel Bell Maxey,TX,1,Democratic,Democrat,1825-03-30,58,248,58.6776
48,1883-12-03,M000570,Samuel James Renwick McMillan,MN,1,Republican,Republican,1826-02-22,57,284,57.7781
48,1883-12-03,M000740,John Franklin Miller,CA,1,Republican,Republican,1831-11-21,52,12,52.0328
48,1883-12-03,M000760,Warner Miller,NY,1,Republican,Republican,1838-08-12,45,113,45.3087
48,1883-12-03,M000819,John Inscho Mitchell,PA,1,Republican,Republican,1838-07-28,45,128,45.3497
48,1883-12-03,V000067,Charles Henry Van Wyck,NE,1,Republican,Republican,1824-05-10,59,207,59.5656
48,1883-12-03,A000262,Henry Bowen Anthony,RI,2,Republican,Republican,1815-04-01,68,246,68.6721
48,1883-12-03,B000686,Thomas Mead Bowen,CO,2,Republican,Republican,1835-10-26,48,38,48.1038
48,1883-12-03,G000065,Augustus Hill Garland,AR,2,Democratic,Democrat,1832-06-11,51,175,51.4781
48,1883-12-03,L000030,Lucius Quintus Cincinnatus Lamar,MS,2,Democratic,Democrat,1825-09-17,58,77,58.2104
48,1883-12-03,P000044,Thomas Witherell Palmer,MI,2,Republican,Republican,1830-01-25,53,312,53.8548
48,1883-12-03,P000345,Austin Franklin Pike,NH,2,Republican,Republican,1819-10-16,64,48,64.1311
48,1883-12-03,R000241,Harrison Holt Riddleberger,VA,2,Republican,Republican,1844-10-04,39,60,39.1639
48,1883-12-03,S000003,Dwight May Sabin,MN,2,Republican,Republican,1843-04-25,40,222,40.6066
48,1883-12-03,S000072,Eli Saulsbury,DE,2,Democratic,Democrat,1817-12-29,65,339,65.9288
48,1883-12-03,B000936,Joseph Emerson Brown,GA,3,Democratic,Democrat,1821-04-15,62,232,62.6339
48,1883-12-03,H000141,Wade Hampton,SC,3,Democratic,Democrat,1818-03-28,65,250,65.6831
48,1883-12-03,I000012,John James Ingalls,KS,3,Republican,Republican,1833-12-29,49,339,49.9288
48,1883-12-03,L000403,John Alexander Logan,IL,3,Republican,Republican,1826-02-09,57,297,57.8137
48,1883-12-03,D000148,Henry Laurens Dawes,MA,1,Republican,Republican,1816-10-30,67,34,67.0929
48,1883-12-03,E000056,George Franklin Edmunds,VT,1,Republican,Republican,1828-02-01,55,305,55.8356
48,1883-12-03,S000091,Philetus Sawyer,WI,1,Republican,Republican,1816-09-22,67,72,67.1967
48,1883-12-03,H000263,Benjamin Harrison,IN,1,Republican,Republican,1833-08-20,50,105,50.2869
48,1883-12-03,B000289,James Burnie Beck,KY,2,Democratic,Democrat,1822-02-13,61,293,61.8027
48,1883-12-03,B001184,Matthew Calbraith Butler,SC,2,Democratic,Democrat,1836-03-08,47,270,47.7377
48,1883-12-03,C000601,Richard Coke,TX,2,Democratic,Democrat,1829-03-13,54,265,54.724
48,1883-12-03,C000647,Alfred Holt Colquitt,GA,2,Democratic,Democrat,1824-04-20,59,227,59.6202
48,1883-12-03,D000405,Joseph Norton Dolph,OR,2,Republican,Republican,1835-10-19,48,45,48.123
48,1883-12-03,G000165,Randall Lee Gibson,LA,2,Democratic,Democrat,1832-09-10,51,84,51.2295
48,1883-12-03,K000099,John Edward Kenna,WV,2,Democratic,Democrat,1848-04-10,35,237,35.6475
48,1883-12-03,M000095,Charles Frederick Manderson,NE,2,Republican,Republican,1837-02-09,46,297,46.8137
48,1883-12-03,M000593,John Rhoderic McPherson,NJ,2,Democratic,Democrat,1833-05-09,50,208,50.5683
48,1883-12-03,P000389,Preston B. Plumb,KS,2,Republican,Republican,1837-10-12,46,52,46.1421
48,1883-12-03,R000062,Matt Whitaker Ransom,NC,2,Democratic,Democrat,1826-10-08,57,56,57.153
48,1883-12-03,W000594,James Falconer Wilson,IA,2,Republican,Republican,1828-10-19,55,45,55.123
48,1883-12-03,C000051,Wilkinson Call,FL,3,Democratic,Democrat,1834-01-09,49,328,49.8986
48,1883-12-03,C000065,James Donald Cameron,PA,3,Republican,Republican,1833-05-14,50,203,50.5546
48,1883-12-03,P000561,James Lawrence Pugh,AL,3,Democratic,Democrat,1820-12-12,62,356,62.9753
48,1883-12-03,V000021,Zebulon Baird Vance,NC,3,Democratic,Democrat,1830-05-13,53,204,53.5574
48,1883-12-03,V000116,Daniel Wolsey Voorhees,IN,3,Democratic,Democrat,1827-09-26,56,68,56.1858
48,1883-12-03,B000524,Henry William Blair,NH,3,Republican,Republican,1834-12-06,48,362,48.9918
48,1883-12-03,C000062,Johnson Newlon Camden,WV,1,Democratic,Democrat,1828-03-06,55,272,55.7432
48,1883-12-03,G000127,James Zachariah George,MS,1,Democratic,Democrat,1826-10-20,57,44,57.1202
48,1883-12-03,S000346,John Sherman,OH,1,Republican,Republican,1823-05-10,60,207,60.5656
48,1883-12-03,H000243,Isham Green Harris,TN,2,Democratic,Democrat,1818-02-10,65,296,65.811
48,1883-12-03,S000262,William Joyce Sewell,NJ,1,Republican,Republican,1835-12-06,47,362,47.9918
48,1883-12-03,J000237,John Percival Jones,NV,3,Republican,Republican,1829-01-27,54,310,54.8493
48,1883-12-03,M000969,Justin Smith Morrill,VT,3,Republican,Republican,1810-04-14,73,233,73.6366
48,1883-12-03,V000091,George Graham Vest,MO,3,Democratic,Democrat,1830-12-06,52,362,52.9918
48,1883-12-03,C000576,Francis Marion Cockrell,MO,1,Democratic,Democrat,1834-10-01,49,63,49.1721
48,1883-12-03,H000377,Joseph Roswell Hawley,CT,1,Republican,Republican,1826-10-31,57,33,57.0902
48,1883-12-03,H000654,George Frisbie Hoar,MA,2,Republican,Republican,1826-08-29,57,96,57.2623
48,1883-12-03,M000954,John Tyler Morgan,AL,2,Democratic,Democrat,1824-06-20,59,166,59.4536
48,1883-12-03,A000160,William Boyd Allison,IA,3,Republican,Republican,1829-03-02,54,276,54.7541
48,1883-12-03,G000326,Arthur Pue Gorman,MD,1,Democratic,Democrat,1839-03-11,44,267,44.7295
48,1883-12-03,P000382,Orville Hitchcock Platt,CT,3,Republican,Republican,1827-07-19,56,137,56.3743
48,1883-12-03,A000083,Nelson Wilmarth Aldrich,RI,1,Republican,Republican,1841-11-06,42,27,42.0738
48,1883-12-03,H000029,Eugene Hale,ME,1,Republican,Republican,1836-06-09,47,177,47.4836
48,1883-12-03,C000973,Shelby Moore Cullom,IL,2,Republican,Republican,1829-11-22,54,11,54.0301
48,1883-12-03,F000398,William Pierce Frye,ME,2,Republican,Republican,1830-09-02,53,92,53.2514
49,1885-12-07,B000253,Thomas Francis Bayard,DE,1,Democratic,Democrat,1828-10-29,57,39,57.1068
49,1885-12-07,C000678,Omar Dwight Conger,MI,1,Republican,Republican,1818-04-01,67,250,67.6849
49,1885-12-07,F000002,James Graham Fair,NV,1,Democratic,Democrat,1831-12-03,54,4,54.011
49,1885-12-07,J000014,Howell Edmunds Jackson,TN,1,Democratic,Democrat,1832-04-08,53,243,53.6658
49,1885-12-07,J000214,Charles William Jones,FL,1,Democratic,Democrat,1834-12-24,50,348,50.9534
49,1885-12-07,M000067,William Mahone,VA,1,Republican,Republican,1826-12-01,59,6,59.0164
49,1885-12-07,M000265,Samuel Bell Maxey,TX,1,Democratic,Democrat,1825-03-30,60,252,60.6904
49,1885-12-07,M000570,Samuel James Renwick McMillan,MN,1,Republican,Republican,1826-02-22,59,288,59.789
49,1885-12-07,M000740,John Franklin Miller,CA,1,Republican,Republican,1831-11-21,54,16,54.0438
49,1885-12-07,M000760,Warner Miller,NY,1,Republican,Republican,1838-08-12,47,117,47.3205
49,1885-12-07,M000819,John Inscho Mitchell,PA,1,Republican,Republican,1838-07-28,47,132,47.3616
49,1885-12-07,V000067,Charles Henry Van Wyck,NE,1,Republican,Republican,1824-05-10,61,211,61.5781
49,1885-12-07,B000686,Thomas Mead Bowen,CO,2,Republican,Republican,1835-10-26,50,42,50.1151
49,1885-12-07,L000030,Lucius Quintus Cincinnatus Lamar,MS,2,Democratic,Democrat,1825-09-17,60,81,60.2219
49,1885-12-07,P000044,Thomas Witherell Palmer,MI,2,Republican,Republican,1830-01-25,55,316,55.8658
49,1885-12-07,P000345,Austin Franklin Pike,NH,2,Republican,Republican,1819-10-16,66,52,66.1425
49,1885-12-07,R000241,Harrison Holt Riddleberger,VA,2,Republican,Republican,1844-10-04,41,64,41.1753
49,1885-12-07,S000003,Dwight May Sabin,MN,2,Republican,Republican,1843-04-25,42,226,42.6192
49,1885-12-07,S000072,Eli Saulsbury,DE,2,Democratic,Democrat,1817-12-29,67,343,67.9397
49,1885-12-07,S000319,William Paine Sheffield,RI,2,Republican,Republican,1820-08-30,65,99,65.2712
49,1885-12-07,B000936,Joseph Emerson Brown,GA,3,Democratic,Democrat,1821-04-15,64,236,64.6466
49,1885-12-07,C000267,Jonathan Chace,RI,2,Republican,Republican,1829-07-22,56,138,56.3781
49,1885-12-07,E000229,James Biddle Eustis,LA,3,Democratic,Democrat,1834-08-27,51,102,51.2795
49,1885-12-07,E000262,William Maxwell Evarts,NY,3,Republican,Republican,1818-02-06,67,304,67.8329
49,1885-12-07,H000141,Wade Hampton,SC,3,Democratic,Democrat,1818-03-28,67,254,67.6959
49,1885-12-07,I000012,John James Ingalls,KS,3,Republican,Republican,1833-12-29,51,343,51.9397
49,1885-12-07,L000403,John Alexander Logan,IL,3,Republican,Republican,1826-02-09,59,301,59.8247
49,1885-12-07,P000151,Henry B. Payne,OH,3,Democratic,Democrat,1810-11-30,75,7,75.0192
49,1885-12-07,W000577,Ephraim King Wilson,MD,3,Democratic,Democrat,1821-12-22,63,350,63.9589
49,1885-12-07,D000148,Henry Laurens Dawes,MA,1,Republican,Republican,1816-10-30,69,38,69.1041
49,1885-12-07,E000056,George Franklin Edmunds,VT,1,Republican,Republican,1828-02-01,57,309,57.8466
49,1885-12-07,S000091,Philetus Sawyer,WI,1,Republican,Republican,1816-09-22,69,76,69.2082
49,1885-12-07,H000263,Benjamin Harrison,IN,1,Republican,Republican,1833-08-20,52,109,52.2986
49,1885-12-07,B000289,James Burnie Beck,KY,2,Democratic,Democrat,1822-02-13,63,297,63.8137
49,1885-12-07,B001184,Matthew Calbraith Butler,SC,2,Democratic,Democrat,1836-03-08,49,274,49.7507
49,1885-12-07,C000601,Richard Coke,TX,2,Democratic,Democrat,1829-03-13,56,269,56.737
49,1885-12-07,C000647,Alfred Holt Colquitt,GA,2,Democratic,Democrat,1824-04-20,61,231,61.6329
49,1885-12-07,D000405,Joseph Norton Dolph,OR,2,Republican,Republican,1835-10-19,50,49,50.1342
49,1885-12-07,G000165,Randall Lee Gibson,LA,2,Democratic,Democrat,1832-09-10,53,88,53.2411
49,1885-12-07,K000099,John Edward Kenna,WV,2,Democratic,Democrat,1848-04-10,37,241,37.6603
49,1885-12-07,M000095,Charles Frederick Manderson,NE,2,Republican,Republican,1837-02-09,48,301,48.8247
49,1885-12-07,M000593,John Rhoderic McPherson,NJ,2,Democratic,Democrat,1833-05-09,52,212,52.5808
49,1885-12-07,P000389,Preston B. Plumb,KS,2,Republican,Republican,1837-10-12,48,56,48.1534
49,1885-12-07,R000062,Matt Whitaker Ransom,NC,2,Democratic,Democrat,1826-10-08,59,60,59.1644
49,1885-12-07,W000594,James Falconer Wilson,IA,2,Republican,Republican,1828-10-19,57,49,57.1342
49,1885-12-07,C000051,Wilkinson Call,FL,3,Democratic,Democrat,1834-01-09,51,332,51.9096
49,1885-12-07,C000065,James Donald Cameron,PA,3,Republican,Republican,1833-05-14,52,207,52.5671
49,1885-12-07,P000561,James Lawrence Pugh,AL,3,Democratic,Democrat,1820-12-12,64,360,64.9863
49,1885-12-07,S000793,Leland Stanford,CA,3,Republican,Republican,1824-03-09,61,273,61.7479
49,1885-12-07,V000021,Zebulon Baird Vance,NC,3,Democratic,Democrat,1830-05-13,55,208,55.5699
49,1885-12-07,V000116,Daniel Wolsey Voorhees,IN,3,Democratic,Democrat,1827-09-26,58,72,58.1973
49,1885-12-07,B000524,Henry William Blair,NH,3,Republican,Republican,1834-12-06,51,1,51.0027
49,1885-12-07,C000062,Johnson Newlon Camden,WV,1,Democratic,Democrat,1828-03-06,57,276,57.7562
49,1885-12-07,G000127,James Zachariah George,MS,1,Democratic,Democrat,1826-10-20,59,48,59.1315
49,1885-12-07,G000396,George Gray,DE,1,Democratic,Democrat,1840-05-04,45,217,45.5945
49,1885-12-07,S000346,John Sherman,OH,1,Republican,Republican,1823-05-10,62,211,62.5781
49,1885-12-07,H000243,Isham Green Harris,TN,2,Democratic,Democrat,1818-02-10,67,300,67.8219
49,1885-12-07,S000262,William Joyce Sewell,NJ,1,Republican,Republican,1835-12-06,50,1,50.0027
49,1885-12-07,W000111,Edward Cary Walthall,MS,2,Democratic,Democrat,1831-04-04,54,247,54.6767
49,1885-12-07,J000231,James Kimbrough Jones,AR,3,Democratic,Democrat,1839-09-29,46,69,46.189
49,1885-12-07,J000237,John Percival Jones,NV,3,Republican,Republican,1829-01-27,56,314,56.8603
49,1885-12-07,M000969,Justin Smith Morrill,VT,3,Republican,Republican,1810-04-14,75,237,75.6493
49,1885-12-07,V000091,George Graham Vest,MO,3,Democratic,Democrat,1830-12-06,55,1,55.0027
49,1885-12-07,C000576,Francis Marion Cockrell,MO,1,Democratic,Democrat,1834-10-01,51,67,51.1836
49,1885-12-07,H000377,Joseph Roswell Hawley,CT,1,Republican,Republican,1826-10-31,59,37,59.1014
49,1885-12-07,B000418,James Henderson Berry,AR,2,Democratic,Democrat,1841-05-15,44,206,44.5644
49,1885-12-07,B000508,Joseph Clay Stiles Blackburn,KY,3,Democratic,Democrat,1838-10-01,47,67,47.1836
49,1885-12-07,H000654,George Frisbie Hoar,MA,2,Republican,Republican,1826-08-29,59,100,59.274
49,1885-12-07,M000818,John Hipple Mitchell,OR,3,Republican,Republican,1835-06-22,50,168,50.4603
49,1885-12-07,M000954,John Tyler Morgan,AL,2,Democratic,Democrat,1824-06-20,61,170,61.4658
49,1885-12-07,A000160,William Boyd Allison,IA,3,Republican,Republican,1829-03-02,56,280,56.7671
49,1885-12-07,G000326,Arthur Pue Gorman,MD,1,Democratic,Democrat,1839-03-11,46,271,46.7425
49,1885-12-07,P000382,Orville Hitchcock Platt,CT,3,Republican,Republican,1827-07-19,58,141,58.3863
49,1885-12-07,S000741,John Coit Spooner,WI,3,Republican,Republican,1843-01-06,42,335,42.9178
49,1885-12-07,T000116,Henry Moore Teller,CO,3,Republican,Republican,1830-05-23,55,198,55.5425
49,1885-12-07,A000083,Nelson Wilmarth Aldrich,RI,1,Republican,Republican,1841-11-06,44,31,44.0849
49,1885-12-07,H000029,Eugene Hale,ME,1,Republican,Republican,1836-06-09,49,181,49.4959
49,1885-12-07,C000973,Shelby Moore Cullom,IL,2,Republican,Republican,1829-11-22,56,15,56.0411
49,1885-12-07,F000398,William Pierce Frye,ME,2,Republican,Republican,1830-09-02,55,96,55.263
50,1887-12-05,B000686,Thomas Mead Bowen,CO,2,Republican,Republican,1835-10-26,52,40,52.1093
50,1887-12-05,P000044,Thomas Witherell Palmer,MI,2,Republican,Republican,1830-01-25,57,314,57.8603
50,1887-12-05,R000241,Harrison Holt Riddleberger,VA,2,Republican,Republican,1844-10-04,43,62,43.1694
50,1887-12-05,S000003,Dwight May Sabin,MN,2,Republican,Republican,1843-04-25,44,224,44.612
50,1887-12-05,S000072,Eli Saulsbury,DE,2,Democratic,Democrat,1817-12-29,69,341,69.9342
50,1887-12-05,B000936,Joseph Emerson Brown,GA,3,Democratic,Democrat,1821-04-15,66,234,66.6393
50,1887-12-05,C000267,Jonathan Chace,RI,2,Republican,Republican,1829-07-22,58,136,58.3716
50,1887-12-05,E000229,James Biddle Eustis,LA,3,Democratic,Democrat,1834-08-27,53,100,53.2732
50,1887-12-05,E000262,William Maxwell Evarts,NY,3,Republican,Republican,1818-02-06,69,302,69.8274
50,1887-12-05,H000141,Wade Hampton,SC,3,Democratic,Democrat,1818-03-28,69,252,69.6885
50,1887-12-05,I000012,John James Ingalls,KS,3,Republican,Republican,1833-12-29,53,341,53.9342
50,1887-12-05,P000151,Henry B. Payne,OH,3,Democratic,Democrat,1810-11-30,77,5,77.0137
50,1887-12-05,W000577,Ephraim King Wilson,MD,3,Democratic,Democrat,1821-12-22,65,348,65.9534
50,1887-12-05,C000343,Person Colby Cheney,NH,2,Republican,Republican,1828-02-25,59,283,59.7753
50,1887-12-05,B000562,Rufus Blodgett,NJ,1,Democratic,Democrat,1834-10-09,53,57,53.1557
50,1887-12-05,D000148,Henry Laurens Dawes,MA,1,Republican,Republican,1816-10-30,71,36,71.0984
50,1887-12-05,E000056,George Franklin Edmunds,VT,1,Republican,Republican,1828-02-01,59,307,59.8411
50,1887-12-05,F000037,Charles Benjamin Farwell,IL,3,Republican,Republican,1823-07-01,64,157,64.429
50,1887-12-05,H000428,George Hearst,CA,1,Democratic,Democrat,1820-09-03,67,93,67.2541
50,1887-12-05,H000643,Frank Hiscock,NY,1,Republican,Republican,1834-09-06,53,90,53.2459
50,1887-12-05,P000010,Algernon Sidney Paddock,NE,1,Republican,Republican,1830-11-09,57,26,57.071
50,1887-12-05,R000098,John Henninger Reagan,TX,1,Democratic,Democrat,1818-10-08,69,58,69.1585
50,1887-12-05,S000091,Philetus Sawyer,WI,1,Republican,Republican,1816-09-22,71,74,71.2022
50,1887-12-05,B000289,James Burnie Beck,KY,2,Democratic,Democrat,1822-02-13,65,295,65.8082
50,1887-12-05,B001184,Matthew Calbraith Butler,SC,2,Democratic,Democrat,1836-03-08,51,272,51.7432
50,1887-12-05,C000601,Richard Coke,TX,2,Democratic,Democrat,1829-03-13,58,267,58.7295
50,1887-12-05,C000647,Alfred Holt Colquitt,GA,2,Democratic,Democrat,1824-04-20,63,229,63.6257
50,1887-12-05,D000405,Joseph Norton Dolph,OR,2,Republican,Republican,1835-10-19,52,47,52.1284
50,1887-12-05,G000165,Randall Lee Gibson,LA,2,Democratic,Democrat,1832-09-10,55,86,55.235
50,1887-12-05,K000099,John Edward Kenna,WV,2,Democratic,Democrat,1848-04-10,39,239,39.653
50,1887-12-05,M000095,Charles Frederick Manderson,NE,2,Republican,Republican,1837-02-09,50,299,50.8192
50,1887-12-05,M000593,John Rhoderic McPherson,NJ,2,Democratic,Democrat,1833-05-09,54,210,54.5738
50,1887-12-05,P000389,Preston B. Plumb,KS,2,Republican,Republican,1837-10-12,50,54,50.1475
50,1887-12-05,R000062,Matt Whitaker Ransom,NC,2,Democratic,Democrat,1826-10-08,61,58,61.1585
50,1887-12-05,W000594,James Falconer Wilson,IA,2,Republican,Republican,1828-10-19,59,47,59.1284
50,1887-12-05,C000051,Wilkinson Call,FL,3,Democratic,Democrat,1834-01-09,53,330,53.9041
50,1887-12-05,C000065,James Donald Cameron,PA,3,Republican,Republican,1833-05-14,54,205,54.5601
50,1887-12-05,P000561,James Lawrence Pugh,AL,3,Democratic,Democrat,1820-12-12,66,358,66.9808
50,1887-12-05,S000793,Leland Stanford,CA,3,Republican,Republican,1824-03-09,63,271,63.7404
50,1887-12-05,V000021,Zebulon Baird Vance,NC,3,Democratic,Democrat,1830-05-13,57,206,57.5628
50,1887-12-05,V000116,Daniel Wolsey Voorhees,IN,3,Democratic,Democrat,1827-09-26,60,70,60.1913
50,1887-12-05,B000524,Henry William Blair,NH,3,Republican,Republican,1834-12-06,52,364,52.9973
50,1887-12-05,F000045,Charles James Faulkner,WV,1,Democratic,Democrat,1847-09-21,40,75,40.2049
50,1887-12-05,G000127,James Zachariah George,MS,1,Democratic,Democrat,1826-10-20,61,46,61.1257
50,1887-12-05,G000396,George Gray,DE,1,Democratic,Democrat,1840-05-04,47,215,47.5874
50,1887-12-05,P000095,Samuel Pasco,FL,1,Democratic,Democrat,1834-06-28,53,160,53.4372
50,1887-12-05,S000346,John Sherman,OH,1,Republican,Republican,1823-05-10,64,209,64.571
50,1887-12-05,S000932,Francis Brown Stockbridge,MI,1,Republican,Republican,1826-04-09,61,240,61.6557
50,1887-12-05,T000432,David Turpie,IN,1,Democratic,Democrat,1828-07-08,59,150,59.4098
50,1887-12-05,C000298,William Eaton Chandler,NH,2,Republican,Republican,1835-12-28,51,342,51.937
50,1887-12-05,H000243,Isham Green Harris,TN,2,Democratic,Democrat,1818-02-10,69,298,69.8164
50,1887-12-05,W000111,Edward Cary Walthall,MS,2,Democratic,Democrat,1831-04-04,56,245,56.6694
50,1887-12-05,J000231,James Kimbrough Jones,AR,3,Democratic,Democrat,1839-09-29,48,67,48.1831
50,1887-12-05,J000237,John Percival Jones,NV,3,Republican,Republican,1829-01-27,58,312,58.8548
50,1887-12-05,M000969,Justin Smith Morrill,VT,3,Republican,Republican,1810-04-14,77,235,77.6421
50,1887-12-05,V000091,George Graham Vest,MO,3,Democratic,Democrat,1830-12-06,56,364,56.9973
50,1887-12-05,B000227,William Brimage Bate,TN,1,Democratic,Democrat,1826-10-07,61,59,61.1612
50,1887-12-05,C000576,Francis Marion Cockrell,MO,1,Democratic,Democrat,1834-10-01,53,65,53.1776
50,1887-12-05,D000095,Cushman Kellogg Davis,MN,1,Republican,Republican,1838-06-16,49,172,49.4699
50,1887-12-05,H000377,Joseph Roswell Hawley,CT,1,Republican,Republican,1826-10-31,61,35,61.0956
50,1887-12-05,S000922,William Morris Stewart,NV,1,Republican,Republican,1827-08-09,60,118,60.3224
50,1887-12-05,B000418,James Henderson Berry,AR,2,Democratic,Democrat,1841-05-15,46,204,46.5574
50,1887-12-05,B000508,Joseph Clay Stiles Blackburn,KY,3,Democratic,Democrat,1838-10-01,49,65,49.1776
50,1887-12-05,H000654,George Frisbie Hoar,MA,2,Republican,Republican,1826-08-29,61,98,61.2678
50,1887-12-05,M000818,John Hipple Mitchell,OR,3,Republican,Republican,1835-06-22,52,166,52.4536
50,1887-12-05,M000954,John Tyler Morgan,AL,2,Democratic,Democrat,1824-06-20,63,168,63.459
50,1887-12-05,Q000006,Matthew Stanley Quay,PA,1,Republican,Republican,1833-09-30,54,66,54.1803
50,1887-12-05,A000160,William Boyd Allison,IA,3,Republican,Republican,1829-03-02,58,278,58.7596
50,1887-12-05,G000326,Arthur Pue Gorman,MD,1,Democratic,Democrat,1839-03-11,48,269,48.735
50,1887-12-05,P000382,Orville Hitchcock Platt,CT,3,Republican,Republican,1827-07-19,60,139,60.3798
50,1887-12-05,S000741,John Coit Spooner,WI,3,Republican,Republican,1843-01-06,44,333,44.9123
50,1887-12-05,T000116,Henry Moore Teller,CO,3,Republican,Republican,1830-05-23,57,196,57.5355
50,1887-12-05,A000083,Nelson Wilmarth Aldrich,RI,1,Republican,Republican,1841-11-06,46,29,46.0792
50,1887-12-05,D000035,John Warwick Daniel,VA,1,Democratic,Democrat,1842-09-05,45,91,45.2486
50,1887-12-05,H000029,Eugene Hale,ME,1,Republican,Republican,1836-06-09,51,179,51.4891
50,1887-12-05,C000973,Shelby Moore Cullom,IL,2,Republican,Republican,1829-11-22,58,13,58.0355
50,1887-12-05,F000398,William Pierce Frye,ME,2,Republican,Republican,1830-09-02,57,94,57.2568
51,1889-12-02,B000936,Joseph Emerson Brown,GA,3,Democratic,Democrat,1821-04-15,68,231,68.6329
51,1889-12-02,E000229,James Biddle Eustis,LA,3,Democratic,Democrat,1834-08-27,55,97,55.2658
51,1889-12-02,E000262,William Maxwell Evarts,NY,3,Republican,Republican,1818-02-06,71,299,71.8192
51,1889-12-02,H000141,Wade Hampton,SC,3,Democratic,Democrat,1818-03-28,71,249,71.6822
51,1889-12-02,I000012,John James Ingalls,KS,3,Republican,Republican,1833-12-29,55,338,55.926
51,1889-12-02,P000151,Henry B. Payne,OH,3,Democratic,Democrat,1810-11-30,79,2,79.0055
51,1889-12-02,W000577,Ephraim King Wilson,MD,3,Democratic,Democrat,1821-12-22,67,345,67.9452
51,1889-12-02,B000562,Rufus Blodgett,NJ,1,Democratic,Democrat,1834-10-09,55,54,55.1479
51,1889-12-02,D000148,Henry Laurens Dawes,MA,1,Republican,Republican,1816-10-30,73,33,73.0904
51,1889-12-02,E000056,George Franklin Edmunds,VT,1,Republican,Republican,1828-02-01,61,304,61.8329
51,1889-12-02,F000037,Charles Benjamin Farwell,IL,3,Republican,Republican,1823-07-01,66,154,66.4219
51,1889-12-02,H000428,George Hearst,CA,1,Democratic,Democrat,1820-09-03,69,90,69.2466
51,1889-12-02,H000643,Frank Hiscock,NY,1,Republican,Republican,1834-09-06,55,87,55.2384
51,1889-12-02,P000010,Algernon Sidney Paddock,NE,1,Republican,Republican,1830-11-09,59,23,59.063
51,1889-12-02,R000098,John Henninger Reagan,TX,1,Democratic,Democrat,1818-10-08,71,55,71.1507
51,1889-12-02,S000091,Philetus Sawyer,WI,1,Republican,Republican,1816-09-22,73,71,73.1945
51,1889-12-02,A000130,John Beard Allen,WA,1,Republican,Republican,1845-05-18,44,198,44.5425
51,1889-12-02,B000129,John Strode Barbour,VA,2,Democratic,Democrat,1820-12-29,68,338,68.926
51,1889-12-02,B000289,James Burnie Beck,KY,2,Democratic,Democrat,1822-02-13,67,292,67.8
51,1889-12-02,B001184,Matthew Calbraith Butler,SC,2,Democratic,Democrat,1836-03-08,53,269,53.737
51,1889-12-02,C000227,Lyman Rufus Casey,ND,1,Republican,Republican,1837-05-06,52,210,52.5753
51,1889-12-02,C000601,Richard Coke,TX,2,Democratic,Democrat,1829-03-13,60,264,60.7233
51,1889-12-02,C000647,Alfred Holt Colquitt,GA,2,Democratic,Democrat,1824-04-20,65,226,65.6192
51,1889-12-02,D000377,Nathan Fellows Dixon,RI,2,Republican,Republican,1847-08-28,42,96,42.263
51,1889-12-02,D000405,Joseph Norton Dolph,OR,2,Republican,Republican,1835-10-19,54,44,54.1205
51,1889-12-02,G000165,Randall Lee Gibson,LA,2,Democratic,Democrat,1832-09-10,57,83,57.2274
51,1889-12-02,H000577,Anthony Higgins,DE,2,Republican,Republican,1840-10-01,49,62,49.1699
51,1889-12-02,K000099,John Edward Kenna,WV,2,Democratic,Democrat,1848-04-10,41,236,41.6466
51,1889-12-02,M000095,Charles Frederick Manderson,NE,2,Republican,Republican,1837-02-09,52,296,52.811
51,1889-12-02,M000165,Gilman Marston,NH,2,Republican,Republican,1811-08-20,78,104,78.2849
51,1889-12-02,M000593,John Rhoderic McPherson,NJ,2,Democratic,Democrat,1833-05-09,56,207,56.5671
51,1889-12-02,M000879,Gideon Curtis Moody,SD,3,Republican,Republican,1832-10-16,57,47,57.1288
51,1889-12-02,P000334,Gilbert Ashville Pierce,ND,3,Republican,Republican,1839-01-11,50,325,50.8904
51,1889-12-02,P000389,Preston B. Plumb,KS,2,Republican,Republican,1837-10-12,52,51,52.1397
51,1889-12-02,R000062,Matt Whitaker Ransom,NC,2,Democratic,Democrat,1826-10-08,63,55,63.1507
51,1889-12-02,W000175,William Drew Washburn,MN,2,Republican,Republican,1831-01-14,58,322,58.8822
51,1889-12-02,W000594,James Falconer Wilson,IA,2,Republican,Republican,1828-10-19,61,44,61.1205
51,1889-12-02,C000051,Wilkinson Call,FL,3,Democratic,Democrat,1834-01-09,55,327,55.8959
51,1889-12-02,C000065,James Donald Cameron,PA,3,Republican,Republican,1833-05-14,56,202,56.5534
51,1889-12-02,P000561,James Lawrence Pugh,AL,3,Democratic,Democrat,1820-12-12,68,355,68.9726
51,1889-12-02,S000761,Watson Carvosso Squire,WA,3,Republican,Republican,1838-05-18,51,198,51.5425
51,1889-12-02,S000793,Leland Stanford,CA,3,Republican,Republican,1824-03-09,65,268,65.7342
51,1889-12-02,V000021,Zebulon Baird Vance,NC,3,Democratic,Democrat,1830-05-13,59,203,59.5562
51,1889-12-02,V000116,Daniel Wolsey Voorhees,IN,3,Democratic,Democrat,1827-09-26,62,67,62.1836
51,1889-12-02,B000524,Henry William Blair,NH,3,Republican,Republican,1834-12-06,54,361,54.989
51,1889-12-02,F000045,Charles James Faulkner,WV,1,Democratic,Democrat,1847-09-21,42,72,42.1973
51,1889-12-02,G000127,James Zachariah George,MS,1,Democratic,Democrat,1826-10-20,63,43,63.1178
51,1889-12-02,G000396,George Gray,DE,1,Democratic,Democrat,1840-05-04,49,212,49.5808
51,1889-12-02,P000095,Samuel Pasco,FL,1,Democratic,Democrat,1834-06-28,55,157,55.4301
51,1889-12-02,S000346,John Sherman,OH,1,Republican,Republican,1823-05-10,66,206,66.5644
51,1889-12-02,S000932,Francis Brown Stockbridge,MI,1,Republican,Republican,1826-04-09,63,237,63.6493
51,1889-12-02,T000432,David Turpie,IN,1,Democratic,Democrat,1828-07-08,61,147,61.4027
51,1889-12-02,C000298,William Eaton Chandler,NH,2,Republican,Republican,1835-12-28,53,339,53.9288
51,1889-12-02,H000243,Isham Green Harris,TN,2,Democratic,Democrat,1818-02-10,71,295,71.8082
51,1889-12-02,P000271,Richard Franklin Pettigrew,SD,2,Republican,Republican,1848-07-23,41,132,41.3616
51,1889-12-02,W000111,Edward Cary Walthall,MS,2,Democratic,Democrat,1831-04-04,58,242,58.663
51,1889-12-02,W000667,Edward Oliver Wolcott,CO,2,Republican,Republican,1848-03-26,41,251,41.6877
51,1889-12-02,J000231,James Kimbrough Jones,AR,3,Democratic,Democrat,1839-09-29,50,64,50.1753
51,1889-12-02,J000237,John Percival Jones,NV,3,Republican,Republican,1829-01-27,60,309,60.8466
51,1889-12-02,M000969,Justin Smith Morrill,VT,3,Republican,Republican,1810-04-14,79,232,79.6356
51,1889-12-02,V000091,George Graham Vest,MO,3,Democratic,Democrat,1830-12-06,58,361,58.989
51,1889-12-02,B000227,William Brimage Bate,TN,1,Democratic,Democrat,1826-10-07,63,56,63.1534
51,1889-12-02,C000576,Francis Marion Cockrell,MO,1,Democratic,Democrat,1834-10-01,55,62,55.1699
51,1889-12-02,D000095,Cushman Kellogg Davis,MN,1,Republican,Republican,1838-06-16,51,169,51.463
51,1889-12-02,H000377,Joseph Roswell Hawley,CT,1,Republican,Republican,1826-10-31,63,32,63.0877
51,1889-12-02,S000922,William Morris Stewart,NV,1,Republican,Republican,1827-08-09,62,115,62.3151
51,1889-12-02,B000418,James Henderson Berry,AR,2,Democratic,Democrat,1841-05-15,48,201,48.5507
51,1889-12-02,B000508,Joseph Clay Stiles Blackburn,KY,3,Democratic,Democrat,1838-10-01,51,62,51.1699
51,1889-12-02,H000654,George Frisbie Hoar,MA,2,Republican,Republican,1826-08-29,63,95,63.2603
51,1889-12-02,M000567,James McMillan,MI,2,Republican,Republican,1838-05-12,51,204,51.5589
51,1889-12-02,M000818,John Hipple Mitchell,OR,3,Republican,Republican,1835-06-22,54,163,54.4466
51,1889-12-02,M000954,John Tyler Morgan,AL,2,Democratic,Democrat,1824-06-20,65,165,65.4521
51,1889-12-02,Q000006,Matthew Stanley Quay,PA,1,Republican,Republican,1833-09-30,56,63,56.1726
51,1889-12-02,A000160,William Boyd Allison,IA,3,Republican,Republican,1829-03-02,60,275,60.7534
51,1889-12-02,G000326,Arthur Pue Gorman,MD,1,Democratic,Democrat,1839-03-11,50,266,50.7288
51,1889-12-02,P000382,Orville Hitchcock Platt,CT,3,Republican,Republican,1827-07-19,62,136,62.3726
51,1889-12-02,S000741,John Coit Spooner,WI,3,Republican,Republican,1843-01-06,46,330,46.9041
51,1889-12-02,T000116,Henry Moore Teller,CO,3,Republican,Republican,1830-05-23,59,193,59.5288
51,1889-12-02,A000083,Nelson Wilmarth Aldrich,RI,1,Republican,Republican,1841-11-06,48,26,48.0712
51,1889-12-02,D000035,John Warwick Daniel,VA,1,Democratic,Democrat,1842-09-05,47,88,47.2411
51,1889-12-02,H000029,Eugene Hale,ME,1,Republican,Republican,1836-06-09,53,176,53.4822
51,1889-12-02,C000973,Shelby Moore Cullom,IL,2,Republican,Republican,1829-11-22,60,10,60.0274
51,1889-12-02,F000398,William Pierce Frye,ME,2,Republican,Republican,1830-09-02,59,91,59.2493
52,1891-12-07,B000562,Rufus Blodgett,NJ,1,Democratic,Democrat,1834-10-09,57,59,57.1612
52,1891-12-07,D000148,Henry Laurens Dawes,MA,1,Republican,Republican,1816-10-30,75,38,75.1038
52,1891-12-07,E000056,George Franklin Edmunds,VT,1,Republican,Republican,1828-02-01,63,309,63.8466
52,1891-12-07,H000643,Frank Hiscock,NY,1,Republican,Republican,1834-09-06,57,92,57.2514
52,1891-12-07,P000010,Algernon Sidney Paddock,NE,1,Republican,Republican,1830-11-09,61,28,61.0765
52,1891-12-07,R000098,John Henninger Reagan,TX,1,Democratic,Democrat,1818-10-08,73,60,73.1639
52,1891-12-07,S000091,Philetus Sawyer,WI,1,Republican,Republican,1816-09-22,75,76,75.2077
52,1891-12-07,A000130,John Beard Allen,WA,1,Republican,Republican,1845-05-18,46,203,46.5546
52,1891-12-07,B000129,John Strode Barbour,VA,2,Democratic,Democrat,1820-12-29,70,343,70.9397
52,1891-12-07,B001184,Matthew Calbraith Butler,SC,2,Democratic,Democrat,1836-03-08,55,274,55.7486
52,1891-12-07,C000227,Lyman Rufus Casey,ND,1,Republican,Republican,1837-05-06,54,215,54.5874
52,1891-12-07,C000601,Richard Coke,TX,2,Democratic,Democrat,1829-03-13,62,269,62.735
52,1891-12-07,C000647,Alfred Holt Colquitt,GA,2,Democratic,Democrat,1824-04-20,67,231,67.6311
52,1891-12-07,D000377,Nathan Fellows Dixon,RI,2,Republican,Republican,1847-08-28,44,101,44.276
52,1891-12-07,D000405,Joseph Norton Dolph,OR,2,Republican,Republican,1835-10-19,56,49,56.1339
52,1891-12-07,G000165,Randall Lee Gibson,LA,2,Democratic,Democrat,1832-09-10,59,88,59.2404
52,1891-12-07,H000577,Anthony Higgins,DE,2,Republican,Republican,1840-10-01,51,67,51.1831
52,1891-12-07,K000099,John Edward Kenna,WV,2,Democratic,Democrat,1848-04-10,43,241,43.6585
52,1891-12-07,M000095,Charles Frederick Manderson,NE,2,Republican,Republican,1837-02-09,54,301,54.8247
52,1891-12-07,M000593,John Rhoderic McPherson,NJ,2,Democratic,Democrat,1833-05-09,58,212,58.5792
52,1891-12-07,P000389,Preston B. Plumb,KS,2,Republican,Republican,1837-10-12,54,56,54.153
52,1891-12-07,R000062,Matt Whitaker Ransom,NC,2,Democratic,Democrat,1826-10-08,65,60,65.1639
52,1891-12-07,W000175,William Drew Washburn,MN,2,Republican,Republican,1831-01-14,60,327,60.8959
52,1891-12-07,W000594,James Falconer Wilson,IA,2,Republican,Republican,1828-10-19,63,49,63.1339
52,1891-12-07,C000145,Joseph Maull Carey,WY,2,Republican,Republican,1845-01-19,46,322,46.8822
52,1891-12-07,C000152,John Griffin Carlisle,KY,2,Democratic,Democrat,1834-09-05,57,93,57.2541
52,1891-12-07,P000486,Thomas Charles Power,MT,2,Republican,Republican,1839-05-22,52,199,52.5437
52,1891-12-07,S000039,Wilbur Fiske Sanders,MT,1,Republican,Republican,1834-05-02,57,219,57.5984
52,1891-12-07,B000818,Calvin Stewart Brice,OH,3,Democratic,Democrat,1845-09-17,46,81,46.2213
52,1891-12-07,C000051,Wilkinson Call,FL,3,Democratic,Democrat,1834-01-09,57,332,57.9096
52,1891-12-07,C000065,James Donald Cameron,PA,3,Republican,Republican,1833-05-14,58,207,58.5656
52,1891-12-07,F000068,Charles Norton Felton,CA,1,Republican,Republican,1832-01-01,59,340,59.9315
52,1891-12-07,G000157,Charles Hopper Gibson,MD,3,Democratic,Democrat,1842-01-19,49,322,49.8822
52,1891-12-07,G000313,John Brown Gordon,GA,3,Democratic,Democrat,1832-02-06,59,304,59.8329
52,1891-12-07,I000027,John Laurens Manning Irby,SC,3,Democratic,Democrat,1854-09-10,37,88,37.2404
52,1891-12-07,P000042,John McAuley Palmer,IL,3,Democratic,Democrat,1817-09-13,74,85,74.2322
52,1891-12-07,P000188,William Alfred Peffer,KS,3,Other,Populist,1831-09-10,60,88,60.2404
52,1891-12-07,P000561,James Lawrence Pugh,AL,3,Democratic,Democrat,1820-12-12,70,360,70.9863
52,1891-12-07,S000761,Watson Carvosso Squire,WA,3,Republican,Republican,1838-05-18,53,203,53.5546
52,1891-12-07,S000793,Leland Stanford,CA,3,Republican,Republican,1824-03-09,67,273,67.7459
52,1891-12-07,V000021,Zebulon Baird Vance,NC,3,Democratic,Democrat,1830-05-13,61,208,61.5683
52,1891-12-07,V000099,William Freeman Vilas,WI,3,Democratic,Democrat,1840-07-09,51,151,51.4126
52,1891-12-07,V000116,Daniel Wolsey Voorhees,IN,3,Democratic,Democrat,1827-09-26,64,72,64.1967
52,1891-12-07,W000366,Edward Douglass White,LA,3,Democratic,Democrat,1845-11-03,46,34,46.0929
52,1891-12-07,F000045,Charles James Faulkner,WV,1,Democratic,Democrat,1847-09-21,44,77,44.2104
52,1891-12-07,G000127,James Zachariah George,MS,1,Democratic,Democrat,1826-10-20,65,48,65.1311
52,1891-12-07,G000396,George Gray,DE,1,Democratic,Democrat,1840-05-04,51,217,51.5929
52,1891-12-07,P000095,Samuel Pasco,FL,1,Democratic,Democrat,1834-06-28,57,162,57.4426
52,1891-12-07,S000346,John Sherman,OH,1,Republican,Republican,1823-05-10,68,211,68.5765
52,1891-12-07,S000932,Francis Brown Stockbridge,MI,1,Republican,Republican,1826-04-09,65,242,65.6612
52,1891-12-07,T000432,David Turpie,IN,1,Democratic,Democrat,1828-07-08,63,152,63.4153
52,1891-12-07,C000298,William Eaton Chandler,NH,2,Republican,Republican,1835-12-28,55,344,55.9425
52,1891-12-07,C000357,Horace Chilton,TX,1,Democratic,Democrat,1853-12-29,37,343,37.9397
52,1891-12-07,H000243,Isham Green Harris,TN,2,Democratic,Democrat,1818-02-10,73,300,73.8219
52,1891-12-07,P000271,Richard Franklin Pettigrew,SD,2,Republican,Republican,1848-07-23,43,137,43.3743
52,1891-12-07,S000382,George Laird Shoup,ID,2,Republican,Republican,1836-06-15,55,175,55.4781
52,1891-12-07,W000111,Edward Cary Walthall,MS,2,Democratic,Democrat,1831-04-04,60,247,60.6749
52,1891-12-07,W000667,Edward Oliver Wolcott,CO,2,Republican,Republican,1848-03-26,43,256,43.6995
52,1891-12-07,J000231,James Kimbrough Jones,AR,3,Democratic,Democrat,1839-09-29,52,69,52.1885
52,1891-12-07,J000237,John Percival Jones,NV,3,Republican,Republican,1829-01-27,62,314,62.8603
52,1891-12-07,K000353,James Henderson Kyle,SD,3,Other,Populist,1854-02-24,37,286,37.7836
52,1891-12-07,M000969,Justin Smith Morrill,VT,3,Republican,Republican,1810-04-14,81,237,81.6475
52,1891-12-07,V000091,George Graham Vest,MO,3,Democratic,Democrat,1830-12-06,61,1,61.0027
52,1891-12-07,B000227,William Brimage Bate,TN,1,Democratic,Democrat,1826-10-07,65,61,65.1667
52,1891-12-07,C000576,Francis Marion Cockrell,MO,1,Democratic,Democrat,1834-10-01,57,67,57.1831
52,1891-12-07,D000095,Cushman Kellogg Davis,MN,1,Republican,Republican,1838-06-16,53,174,53.4754
52,1891-12-07,H000377,Joseph Roswell Hawley,CT,1,Republican,Republican,1826-10-31,65,37,65.1011
52,1891-12-07,S000922,William Morris Stewart,NV,1,Republican,Republican,1827-08-09,64,120,64.3279
52,1891-12-07,B000418,James Henderson Berry,AR,2,Democratic,Democrat,1841-05-15,50,206,50.5628
52,1891-12-07,B000508,Joseph Clay Stiles Blackburn,KY,3,Democratic,Democrat,1838-10-01,53,67,53.1831
52,1891-12-07,D000509,Fred Thomas Dubois,ID,3,Republican,Republican,1851-05-29,40,192,40.5246
52,1891-12-07,H000654,George Frisbie Hoar,MA,2,Republican,Republican,1826-08-29,65,100,65.2732
52,1891-12-07,M000567,James McMillan,MI,2,Republican,Republican,1838-05-12,53,209,53.571
52,1891-12-07,M000818,John Hipple Mitchell,OR,3,Republican,Republican,1835-06-22,56,168,56.459
52,1891-12-07,M000954,John Tyler Morgan,AL,2,Democratic,Democrat,1824-06-20,67,170,67.4645
52,1891-12-07,Q000006,Matthew Stanley Quay,PA,1,Republican,Republican,1833-09-30,58,68,58.1858
52,1891-12-07,A000160,William Boyd Allison,IA,3,Republican,Republican,1829-03-02,62,280,62.765
52,1891-12-07,G000326,Arthur Pue Gorman,MD,1,Democratic,Democrat,1839-03-11,52,271,52.7404
52,1891-12-07,H000169,Henry Clay Hansbrough,ND,3,Republican,Republican,1848-01-30,43,311,43.8521
52,1891-12-07,P000382,Orville Hitchcock Platt,CT,3,Republican,Republican,1827-07-19,64,141,64.3852
52,1891-12-07,T000116,Henry Moore Teller,CO,3,Republican,Republican,1830-05-23,61,198,61.541
52,1891-12-07,A000083,Nelson Wilmarth Aldrich,RI,1,Republican,Republican,1841-11-06,50,31,50.0847
52,1891-12-07,D000035,John Warwick Daniel,VA,1,Democratic,Democrat,1842-09-05,49,93,49.2541
52,1891-12-07,H000029,Eugene Hale,ME,1,Republican,Republican,1836-06-09,55,181,55.4945
52,1891-12-07,P000547,Redfield Proctor,VT,1,Republican,Republican,1831-06-01,60,189,60.5164
52,1891-12-07,C000973,Shelby Moore Cullom,IL,2,Republican,Republican,1829-11-22,62,15,62.041
52,1891-12-07,F000398,William Pierce Frye,ME,2,Republican,Republican,1830-09-02,61,96,61.2623
52,1891-12-07,G000023,Jacob Harold Gallinger,NH,3,Republican,Republican,1837-03-28,54,254,54.694
52,1891-12-07,W000164,Francis Emroy Warren,WY,1,Republican,Republican,1844-06-20,47,170,47.4645
53,1893-08-07,B001184,Matthew Calbraith Butler,SC,2,Democratic,Democrat,1836-03-08,57,152,57.4164
53,1893-08-07,C000601,Richard Coke,TX,2,Democratic,Democrat,1829-03-13,64,147,64.4027
53,1893-08-07,C000647,Alfred Holt Colquitt,GA,2,Democratic,Democrat,1824-04-20,69,109,69.2986
53,1893-08-07,D000377,Nathan Fellows Dixon,RI,2,Republican,Republican,1847-08-28,45,344,45.9425
53,1893-08-07,D000405,Joseph Norton Dolph,OR,2,Republican,Republican,1835-10-19,57,292,57.8
53,1893-08-07,H000577,Anthony Higgins,DE,2,Republican,Republican,1840-10-01,52,310,52.8493
53,1893-08-07,K000099,John Edward Kenna,WV,2,Democratic,Democrat,1848-04-10,45,119,45.326
53,1893-08-07,M000095,Charles Frederick Manderson,NE,2,Republican,Republican,1837-02-09,56,179,56.4904
53,1893-08-07,M000593,John Rhoderic McPherson,NJ,2,Democratic,Democrat,1833-05-09,60,90,60.2466
53,1893-08-07,R000062,Matt Whitaker Ransom,NC,2,Democratic,Democrat,1826-10-08,66,303,66.8301
53,1893-08-07,W000175,William Drew Washburn,MN,2,Republican,Republican,1831-01-14,62,205,62.5616
53,1893-08-07,W000594,James Falconer Wilson,IA,2,Republican,Republican,1828-10-19,64,292,64.8
53,1893-08-07,C000145,Joseph Maull Carey,WY,2,Republican,Republican,1845-01-19,48,200,48.5479
53,1893-08-07,C000152,John Griffin Carlisle,KY,2,Democratic,Democrat,1834-09-05,58,336,58.9205
53,1893-08-07,P000486,Thomas Charles Power,MT,2,Republican,Republican,1839-05-22,54,77,54.211
53,1893-08-07,B000818,Calvin Stewart Brice,OH,3,Democratic,Democrat,1845-09-17,47,324,47.8877
53,1893-08-07,C000051,Wilkinson Call,FL,3,Democratic,Democrat,1834-01-09,59,210,59.5753
53,1893-08-07,C000065,James Donald Cameron,PA,3,Republican,Republican,1833-05-14,60,85,60.2329
53,1893-08-07,G000157,Charles Hopper Gibson,MD,3,Democratic,Democrat,1842-01-19,51,200,51.5479
53,1893-08-07,G000313,John Brown Gordon,GA,3,Democratic,Democrat,1832-02-06,61,182,61.4986
53,1893-08-07,I000027,John Laurens Manning Irby,SC,3,Democratic,Democrat,1854-09-10,38,331,38.9068
53,1893-08-07,P000042,John McAuley Palmer,IL,3,Democratic,Democrat,1817-09-13,75,328,75.8986
53,1893-08-07,P000188,William Alfred Peffer,KS,3,Other,Populist,1831-09-10,61,331,61.9068
53,1893-08-07,P000561,James Lawrence Pugh,AL,3,Democratic,Democrat,1820-12-12,72,238,72.6521
53,1893-08-07,S000761,Watson Carvosso Squire,WA,3,Republican,Republican,1838-05-18,55,81,55.2219
53,1893-08-07,V000021,Zebulon Baird Vance,NC,3,Democratic,Democrat,1830-05-13,63,86,63.2356
53,1893-08-07,V000099,William Freeman Vilas,WI,3,Democratic,Democrat,1840-07-09,53,29,53.0795
53,1893-08-07,V000116,Daniel Wolsey Voorhees,IN,3,Democratic,Democrat,1827-09-26,65,315,65.863
53,1893-08-07,W000366,Edward Douglass White,LA,3,Democratic,Democrat,1845-11-03,47,277,47.7589
53,1893-08-07,H000590,David Bennett Hill,NY,3,Democratic,Democrat,1843-08-29,49,343,49.9397
53,1893-08-07,H000999,Eppa Hunton,VA,2,Democratic,Democrat,1822-09-22,70,319,70.874
53,1893-08-07,M000777,Roger Quarles Mills,TX,1,Democratic,Democrat,1832-03-30,61,130,61.3562
53,1893-08-07,P000228,Bishop Walden Perkins,KS,2,Republican,Republican,1841-10-18,51,293,51.8027
53,1893-08-07,C000062,Johnson Newlon Camden,WV,2,Democratic,Democrat,1828-03-06,65,154,65.4219
53,1893-08-07,F000045,Charles James Faulkner,WV,1,Democratic,Democrat,1847-09-21,45,320,45.8767
53,1893-08-07,G000127,James Zachariah George,MS,1,Democratic,Democrat,1826-10-20,66,291,66.7973
53,1893-08-07,G000396,George Gray,DE,1,Democratic,Democrat,1840-05-04,53,95,53.2603
53,1893-08-07,M000185,John Martin,KS,2,Democratic,Democrat,1833-11-12,59,268,59.7342
53,1893-08-07,M000821,John Lendrum Mitchell,WI,1,Democratic,Democrat,1842-10-19,50,292,50.8
53,1893-08-07,M001090,Edward Murphy,NY,1,Democratic,Democrat,1836-12-15,56,235,56.6438
53,1893-08-07,P000095,Samuel Pasco,FL,1,Democratic,Democrat,1834-06-28,59,40,59.1096
53,1893-08-07,R000290,William Nathaniel Roach,ND,1,Democratic,Democrat,1840-09-25,52,316,52.8658
53,1893-08-07,S000346,John Sherman,OH,1,Republican,Republican,1823-05-10,70,89,70.2438
53,1893-08-07,S000561,James Smith,NJ,1,Democratic,Democrat,1851-06-12,42,56,42.1534
53,1893-08-07,S000932,Francis Brown Stockbridge,MI,1,Republican,Republican,1826-04-09,67,120,67.3288
53,1893-08-07,T000432,David Turpie,IN,1,Democratic,Democrat,1828-07-08,65,30,65.0822
53,1893-08-07,W000394,Stephen Mallory White,CA,1,Democratic,Democrat,1853-01-19,40,200,40.5479
53,1893-08-07,C000016,Donelson Caffery,LA,2,Democratic,Democrat,1835-09-10,57,331,57.9068
53,1893-08-07,C000298,William Eaton Chandler,NH,2,Republican,Republican,1835-12-28,57,222,57.6082
53,1893-08-07,H000243,Isham Green Harris,TN,2,Democratic,Democrat,1818-02-10,75,178,75.4877
53,1893-08-07,L000327,William Lindsay,KY,2,Democratic,Democrat,1835-09-04,57,337,57.9233
53,1893-08-07,P000271,Richard Franklin Pettigrew,SD,2,Republican,Republican,1848-07-23,45,15,45.0411
53,1893-08-07,S000382,George Laird Shoup,ID,2,Republican,Republican,1836-06-15,57,53,57.1452
53,1893-08-07,W000111,Edward Cary Walthall,MS,2,Democratic,Democrat,1831-04-04,62,125,62.3425
53,1893-08-07,W000667,Edward Oliver Wolcott,CO,2,Republican,Republican,1848-03-26,45,134,45.3671
53,1893-08-07,J000231,James Kimbrough Jones,AR,3,Democratic,Democrat,1839-09-29,53,312,53.8548
53,1893-08-07,J000237,John Percival Jones,NV,3,Republican,Republican,1829-01-27,64,192,64.526
53,1893-08-07,K000353,James Henderson Kyle,SD,3,Other,Populist,1854-02-24,39,164,39.4493
53,1893-08-07,M000969,Justin Smith Morrill,VT,3,Republican,Republican,1810-04-14,83,115,83.3151
53,1893-08-07,V000091,George Graham Vest,MO,3,Democratic,Democrat,1830-12-06,62,244,62.6685
53,1893-08-07,A000153,William Vincent Allen,NE,1,Other,Populist,1847-01-28,46,191,46.5233
53,1893-08-07,B000227,William Brimage Bate,TN,1,Democratic,Democrat,1826-10-07,66,304,66.8329
53,1893-08-07,C000576,Francis Marion Cockrell,MO,1,Democratic,Democrat,1834-10-01,58,310,58.8493
53,1893-08-07,D000095,Cushman Kellogg Davis,MN,1,Republican,Republican,1838-06-16,55,52,55.1425
53,1893-08-07,H000377,Joseph Roswell Hawley,CT,1,Republican,Republican,1826-10-31,66,280,66.7671
53,1893-08-07,S000922,William Morris Stewart,NV,1,Other,Silver,1827-08-09,65,363,65.9945
53,1893-08-07,B000418,James Henderson Berry,AR,2,Democratic,Democrat,1841-05-15,52,84,52.2301
53,1893-08-07,B000508,Joseph Clay Stiles Blackburn,KY,3,Democratic,Democrat,1838-10-01,54,310,54.8493
53,1893-08-07,D000509,Fred Thomas Dubois,ID,3,Republican,Republican,1851-05-29,42,70,42.1918
53,1893-08-07,H000654,George Frisbie Hoar,MA,2,Republican,Republican,1826-08-29,66,343,66.9397
53,1893-08-07,M000567,James McMillan,MI,2,Republican,Republican,1838-05-12,55,87,55.2384
53,1893-08-07,M000818,John Hipple Mitchell,OR,3,Republican,Republican,1835-06-22,58,46,58.126
53,1893-08-07,M000954,John Tyler Morgan,AL,2,Democratic,Democrat,1824-06-20,69,48,69.1315
53,1893-08-07,Q000006,Matthew Stanley Quay,PA,1,Republican,Republican,1833-09-30,59,311,59.8521
53,1893-08-07,A000160,William Boyd Allison,IA,3,Republican,Republican,1829-03-02,64,158,64.4329
53,1893-08-07,G000326,Arthur Pue Gorman,MD,1,Democratic,Democrat,1839-03-11,54,149,54.4082
53,1893-08-07,H000169,Henry Clay Hansbrough,ND,3,Republican,Republican,1848-01-30,45,189,45.5178
53,1893-08-07,P000382,Orville Hitchcock Platt,CT,3,Republican,Republican,1827-07-19,66,19,66.0521
53,1893-08-07,T000116,Henry Moore Teller,CO,3,Republican,Republican,1830-05-23,63,76,63.2082
53,1893-08-07,A000083,Nelson Wilmarth Aldrich,RI,1,Republican,Republican,1841-11-06,51,274,51.7507
53,1893-08-07,D000035,John Warwick Daniel,VA,1,Democratic,Democrat,1842-09-05,50,336,50.9205
53,1893-08-07,H000029,Eugene Hale,ME,1,Republican,Republican,1836-06-09,57,59,57.1616
53,1893-08-07,P000547,Redfield Proctor,VT,1,Republican,Republican,1831-06-01,62,67,62.1836
53,1893-08-07,C000973,Shelby Moore Cullom,IL,2,Republican,Republican,1829-11-22,63,258,63.7068
53,1893-08-07,F000398,William Pierce Frye,ME,2,Republican,Republican,1830-09-02,62,339,62.9288
53,1893-08-07,P000232,George Clement Perkins,CA,3,Republican,Republican,1839-08-23,53,349,53.9562
53,1893-08-07,G000023,Jacob Harold Gallinger,NH,3,Republican,Republican,1837-03-28,56,132,56.3616
53,1893-08-07,L000393,Henry Cabot Lodge,MA,1,Republican,Republican,1850-05-12,43,87,43.2384
54,1895-12-02,B000818,Calvin Stewart Brice,OH,3,Democratic,Democrat,1845-09-17,50,76,50.2077
54,1895-12-02,C000051,Wilkinson Call,FL,3,Democratic,Democrat,1834-01-09,61,327,61.8959
54,1895-12-02,C000065,James Donald Cameron,PA,3,Republican,Republican,1833-05-14,62,202,62.5519
54,1895-12-02,G000157,Charles Hopper Gibson,MD,3,Democratic,Democrat,1842-01-19,53,317,53.8685
54,1895-12-02,G000313,John Brown Gordon,GA,3,Democratic,Democrat,1832-02-06,63,299,63.8192
54,1895-12-02,I000027,John Laurens Manning Irby,SC,3,Democratic,Democrat,1854-09-10,41,83,41.2268
54,1895-12-02,P000042,John McAuley Palmer,IL,3,Democratic,Democrat,1817-09-13,78,80,78.2186
54,1895-12-02,P000188,William Alfred Peffer,KS,3,Other,Populist,1831-09-10,64,83,64.2268
54,1895-12-02,P000561,James Lawrence Pugh,AL,3,Democratic,Democrat,1820-12-12,74,355,74.9726
54,1895-12-02,S000761,Watson Carvosso Squire,WA,3,Republican,Republican,1838-05-18,57,198,57.541
54,1895-12-02,V000099,William Freeman Vilas,WI,3,Democratic,Democrat,1840-07-09,55,146,55.3989
54,1895-12-02,V000116,Daniel Wolsey Voorhees,IN,3,Democratic,Democrat,1827-09-26,68,67,68.1831
54,1895-12-02,H000590,David Bennett Hill,NY,3,Democratic,Democrat,1843-08-29,52,95,52.2596
54,1895-12-02,M000777,Roger Quarles Mills,TX,1,Democratic,Democrat,1832-03-30,63,247,63.6749
54,1895-12-02,F000045,Charles James Faulkner,WV,1,Democratic,Democrat,1847-09-21,48,72,48.1967
54,1895-12-02,G000127,James Zachariah George,MS,1,Democratic,Democrat,1826-10-20,69,43,69.1175
54,1895-12-02,G000396,George Gray,DE,1,Democratic,Democrat,1840-05-04,55,212,55.5792
54,1895-12-02,M000821,John Lendrum Mitchell,WI,1,Democratic,Democrat,1842-10-19,53,44,53.1202
54,1895-12-02,M001090,Edward Murphy,NY,1,Democratic,Democrat,1836-12-15,58,352,58.9644
54,1895-12-02,P000095,Samuel Pasco,FL,1,Democratic,Democrat,1834-06-28,61,157,61.429
54,1895-12-02,R000290,William Nathaniel Roach,ND,1,Democratic,Democrat,1840-09-25,55,68,55.1858
54,1895-12-02,S000346,John Sherman,OH,1,Republican,Republican,1823-05-10,72,206,72.5628
54,1895-12-02,S000561,James Smith,NJ,1,Democratic,Democrat,1851-06-12,44,173,44.4727
54,1895-12-02,T000432,David Turpie,IN,1,Democratic,Democrat,1828-07-08,67,147,67.4016
54,1895-12-02,W000394,Stephen Mallory White,CA,1,Democratic,Democrat,1853-01-19,42,317,42.8685
54,1895-12-02,B000541,Newton Crain Blanchard,LA,3,Democratic,Democrat,1849-01-29,46,307,46.8411
54,1895-12-02,J000063,Thomas Jordan Jarvis,NC,3,Democratic,Democrat,1836-01-18,59,318,59.8712
54,1895-12-02,P000141,John Patton,MI,1,Republican,Republican,1850-10-30,45,33,45.0902
54,1895-12-02,B000070,Lucien Baker,KS,2,Republican,Republican,1846-06-08,49,177,49.4836
54,1895-12-02,B001183,Marion Butler,NC,2,Other,Populist,1863-05-20,32,196,32.5355
54,1895-12-02,C000016,Donelson Caffery,LA,2,Democratic,Democrat,1835-09-10,60,83,60.2268
54,1895-12-02,C000298,William Eaton Chandler,NH,2,Republican,Republican,1835-12-28,59,339,59.9288
54,1895-12-02,C000357,Horace Chilton,TX,2,Democratic,Democrat,1853-12-29,41,338,41.926
54,1895-12-02,G000110,John Henry Gear,IA,2,Republican,Republican,1825-04-07,70,239,70.653
54,1895-12-02,H000243,Isham Green Harris,TN,2,Democratic,Democrat,1818-02-10,77,295,77.8082
54,1895-12-02,L000327,William Lindsay,KY,2,Democratic,Democrat,1835-09-04,60,89,60.2432
54,1895-12-02,M000116,Lee Mantle,MT,1,Other,Silver Republican,1851-12-13,43,354,43.9699
54,1895-12-02,M000300,George Wycliffe McBride,OR,2,Republican,Republican,1854-03-13,41,264,41.7213
54,1895-12-02,P000271,Richard Franklin Pettigrew,SD,2,Other,Silver Republican,1848-07-23,47,132,47.3607
54,1895-12-02,S000262,William Joyce Sewell,NJ,2,Republican,Republican,1835-12-06,59,361,59.989
54,1895-12-02,S000382,George Laird Shoup,ID,2,Republican,Republican,1836-06-15,59,170,59.4645
54,1895-12-02,T000256,John Mellen Thurston,NE,2,Republican,Republican,1847-08-21,48,103,48.2814
54,1895-12-02,W000111,Edward Cary Walthall,MS,2,Democratic,Democrat,1831-04-04,64,242,64.6612
54,1895-12-02,W000602,John Lockwood Wilson,WA,1,Republican,Republican,1850-08-07,45,117,45.3197
54,1895-12-02,W000667,Edward Oliver Wolcott,CO,2,Republican,Republican,1848-03-26,47,251,47.6858
54,1895-12-02,J000231,James Kimbrough Jones,AR,3,Democratic,Democrat,1839-09-29,56,64,56.1749
54,1895-12-02,J000237,John Percival Jones,NV,3,Republican,Republican,1829-01-27,66,309,66.8466
54,1895-12-02,K000353,James Henderson Kyle,SD,3,Other,Populist,1854-02-24,41,281,41.7699
54,1895-12-02,M000969,Justin Smith Morrill,VT,3,Republican,Republican,1810-04-14,85,232,85.6339
54,1895-12-02,P000545,Jeter Connelly Pritchard,NC,3,Republican,Republican,1857-07-12,38,143,38.3907
54,1895-12-02,V000091,George Graham Vest,MO,3,Democratic,Democrat,1830-12-06,64,361,64.989
54,1895-12-02,A000153,William Vincent Allen,NE,1,Other,Populist,1847-01-28,48,308,48.8438
54,1895-12-02,B000227,William Brimage Bate,TN,1,Democratic,Democrat,1826-10-07,69,56,69.153
54,1895-12-02,C000576,Francis Marion Cockrell,MO,1,Democratic,Democrat,1834-10-01,61,62,61.1694
54,1895-12-02,D000095,Cushman Kellogg Davis,MN,1,Republican,Republican,1838-06-16,57,169,57.4617
54,1895-12-02,H000377,Joseph Roswell Hawley,CT,1,Republican,Republican,1826-10-31,69,32,69.0874
54,1895-12-02,S000922,William Morris Stewart,NV,1,Other,Silver,1827-08-09,68,115,68.3142
54,1895-12-02,B000418,James Henderson Berry,AR,2,Democratic,Democrat,1841-05-15,54,201,54.5492
54,1895-12-02,B000508,Joseph Clay Stiles Blackburn,KY,3,Democratic,Democrat,1838-10-01,57,62,57.1694
54,1895-12-02,D000509,Fred Thomas Dubois,ID,3,Republican,Republican,1851-05-29,44,187,44.5109
54,1895-12-02,H000654,George Frisbie Hoar,MA,2,Republican,Republican,1826-08-29,69,95,69.2596
54,1895-12-02,M000567,James McMillan,MI,2,Republican,Republican,1838-05-12,57,204,57.5574
54,1895-12-02,M000818,John Hipple Mitchell,OR,3,Republican,Republican,1835-06-22,60,163,60.4454
54,1895-12-02,M000954,John Tyler Morgan,AL,2,Democratic,Democrat,1824-06-20,71,165,71.4508
54,1895-12-02,Q000006,Matthew Stanley Quay,PA,1,Republican,Republican,1833-09-30,62,63,62.1721
54,1895-12-02,A000160,William Boyd Allison,IA,3,Republican,Republican,1829-03-02,66,275,66.7514
54,1895-12-02,G000326,Arthur Pue Gorman,MD,1,Democratic,Democrat,1839-03-11,56,266,56.7268
54,1895-12-02,H000169,Henry Clay Hansbrough,ND,3,Republican,Republican,1848-01-30,47,306,47.8384
54,1895-12-02,P000382,Orville Hitchcock Platt,CT,3,Republican,Republican,1827-07-19,68,136,68.3716
54,1895-12-02,T000116,Henry Moore Teller,CO,3,Republican,Republican,1830-05-23,65,193,65.5273
54,1895-12-02,A000083,Nelson Wilmarth Aldrich,RI,1,Republican,Republican,1841-11-06,54,26,54.071
54,1895-12-02,B001142,Julius Caesar Burrows,MI,1,Republican,Republican,1837-01-09,58,327,58.8959
54,1895-12-02,C000200,Thomas Henry Carter,MT,2,Republican,Republican,1854-10-30,41,33,41.0902
54,1895-12-02,D000035,John Warwick Daniel,VA,1,Democratic,Democrat,1842-09-05,53,88,53.2404
54,1895-12-02,H000029,Eugene Hale,ME,1,Republican,Republican,1836-06-09,59,176,59.4809
54,1895-12-02,P000547,Redfield Proctor,VT,1,Republican,Republican,1831-06-01,64,184,64.5027
54,1895-12-02,C000973,Shelby Moore Cullom,IL,2,Republican,Republican,1829-11-22,66,10,66.0273
54,1895-12-02,E000110,Stephen Benton Elkins,WV,2,Republican,Republican,1841-09-26,54,67,54.1831
54,1895-12-02,F000398,William Pierce Frye,ME,2,Republican,Republican,1830-09-02,65,91,65.2486
54,1895-12-02,W000312,George Peabody Wetmore,RI,2,Republican,Republican,1846-08-02,49,122,49.3333
54,1895-12-02,P000232,George Clement Perkins,CA,3,Republican,Republican,1839-08-23,56,101,56.276
54,1895-12-02,C000425,Clarence Don Clark,WY,1,Republican,Republican,1851-04-16,44,230,44.6284
54,1895-12-02,B000014,Augustus Octavius Bacon,GA,2,Democratic,Democrat,1839-10-20,56,43,56.1175
54,1895-12-02,M000200,Thomas Staples Martin,VA,2,Democratic,Democrat,1847-07-29,48,126,48.3443
54,1895-12-02,T000274,Benjamin Ryan Tillman,SC,2,Democratic,Democrat,1847-08-11,48,113,48.3087
54,1895-12-02,G000023,Jacob Harold Gallinger,NH,3,Republican,Republican,1837-03-28,58,249,58.6803
54,1895-12-02,N000040,Knute Nelson,MN,2,Republican,Republican,1843-02-02,52,303,52.8301
54,1895-12-02,L000393,Henry Cabot Lodge,MA,1,Republican,Republican,1850-05-12,45,204,45.5574
54,1895-12-02,W000164,Francis Emroy Warren,WY,2,Republican,Republican,1844-06-20,51,165,51.4508
55,1897-03-15,M000777,Roger Quarles Mills,TX,1,Democratic,Democrat,1832-03-30,64,350,64.9589
55,1897-03-15,F000045,Charles James Faulkner,WV,1,Democratic,Democrat,1847-09-21,49,175,49.4795
55,1897-03-15,G000127,James Zachariah George,MS,1,Democratic,Democrat,1826-10-20,70,146,70.4
55,1897-03-15,G000396,George Gray,DE,1,Democratic,Democrat,1840-05-04,56,315,56.863
55,1897-03-15,M000821,John Lendrum Mitchell,WI,1,Democratic,Democrat,1842-10-19,54,147,54.4027
55,1897-03-15,M001090,Edward Murphy,NY,1,Democratic,Democrat,1836-12-15,60,90,60.2466
55,1897-03-15,P000095,Samuel Pasco,FL,1,Democratic,Democrat,1834-06-28,62,260,62.7123
55,1897-03-15,R000290,William Nathaniel Roach,ND,1,Democratic,Democrat,1840-09-25,56,171,56.4685
55,1897-03-15,S000346,John Sherman,OH,1,Republican,Republican,1823-05-10,73,309,73.8466
55,1897-03-15,S000561,James Smith,NJ,1,Democratic,Democrat,1851-06-12,45,276,45.7562
55,1897-03-15,T000432,David Turpie,IN,1,Democratic,Democrat,1828-07-08,68,250,68.6849
55,1897-03-15,W000394,Stephen Mallory White,CA,1,Democratic,Democrat,1853-01-19,44,55,44.1507
55,1897-03-15,B000070,Lucien Baker,KS,2,Republican,Republican,1846-06-08,50,280,50.7671
55,1897-03-15,B001183,Marion Butler,NC,2,Other,Populist,1863-05-20,33,299,33.8192
55,1897-03-15,C000016,Donelson Caffery,LA,2,Democratic,Democrat,1835-09-10,61,186,61.5096
55,1897-03-15,C000298,William Eaton Chandler,NH,2,Republican,Republican,1835-12-28,61,77,61.211
55,1897-03-15,C000357,Horace Chilton,TX,2,Democratic,Democrat,1853-12-29,43,76,43.2082
55,1897-03-15,G000110,John Henry Gear,IA,2,Republican,Republican,1825-04-07,71,342,71.937
55,1897-03-15,H000243,Isham Green Harris,TN,2,Democratic,Democrat,1818-02-10,79,33,79.0904
55,1897-03-15,L000327,William Lindsay,KY,2,Democratic,Democrat,1835-09-04,61,192,61.526
55,1897-03-15,M000116,Lee Mantle,MT,1,Other,Silver Republican,1851-12-13,45,92,45.2521
55,1897-03-15,M000300,George Wycliffe McBride,OR,2,Republican,Republican,1854-03-13,43,2,43.0055
55,1897-03-15,P000271,Richard Franklin Pettigrew,SD,2,Other,Silver Republican,1848-07-23,48,235,48.6438
55,1897-03-15,S000262,William Joyce Sewell,NJ,2,Republican,Republican,1835-12-06,61,99,61.2712
55,1897-03-15,S000382,George Laird Shoup,ID,2,Republican,Republican,1836-06-15,60,273,60.7479
55,1897-03-15,T000256,John Mellen Thurston,NE,2,Republican,Republican,1847-08-21,49,206,49.5644
55,1897-03-15,W000111,Edward Cary Walthall,MS,2,Democratic,Democrat,1831-04-04,65,345,65.9452
55,1897-03-15,W000602,John Lockwood Wilson,WA,1,Republican,Republican,1850-08-07,46,220,46.6027
55,1897-03-15,W000667,Edward Oliver Wolcott,CO,2,Republican,Republican,1848-03-26,48,354,48.9699
55,1897-03-15,C000118,Frank Jenne Cannon,UT,1,Other,Silver Republican,1859-01-25,38,49,38.1342
55,1897-03-15,D000182,William Joseph Deboe,KY,3,Republican,Republican,1849-06-30,47,258,47.7068
55,1897-03-15,E000009,Joseph Haynsworth Earle,SC,3,Democratic,Democrat,1847-04-30,49,319,49.874
55,1897-03-15,H000258,William Alexander Harris,KS,3,Other,Populist,1841-10-29,55,137,55.3753
55,1897-03-15,H000458,Henry Heitfeld,ID,3,Democratic,Democrat,1859-01-12,38,62,38.1699
55,1897-03-15,J000231,James Kimbrough Jones,AR,3,Democratic,Democrat,1839-09-29,57,167,57.4575
55,1897-03-15,J000237,John Percival Jones,NV,3,Republican,Republican,1829-01-27,68,47,68.1288
55,1897-03-15,K000121,Richard Rolland Kenney,DE,2,Democratic,Democrat,1856-09-09,40,187,40.5123
55,1897-03-15,K000353,James Henderson Kyle,SD,3,Republican,Republican,1854-02-24,43,19,43.0521
55,1897-03-15,M000969,Justin Smith Morrill,VT,3,Republican,Republican,1810-04-14,86,335,86.9178
55,1897-03-15,P000545,Jeter Connelly Pritchard,NC,3,Republican,Republican,1857-07-12,39,246,39.674
55,1897-03-15,R000073,Joseph Lafayette Rawlins,UT,3,Democratic,Democrat,1850-03-28,46,352,46.9644
55,1897-03-15,T000420,George Turner,WA,3,Democratic,Democrat,1850-02-25,47,18,47.0493
55,1897-03-15,V000091,George Graham Vest,MO,3,Democratic,Democrat,1830-12-06,66,99,66.2712
55,1897-03-15,W000279,George Louis Wellington,MD,3,Republican,Republican,1852-01-28,45,46,45.126
55,1897-03-15,A000153,William Vincent Allen,NE,1,Other,Populist,1847-01-28,50,46,50.126
55,1897-03-15,B000227,William Brimage Bate,TN,1,Democratic,Democrat,1826-10-07,70,159,70.4356
55,1897-03-15,C000576,Francis Marion Cockrell,MO,1,Democratic,Democrat,1834-10-01,62,165,62.4521
55,1897-03-15,D000095,Cushman Kellogg Davis,MN,1,Republican,Republican,1838-06-16,58,272,58.7452
55,1897-03-15,H000163,Marcus Alonzo Hanna,OH,1,Republican,Republican,1837-09-24,59,172,59.4712
55,1897-03-15,H000377,Joseph Roswell Hawley,CT,1,Republican,Republican,1826-10-31,70,135,70.3699
55,1897-03-15,S000922,William Morris Stewart,NV,1,Other,Silver,1827-08-09,69,218,69.5973
55,1897-03-15,B000418,James Henderson Berry,AR,2,Democratic,Democrat,1841-05-15,55,304,55.8329
55,1897-03-15,H000654,George Frisbie Hoar,MA,2,Republican,Republican,1826-08-29,70,198,70.5425
55,1897-03-15,M000567,James McMillan,MI,2,Republican,Republican,1838-05-12,58,307,58.8411
55,1897-03-15,M000954,John Tyler Morgan,AL,2,Democratic,Democrat,1824-06-20,72,268,72.7342
55,1897-03-15,Q000006,Matthew Stanley Quay,PA,1,Republican,Republican,1833-09-30,63,166,63.4548
55,1897-03-15,A000160,William Boyd Allison,IA,3,Republican,Republican,1829-03-02,68,13,68.0356
55,1897-03-15,F000003,Charles Warren Fairbanks,IN,3,Republican,Republican,1852-05-11,44,308,44.8438
55,1897-03-15,F000253,Joseph Benson Foraker,OH,3,Republican,Republican,1846-07-05,50,253,50.6932
55,1897-03-15,G000326,Arthur Pue Gorman,MD,1,Democratic,Democrat,1839-03-11,58,4,58.011
55,1897-03-15,H000169,Henry Clay Hansbrough,ND,3,Republican,Republican,1848-01-30,49,44,49.1205
55,1897-03-15,M000085,Stephen Russell Mallory,FL,3,Democratic,Democrat,1848-11-02,48,133,48.3644
55,1897-03-15,P000279,Edmund Winston Pettus,AL,3,Democratic,Democrat,1821-07-06,75,252,75.6904
55,1897-03-15,P000382,Orville Hitchcock Platt,CT,3,Republican,Republican,1827-07-19,69,239,69.6548
55,1897-03-15,P000383,Thomas Collier Platt,NY,3,Republican,Republican,1833-07-15,63,243,63.6658
55,1897-03-15,S000741,John Coit Spooner,WI,3,Republican,Republican,1843-01-06,54,68,54.1863
55,1897-03-15,T000116,Henry Moore Teller,CO,3,Democratic,Democrat,1830-05-23,66,296,66.811
55,1897-03-15,A000083,Nelson Wilmarth Aldrich,RI,1,Republican,Republican,1841-11-06,55,129,55.3534
55,1897-03-15,B001142,Julius Caesar Burrows,MI,1,Republican,Republican,1837-01-09,60,65,60.1781
55,1897-03-15,C000200,Thomas Henry Carter,MT,2,Republican,Republican,1854-10-30,42,136,42.3726
55,1897-03-15,D000035,John Warwick Daniel,VA,1,Democratic,Democrat,1842-09-05,54,191,54.5233
55,1897-03-15,H000029,Eugene Hale,ME,1,Republican,Republican,1836-06-09,60,279,60.7644
55,1897-03-15,M000854,Hernando De Soto Money,MS,1,Democratic,Democrat,1839-08-26,57,201,57.5507
55,1897-03-15,P000547,Redfield Proctor,VT,1,Republican,Republican,1831-06-01,65,287,65.7863
55,1897-03-15,C000973,Shelby Moore Cullom,IL,2,Republican,Republican,1829-11-22,67,113,67.3096
55,1897-03-15,E000110,Stephen Benton Elkins,WV,2,Republican,Republican,1841-09-26,55,170,55.4658
55,1897-03-15,F000398,William Pierce Frye,ME,2,Republican,Republican,1830-09-02,66,194,66.5315
55,1897-03-15,W000312,George Peabody Wetmore,RI,2,Republican,Republican,1846-08-02,50,225,50.6164
55,1897-03-15,C000478,Alexander Stephens Clay,GA,3,Democratic,Democrat,1853-09-25,43,171,43.4685
55,1897-03-15,M000429,Samuel Douglas McEnery,LA,3,Democratic,Democrat,1837-05-28,59,291,59.7973
55,1897-03-15,P000232,George Clement Perkins,CA,3,Republican,Republican,1839-08-23,57,204,57.5589
55,1897-03-15,C000425,Clarence Don Clark,WY,1,Republican,Republican,1851-04-16,45,333,45.9123
55,1897-03-15,B000014,Augustus Octavius Bacon,GA,2,Democratic,Democrat,1839-10-20,57,146,57.4
55,1897-03-15,M000200,Thomas Staples Martin,VA,2,Democratic,Democrat,1847-07-29,49,229,49.6274
55,1897-03-15,T000274,Benjamin Ryan Tillman,SC,2,Democratic,Democrat,1847-08-11,49,216,49.5918
55,1897-03-15,G000023,Jacob Harold Gallinger,NH,3,Republican,Republican,1837-03-28,59,352,59.9644
55,1897-03-15,P000217,Boies Penrose,PA,3,Republican,Republican,1860-11-01,36,134,36.3671
55,1897-03-15,N000040,Knute Nelson,MN,2,Republican,Republican,1843-02-02,54,41,54.1123
55,1897-03-15,M000228,William Ernest Mason,IL,3,Republican,Republican,1850-07-07,46,251,46.6877
55,1897-03-15,L000393,Henry Cabot Lodge,MA,1,Republican,Republican,1850-05-12,46,307,46.8411
55,1897-03-15,W000164,Francis Emroy Warren,WY,2,Republican,Republican,1844-06-20,52,268,52.7342
56,1899-12-04,B000070,Lucien Baker,KS,2,Republican,Republican,1846-06-08,53,179,53.4904
56,1899-12-04,B001183,Marion Butler,NC,2,Other,Populist,1863-05-20,36,198,36.5425
56,1899-12-04,C000016,Donelson Caffery,LA,2,Democratic,Democrat,1835-09-10,64,85,64.2329
56,1899-12-04,C000298,William Eaton Chandler,NH,2,Republican,Republican,1835-12-28,63,341,63.9342
56,1899-12-04,C000357,Horace Chilton,TX,2,Democratic,Democrat,1853-12-29,45,340,45.9315
56,1899-12-04,G000110,John Henry Gear,IA,2,Republican,Republican,1825-04-07,74,241,74.6603
56,1899-12-04,L000327,William Lindsay,KY,2,Democratic,Democrat,1835-09-04,64,91,64.2493
56,1899-12-04,M000300,George Wycliffe McBride,OR,2,Republican,Republican,1854-03-13,45,266,45.7288
56,1899-12-04,P000271,Richard Franklin Pettigrew,SD,2,Other,Silver Republican,1848-07-23,51,134,51.3671
56,1899-12-04,S000262,William Joyce Sewell,NJ,2,Republican,Republican,1835-12-06,63,363,63.9945
56,1899-12-04,S000382,George Laird Shoup,ID,2,Republican,Republican,1836-06-15,63,172,63.4712
56,1899-12-04,T000256,John Mellen Thurston,NE,2,Republican,Republican,1847-08-21,52,105,52.2877
56,1899-12-04,W000667,Edward Oliver Wolcott,CO,2,Republican,Republican,1848-03-26,51,253,51.6932
56,1899-12-04,D000182,William Joseph Deboe,KY,3,Republican,Republican,1849-06-30,50,157,50.4301
56,1899-12-04,H000258,William Alexander Harris,KS,3,Other,Populist,1841-10-29,58,36,58.0986
56,1899-12-04,H000458,Henry Heitfeld,ID,3,Democratic,Democrat,1859-01-12,40,326,40.8932
56,1899-12-04,J000231,James Kimbrough Jones,AR,3,Democratic,Democrat,1839-09-29,60,66,60.1808
56,1899-12-04,J000237,John Percival Jones,NV,3,Republican,Republican,1829-01-27,70,311,70.8521
56,1899-12-04,K000121,Richard Rolland Kenney,DE,2,Democratic,Democrat,1856-09-09,43,86,43.2356
56,1899-12-04,K000353,James Henderson Kyle,SD,3,Republican,Republican,1854-02-24,45,283,45.7753
56,1899-12-04,M000543,John Lowndes McLaurin,SC,3,Democratic,Democrat,1860-05-09,39,209,39.5726
56,1899-12-04,P000545,Jeter Connelly Pritchard,NC,3,Republican,Republican,1857-07-12,42,145,42.3973
56,1899-12-04,R000073,Joseph Lafayette Rawlins,UT,3,Democratic,Democrat,1850-03-28,49,251,49.6877
56,1899-12-04,T000412,Thomas Battle Turley,TN,2,Democratic,Democrat,1845-04-05,54,243,54.6658
56,1899-12-04,T000420,George Turner,WA,3,Democratic,Democrat,1850-02-25,49,282,49.7726
56,1899-12-04,V000091,George Graham Vest,MO,3,Democratic,Democrat,1830-12-06,68,363,68.9945
56,1899-12-04,W000279,George Louis Wellington,MD,3,Republican,Republican,1852-01-28,47,310,47.8493
56,1899-12-04,S000422,Joseph Simon,OR,3,Republican,Republican,1851-02-07,48,300,48.8219
56,1899-12-04,S001062,William Van Amberg Sullivan,MS,2,Democratic,Democrat,1857-12-18,41,351,41.9616
56,1899-12-04,B000227,William Brimage Bate,TN,1,Democratic,Democrat,1826-10-07,73,58,73.1589
56,1899-12-04,C000576,Francis Marion Cockrell,MO,1,Democratic,Democrat,1834-10-01,65,64,65.1753
56,1899-12-04,D000095,Cushman Kellogg Davis,MN,1,Republican,Republican,1838-06-16,61,171,61.4685
56,1899-12-04,F000298,Addison Gardner Foster,WA,1,Republican,Republican,1837-01-28,62,310,62.8493
56,1899-12-04,H000163,Marcus Alonzo Hanna,OH,1,Republican,Republican,1837-09-24,62,71,62.1945
56,1899-12-04,H000377,Joseph Roswell Hawley,CT,1,Republican,Republican,1826-10-31,73,34,73.0932
56,1899-12-04,H000409,Monroe Leland Hayward,NE,1,Republican,Republican,1840-12-22,58,347,58.9507
56,1899-12-04,M000351,Louis Emory McComas,MD,1,Republican,Republican,1846-10-28,53,37,53.1014
56,1899-12-04,Q000003,Joseph Very Quarles,WI,1,Republican,Republican,1843-12-16,55,353,55.9671
56,1899-12-04,R000450,Jonathan Ross,VT,3,Republican,Republican,1826-04-30,73,218,73.5973
56,1899-12-04,S000922,William Morris Stewart,NV,1,Republican,Republican,1827-08-09,72,117,72.3205
56,1899-12-04,B000418,James Henderson Berry,AR,2,Democratic,Democrat,1841-05-15,58,203,58.5562
56,1899-12-04,C000454,William Andrews Clark,MT,1,Democratic,Democrat,1839-01-08,60,330,60.9041
56,1899-12-04,H000654,George Frisbie Hoar,MA,2,Republican,Republican,1826-08-29,73,97,73.2658
56,1899-12-04,M000567,James McMillan,MI,2,Republican,Republican,1838-05-12,61,206,61.5644
56,1899-12-04,M000954,John Tyler Morgan,AL,2,Democratic,Democrat,1824-06-20,75,167,75.4575
56,1899-12-04,A000160,William Boyd Allison,IA,3,Republican,Republican,1829-03-02,70,277,70.7589
56,1899-12-04,F000003,Charles Warren Fairbanks,IN,3,Republican,Republican,1852-05-11,47,207,47.5671
56,1899-12-04,F000253,Joseph Benson Foraker,OH,3,Republican,Republican,1846-07-05,53,152,53.4164
56,1899-12-04,H000169,Henry Clay Hansbrough,ND,3,Republican,Republican,1848-01-30,51,308,51.8438
56,1899-12-04,M000085,Stephen Russell Mallory,FL,3,Democratic,Democrat,1848-11-02,51,32,51.0877
56,1899-12-04,P000279,Edmund Winston Pettus,AL,3,Democratic,Democrat,1821-07-06,78,151,78.4137
56,1899-12-04,P000382,Orville Hitchcock Platt,CT,3,Republican,Republican,1827-07-19,72,138,72.3781
56,1899-12-04,P000383,Thomas Collier Platt,NY,3,Republican,Republican,1833-07-15,66,142,66.389
56,1899-12-04,S000741,John Coit Spooner,WI,3,Republican,Republican,1843-01-06,56,332,56.9096
56,1899-12-04,T000116,Henry Moore Teller,CO,3,Democratic,Democrat,1830-05-23,69,195,69.5342
56,1899-12-04,A000083,Nelson Wilmarth Aldrich,RI,1,Republican,Republican,1841-11-06,58,28,58.0767
56,1899-12-04,B000429,Albert Jeremiah Beveridge,IN,1,Republican,Republican,1862-10-06,37,59,37.1616
56,1899-12-04,B001142,Julius Caesar Burrows,MI,1,Republican,Republican,1837-01-09,62,329,62.9014
56,1899-12-04,C000200,Thomas Henry Carter,MT,2,Republican,Republican,1854-10-30,45,35,45.0959
56,1899-12-04,D000035,John Warwick Daniel,VA,1,Democratic,Democrat,1842-09-05,57,90,57.2466
56,1899-12-04,D000264,Chauncey Mitchell Depew,NY,1,Republican,Republican,1834-04-23,65,225,65.6164
56,1899-12-04,H000029,Eugene Hale,ME,1,Republican,Republican,1836-06-09,63,178,63.4877
56,1899-12-04,K000028,John Kean,NJ,1,Republican,Republican,1852-12-04,47,0,47.0
56,1899-12-04,M000854,Hernando De Soto Money,MS,1,Democratic,Democrat,1839-08-26,60,100,60.274
56,1899-12-04,P000547,Redfield Proctor,VT,1,Republican,Republican,1831-06-01,68,186,68.5096
56,1899-12-04,S000182,Nathan Bay Scott,WV,1,Republican,Republican,1842-12-18,56,351,56.9616
56,1899-12-04,T000026,James Piper Taliaferro,FL,1,Democratic,Democrat,1847-09-30,52,65,52.1781
56,1899-12-04,C000973,Shelby Moore Cullom,IL,2,Republican,Republican,1829-11-22,70,12,70.0329
56,1899-12-04,E000110,Stephen Benton Elkins,WV,2,Republican,Republican,1841-09-26,58,69,58.189
56,1899-12-04,F000398,William Pierce Frye,ME,2,Republican,Republican,1830-09-02,69,93,69.2548
56,1899-12-04,W000312,George Peabody Wetmore,RI,2,Republican,Republican,1846-08-02,53,124,53.3397
56,1899-12-04,C000478,Alexander Stephens Clay,GA,3,Democratic,Democrat,1853-09-25,46,70,46.1918
56,1899-12-04,M000429,Samuel Douglas McEnery,LA,3,Democratic,Democrat,1837-05-28,62,190,62.5205
56,1899-12-04,P000232,George Clement Perkins,CA,3,Republican,Republican,1839-08-23,60,103,60.2822
56,1899-12-04,C000425,Clarence Don Clark,WY,1,Republican,Republican,1851-04-16,48,232,48.6356
56,1899-12-04,B000014,Augustus Octavius Bacon,GA,2,Democratic,Democrat,1839-10-20,60,45,60.1233
56,1899-12-04,M000200,Thomas Staples Martin,VA,2,Democratic,Democrat,1847-07-29,52,128,52.3507
56,1899-12-04,T000274,Benjamin Ryan Tillman,SC,2,Democratic,Democrat,1847-08-11,52,115,52.3151
56,1899-12-04,G000023,Jacob Harold Gallinger,NH,3,Republican,Republican,1837-03-28,62,251,62.6877
56,1899-12-04,P000217,Boies Penrose,PA,3,Republican,Republican,1860-11-01,39,33,39.0904
56,1899-12-04,C000963,Charles Allen Culberson,TX,1,Democratic,Democrat,1855-06-10,44,177,44.4849
56,1899-12-04,M000397,Porter James McCumber,ND,1,Republican,Republican,1858-02-03,41,304,41.8329
56,1899-12-04,N000040,Knute Nelson,MN,2,Republican,Republican,1843-02-02,56,305,56.8356
56,1899-12-04,M000228,William Ernest Mason,IL,3,Republican,Republican,1850-07-07,49,150,49.411
56,1899-12-04,L000393,Henry Cabot Lodge,MA,1,Republican,Republican,1850-05-12,49,206,49.5644
56,1899-12-04,W000164,Francis Emroy Warren,WY,2,Republican,Republican,1844-06-20,55,167,55.4575
57,1901-12-02,D000182,William Joseph Deboe,KY,3,Republican,Republican,1849-06-30,52,155,52.4247
57,1901-12-02,H000258,William Alexander Harris,KS,3,Other,Populist,1841-10-29,60,34,60.0932
57,1901-12-02,H000458,Henry Heitfeld,ID,3,Democratic,Democrat,1859-01-12,42,324,42.8877
57,1901-12-02,J000231,James Kimbrough Jones,AR,3,Democratic,Democrat,1839-09-29,62,64,62.1753
57,1901-12-02,J000237,John Percival Jones,NV,3,Republican,Republican,1829-01-27,72,309,72.8466
57,1901-12-02,M000543,John Lowndes McLaurin,SC,3,Democratic,Democrat,1860-05-09,41,207,41.5671
57,1901-12-02,P000545,Jeter Connelly Pritchard,NC,3,Republican,Republican,1857-07-12,44,143,44.3918
57,1901-12-02,R000073,Joseph Lafayette Rawlins,UT,3,Democratic,Democrat,1850-03-28,51,249,51.6822
57,1901-12-02,T000420,George Turner,WA,3,Democratic,Democrat,1850-02-25,51,280,51.7671
57,1901-12-02,V000091,George Graham Vest,MO,3,Democratic,Democrat,1830-12-06,70,361,70.989
57,1901-12-02,W000279,George Louis Wellington,MD,3,Republican,Republican,1852-01-28,49,308,49.8438
57,1901-12-02,S000422,Joseph Simon,OR,3,Republican,Republican,1851-02-07,50,298,50.8164
57,1901-12-02,B000227,William Brimage Bate,TN,1,Democratic,Democrat,1826-10-07,75,56,75.1534
57,1901-12-02,C000576,Francis Marion Cockrell,MO,1,Democratic,Democrat,1834-10-01,67,62,67.1699
57,1901-12-02,F000298,Addison Gardner Foster,WA,1,Republican,Republican,1837-01-28,64,308,64.8438
57,1901-12-02,H000163,Marcus Alonzo Hanna,OH,1,Republican,Republican,1837-09-24,64,69,64.189
57,1901-12-02,H000377,Joseph Roswell Hawley,CT,1,Republican,Republican,1826-10-31,75,32,75.0877
57,1901-12-02,M000351,Louis Emory McComas,MD,1,Republican,Republican,1846-10-28,55,35,55.0959
57,1901-12-02,Q000003,Joseph Very Quarles,WI,1,Republican,Republican,1843-12-16,57,351,57.9616
57,1901-12-02,S000922,William Morris Stewart,NV,1,Republican,Republican,1827-08-09,74,115,74.3151
57,1901-12-02,B000138,Thomas Robert Bard,CA,1,Republican,Republican,1841-12-08,59,359,59.9836
57,1901-12-02,B000418,James Henderson Berry,AR,2,Democratic,Democrat,1841-05-15,60,201,60.5507
57,1901-12-02,B000508,Joseph Clay Stiles Blackburn,KY,2,Democratic,Democrat,1838-10-01,63,62,63.1699
57,1901-12-02,B001154,Joseph Ralph Burton,KS,2,Republican,Republican,1852-11-16,49,16,49.0438
57,1901-12-02,C000157,Edward Ward Carmack,TN,2,Democratic,Democrat,1858-11-05,43,27,43.074
57,1901-12-02,C000454,William Andrews Clark,MT,2,Democratic,Democrat,1839-01-08,62,328,62.8986
57,1901-12-02,D000341,Charles Henry Dietrich,NE,1,Republican,Republican,1853-11-26,48,6,48.0164
57,1901-12-02,D000509,Fred Thomas Dubois,ID,2,Democratic,Democrat,1851-05-29,50,187,50.5123
57,1901-12-02,G000164,Paris Gibson,MT,1,Democratic,Democrat,1830-07-01,71,154,71.4219
57,1901-12-02,H000654,George Frisbie Hoar,MA,2,Republican,Republican,1826-08-29,75,95,75.2603
57,1901-12-02,K000034,Thomas Kearns,UT,1,Republican,Republican,1862-04-11,39,235,39.6438
57,1901-12-02,M000567,James McMillan,MI,2,Republican,Republican,1838-05-12,63,204,63.5589
57,1901-12-02,M000710,Joseph Hopkins Millard,NE,2,Republican,Republican,1836-04-20,65,226,65.6192
57,1901-12-02,M000818,John Hipple Mitchell,OR,2,Republican,Republican,1835-06-22,66,163,66.4466
57,1901-12-02,M000954,John Tyler Morgan,AL,2,Democratic,Democrat,1824-06-20,77,165,77.4521
57,1901-12-02,P000130,Thomas MacDonald Patterson,CO,2,Democratic,Democrat,1839-11-04,62,28,62.0767
57,1901-12-02,Q000006,Matthew Stanley Quay,PA,1,Republican,Republican,1833-09-30,68,63,68.1726
57,1901-12-02,A000160,William Boyd Allison,IA,3,Republican,Republican,1829-03-02,72,275,72.7534
57,1901-12-02,F000003,Charles Warren Fairbanks,IN,3,Republican,Republican,1852-05-11,49,205,49.5616
57,1901-12-02,F000253,Joseph Benson Foraker,OH,3,Republican,Republican,1846-07-05,55,150,55.411
57,1901-12-02,H000169,Henry Clay Hansbrough,ND,3,Republican,Republican,1848-01-30,53,306,53.8384
57,1901-12-02,K000255,Alfred Beard Kittredge,SD,3,Republican,Republican,1861-03-28,40,249,40.6822
57,1901-12-02,M000085,Stephen Russell Mallory,FL,3,Democratic,Democrat,1848-11-02,53,30,53.0822
57,1901-12-02,P000279,Edmund Winston Pettus,AL,3,Democratic,Democrat,1821-07-06,80,149,80.4082
57,1901-12-02,P000382,Orville Hitchcock Platt,CT,3,Republican,Republican,1827-07-19,74,136,74.3726
57,1901-12-02,P000383,Thomas Collier Platt,NY,3,Republican,Republican,1833-07-15,68,140,68.3836
57,1901-12-02,S000741,John Coit Spooner,WI,3,Republican,Republican,1843-01-06,58,330,58.9041
57,1901-12-02,T000116,Henry Moore Teller,CO,3,Democratic,Democrat,1830-05-23,71,193,71.5288
57,1901-12-02,A000083,Nelson Wilmarth Aldrich,RI,1,Republican,Republican,1841-11-06,60,26,60.0712
57,1901-12-02,B000429,Albert Jeremiah Beveridge,IN,1,Republican,Republican,1862-10-06,39,57,39.1562
57,1901-12-02,B001142,Julius Caesar Burrows,MI,1,Republican,Republican,1837-01-09,64,327,64.8959
57,1901-12-02,D000035,John Warwick Daniel,VA,1,Democratic,Democrat,1842-09-05,59,88,59.2411
57,1901-12-02,D000264,Chauncey Mitchell Depew,NY,1,Republican,Republican,1834-04-23,67,223,67.611
57,1901-12-02,H000029,Eugene Hale,ME,1,Republican,Republican,1836-06-09,65,176,65.4822
57,1901-12-02,K000028,John Kean,NJ,1,Republican,Republican,1852-12-04,48,363,48.9945
57,1901-12-02,M000854,Hernando De Soto Money,MS,1,Democratic,Democrat,1839-08-26,62,98,62.2685
57,1901-12-02,P000547,Redfield Proctor,VT,1,Republican,Republican,1831-06-01,70,184,70.5041
57,1901-12-02,S000182,Nathan Bay Scott,WV,1,Republican,Republican,1842-12-18,58,349,58.9562
57,1901-12-02,T000026,James Piper Taliaferro,FL,1,Democratic,Democrat,1847-09-30,54,63,54.1726
57,1901-12-02,B000044,Joseph Weldon Bailey,TX,2,Democratic,Democrat,1862-10-06,39,57,39.1562
57,1901-12-02,B001125,Henry Eben Burnham,NH,2,Republican,Republican,1844-11-08,57,24,57.0658
57,1901-12-02,C000973,Shelby Moore Cullom,IL,2,Republican,Republican,1829-11-22,72,10,72.0274
57,1901-12-02,D000404,Jonathan Prentiss Dolliver,IA,2,Republican,Republican,1858-02-06,43,299,43.8192
57,1901-12-02,E000110,Stephen Benton Elkins,WV,2,Republican,Republican,1841-09-26,60,67,60.1836
57,1901-12-02,F000310,Murphy James Foster,LA,2,Democratic,Democrat,1849-01-12,52,324,52.8877
57,1901-12-02,F000398,William Pierce Frye,ME,2,Republican,Republican,1830-09-02,71,91,71.2493
57,1901-12-02,G000032,Robert Jackson Gamble,SD,2,Republican,Republican,1851-02-07,50,298,50.8164
57,1901-12-02,M000542,Anselm Joseph McLaurin,MS,2,Democratic,Democrat,1848-03-26,53,251,53.6877
57,1901-12-02,W000312,George Peabody Wetmore,RI,2,Republican,Republican,1846-08-02,55,122,55.3342
57,1901-12-02,C000478,Alexander Stephens Clay,GA,3,Democratic,Democrat,1853-09-25,48,68,48.1863
57,1901-12-02,M000429,Samuel Douglas McEnery,LA,3,Democratic,Democrat,1837-05-28,64,188,64.5151
57,1901-12-02,P000232,George Clement Perkins,CA,3,Republican,Republican,1839-08-23,62,101,62.2767
57,1901-12-02,C000414,Moses Edwin Clapp,MN,1,Republican,Republican,1851-05-21,50,195,50.5342
57,1901-12-02,C000425,Clarence Don Clark,WY,1,Republican,Republican,1851-04-16,50,230,50.6301
57,1901-12-02,B000014,Augustus Octavius Bacon,GA,2,Democratic,Democrat,1839-10-20,62,43,62.1178
57,1901-12-02,M000200,Thomas Staples Martin,VA,2,Democratic,Democrat,1847-07-29,54,126,54.3452
57,1901-12-02,T000274,Benjamin Ryan Tillman,SC,2,Democratic,Democrat,1847-08-11,54,113,54.3096
57,1901-12-02,G000023,Jacob Harold Gallinger,NH,3,Republican,Republican,1837-03-28,64,249,64.6822
57,1901-12-02,P000217,Boies Penrose,PA,3,Republican,Republican,1860-11-01,41,31,41.0849
57,1901-12-02,C000963,Charles Allen Culberson,TX,1,Democratic,Democrat,1855-06-10,46,175,46.4795
57,1901-12-02,M000397,Porter James McCumber,ND,1,Republican,Republican,1858-02-03,43,302,43.8274
57,1901-12-02,N000040,Knute Nelson,MN,2,Republican,Republican,1843-02-02,58,303,58.8301
57,1901-12-02,D000347,William Paul Dillingham,VT,3,Republican,Republican,1843-12-12,57,355,57.9726
57,1901-12-02,M000228,William Ernest Mason,IL,3,Republican,Republican,1850-07-07,51,148,51.4055
57,1901-12-02,L000393,Henry Cabot Lodge,MA,1,Republican,Republican,1850-05-12,51,204,51.5589
57,1901-12-02,S000415,Furnifold McLendel Simmons,NC,2,Democratic,Democrat,1854-01-20,47,316,47.8658
57,1901-12-02,W000164,Francis Emroy Warren,WY,2,Republican,Republican,1844-06-20,57,165,57.4521
58,1903-11-09,B000227,William Brimage Bate,TN,1,Democratic,Democrat,1826-10-07,77,33,77.0902
58,1903-11-09,C000576,Francis Marion Cockrell,MO,1,Democratic,Democrat,1834-10-01,69,39,69.1066
58,1903-11-09,F000298,Addison Gardner Foster,WA,1,Republican,Republican,1837-01-28,66,285,66.7808
58,1903-11-09,H000163,Marcus Alonzo Hanna,OH,1,Republican,Republican,1837-09-24,66,46,66.1257
58,1903-11-09,H000377,Joseph Roswell Hawley,CT,1,Republican,Republican,1826-10-31,77,9,77.0246
58,1903-11-09,M000351,Louis Emory McComas,MD,1,Republican,Republican,1846-10-28,57,12,57.0328
58,1903-11-09,Q000003,Joseph Very Quarles,WI,1,Republican,Republican,1843-12-16,59,328,59.8986
58,1903-11-09,S000922,William Morris Stewart,NV,1,Republican,Republican,1827-08-09,76,92,76.2514
58,1903-11-09,B000138,Thomas Robert Bard,CA,1,Republican,Republican,1841-12-08,61,336,61.9205
58,1903-11-09,B000418,James Henderson Berry,AR,2,Democratic,Democrat,1841-05-15,62,178,62.4863
58,1903-11-09,B000508,Joseph Clay Stiles Blackburn,KY,2,Democratic,Democrat,1838-10-01,65,39,65.1066
58,1903-11-09,B001154,Joseph Ralph Burton,KS,2,Republican,Republican,1852-11-16,50,358,50.9808
58,1903-11-09,C000157,Edward Ward Carmack,TN,2,Democratic,Democrat,1858-11-05,45,4,45.0109
58,1903-11-09,C000454,William Andrews Clark,MT,2,Democratic,Democrat,1839-01-08,64,305,64.8356
58,1903-11-09,D000341,Charles Henry Dietrich,NE,1,Republican,Republican,1853-11-26,49,348,49.9534
58,1903-11-09,D000509,Fred Thomas Dubois,ID,2,Democratic,Democrat,1851-05-29,52,164,52.4481
58,1903-11-09,G000164,Paris Gibson,MT,1,Democratic,Democrat,1830-07-01,73,131,73.3579
58,1903-11-09,H000654,George Frisbie Hoar,MA,2,Republican,Republican,1826-08-29,77,72,77.1967
58,1903-11-09,K000034,Thomas Kearns,UT,1,Republican,Republican,1862-04-11,41,212,41.5792
58,1903-11-09,M000710,Joseph Hopkins Millard,NE,2,Republican,Republican,1836-04-20,67,203,67.5546
58,1903-11-09,M000818,John Hipple Mitchell,OR,2,Republican,Republican,1835-06-22,68,140,68.3825
58,1903-11-09,M000954,John Tyler Morgan,AL,2,Democratic,Democrat,1824-06-20,79,142,79.388
58,1903-11-09,P000130,Thomas MacDonald Patterson,CO,2,Democratic,Democrat,1839-11-04,64,5,64.0137
58,1903-11-09,Q000006,Matthew Stanley Quay,PA,1,Republican,Republican,1833-09-30,70,40,70.1093
58,1903-11-09,A000107,Russell Alexander Alger,MI,2,Republican,Republican,1836-02-27,67,255,67.6986
58,1903-11-09,D000507,John Fairfield Dryden,NJ,2,Republican,Republican,1839-08-07,64,94,64.2568
58,1903-11-09,A000110,James Frank Allee,DE,2,Republican,Republican,1857-12-02,45,342,45.937
58,1903-11-09,A000160,William Boyd Allison,IA,3,Republican,Republican,1829-03-02,74,252,74.6885
58,1903-11-09,A000258,Levi Ankeny,WA,3,Republican,Republican,1844-08-01,59,100,59.2732
58,1903-11-09,F000003,Charles Warren Fairbanks,IN,3,Republican,Republican,1852-05-11,51,182,51.4973
58,1903-11-09,F000253,Joseph Benson Foraker,OH,3,Republican,Republican,1846-07-05,57,127,57.347
58,1903-11-09,F000420,Charles William Fulton,OR,3,Republican,Republican,1853-08-24,50,77,50.2104
58,1903-11-09,G000326,Arthur Pue Gorman,MD,3,Democratic,Democrat,1839-03-11,64,243,64.6639
58,1903-11-09,H000169,Henry Clay Hansbrough,ND,3,Republican,Republican,1848-01-30,55,283,55.7753
58,1903-11-09,H000770,Albert Jarvis Hopkins,IL,3,Republican,Republican,1846-08-15,57,86,57.235
58,1903-11-09,K000255,Alfred Beard Kittredge,SD,3,Republican,Republican,1861-03-28,42,226,42.6175
58,1903-11-09,L000114,Asbury Churchwell Latimer,SC,3,Democratic,Democrat,1851-07-31,52,101,52.276
58,1903-11-09,L000412,Chester Isaiah Long,KS,3,Republican,Republican,1860-10-12,43,28,43.0765
58,1903-11-09,M000085,Stephen Russell Mallory,FL,3,Democratic,Democrat,1848-11-02,55,7,55.0191
58,1903-11-09,M000382,James Bennett McCreary,KY,3,Democratic,Democrat,1838-07-08,65,124,65.3388
58,1903-11-09,P000279,Edmund Winston Pettus,AL,3,Democratic,Democrat,1821-07-06,82,126,82.3443
58,1903-11-09,P000382,Orville Hitchcock Platt,CT,3,Republican,Republican,1827-07-19,76,113,76.3087
58,1903-11-09,P000383,Thomas Collier Platt,NY,3,Republican,Republican,1833-07-15,70,117,70.3197
58,1903-11-09,S000741,John Coit Spooner,WI,3,Republican,Republican,1843-01-06,60,307,60.8411
58,1903-11-09,T000116,Henry Moore Teller,CO,3,Democratic,Democrat,1830-05-23,73,170,73.4645
58,1903-11-09,A000083,Nelson Wilmarth Aldrich,RI,1,Republican,Republican,1841-11-06,62,3,62.0082
58,1903-11-09,B000429,Albert Jeremiah Beveridge,IN,1,Republican,Republican,1862-10-06,41,34,41.0929
58,1903-11-09,B001142,Julius Caesar Burrows,MI,1,Republican,Republican,1837-01-09,66,304,66.8329
58,1903-11-09,D000035,John Warwick Daniel,VA,1,Democratic,Democrat,1842-09-05,61,65,61.1776
58,1903-11-09,D000264,Chauncey Mitchell Depew,NY,1,Republican,Republican,1834-04-23,69,200,69.5464
58,1903-11-09,H000029,Eugene Hale,ME,1,Republican,Republican,1836-06-09,67,153,67.418
58,1903-11-09,K000028,John Kean,NJ,1,Republican,Republican,1852-12-04,50,340,50.9315
58,1903-11-09,M000854,Hernando De Soto Money,MS,1,Democratic,Democrat,1839-08-26,64,75,64.2049
58,1903-11-09,P000547,Redfield Proctor,VT,1,Republican,Republican,1831-06-01,72,161,72.4399
58,1903-11-09,S000182,Nathan Bay Scott,WV,1,Republican,Republican,1842-12-18,60,326,60.8932
58,1903-11-09,T000026,James Piper Taliaferro,FL,1,Democratic,Democrat,1847-09-30,56,40,56.1093
58,1903-11-09,B000044,Joseph Weldon Bailey,TX,2,Democratic,Democrat,1862-10-06,41,34,41.0929
58,1903-11-09,B001125,Henry Eben Burnham,NH,2,Republican,Republican,1844-11-08,59,1,59.0027
58,1903-11-09,C000973,Shelby Moore Cullom,IL,2,Republican,Republican,1829-11-22,73,352,73.9644
58,1903-11-09,D000404,Jonathan Prentiss Dolliver,IA,2,Republican,Republican,1858-02-06,45,276,45.7562
58,1903-11-09,E000110,Stephen Benton Elkins,WV,2,Republican,Republican,1841-09-26,62,44,62.1202
58,1903-11-09,F000310,Murphy James Foster,LA,2,Democratic,Democrat,1849-01-12,54,301,54.8247
58,1903-11-09,F000398,William Pierce Frye,ME,2,Republican,Republican,1830-09-02,73,68,73.1858
58,1903-11-09,G000032,Robert Jackson Gamble,SD,2,Republican,Republican,1851-02-07,52,275,52.7534
58,1903-11-09,M000542,Anselm Joseph McLaurin,MS,2,Democratic,Democrat,1848-03-26,55,228,55.623
58,1903-11-09,W000312,George Peabody Wetmore,RI,2,Republican,Republican,1846-08-02,57,99,57.2705
58,1903-11-09,C000478,Alexander Stephens Clay,GA,3,Democratic,Democrat,1853-09-25,50,45,50.123
58,1903-11-09,H000554,Weldon Brinton Heyburn,ID,3,Republican,Republican,1852-05-23,51,170,51.4645
58,1903-11-09,M000429,Samuel Douglas McEnery,LA,3,Democratic,Democrat,1837-05-28,66,165,66.4508
58,1903-11-09,P000232,George Clement Perkins,CA,3,Republican,Republican,1839-08-23,64,78,64.2131
58,1903-11-09,C000414,Moses Edwin Clapp,MN,1,Republican,Republican,1851-05-21,52,172,52.4699
58,1903-11-09,C000425,Clarence Don Clark,WY,1,Republican,Republican,1851-04-16,52,207,52.5656
58,1903-11-09,B000014,Augustus Octavius Bacon,GA,2,Democratic,Democrat,1839-10-20,64,20,64.0546
58,1903-11-09,M000200,Thomas Staples Martin,VA,2,Democratic,Democrat,1847-07-29,56,103,56.2814
58,1903-11-09,T000274,Benjamin Ryan Tillman,SC,2,Democratic,Democrat,1847-08-11,56,90,56.2459
58,1903-11-09,C000463,James Paul Clarke,AR,3,Democratic,Democrat,1854-08-18,49,83,49.2268
58,1903-11-09,G000023,Jacob Harold Gallinger,NH,3,Republican,Republican,1837-03-28,66,226,66.6175
58,1903-11-09,N000069,Francis Griffith Newlands,NV,3,Democratic,Democrat,1846-08-28,57,73,57.1995
58,1903-11-09,P000217,Boies Penrose,PA,3,Republican,Republican,1860-11-01,43,8,43.0219
58,1903-11-09,S000968,William Joel Stone,MO,3,Democratic,Democrat,1848-05-07,55,186,55.5082
58,1903-11-09,C000963,Charles Allen Culberson,TX,1,Democratic,Democrat,1855-06-10,48,152,48.4153
58,1903-11-09,M000397,Porter James McCumber,ND,1,Republican,Republican,1858-02-03,45,279,45.7644
58,1903-11-09,B000100,Lewis Heisler Ball,DE,1,Republican,Republican,1861-09-21,42,49,42.1339
58,1903-11-09,N000040,Knute Nelson,MN,2,Republican,Republican,1843-02-02,60,280,60.7671
58,1903-11-09,D000347,William Paul Dillingham,VT,3,Republican,Republican,1843-12-12,59,332,59.9096
58,1903-11-09,L000393,Henry Cabot Lodge,MA,1,Republican,Republican,1850-05-12,53,181,53.4945
58,1903-11-09,S000415,Furnifold McLendel Simmons,NC,2,Democratic,Democrat,1854-01-20,49,293,49.8027
58,1903-11-09,W000164,Francis Emroy Warren,WY,2,Republican,Republican,1844-06-20,59,142,59.388
58,1903-11-09,O000140,Lee Slater Overman,NC,3,Democratic,Democrat,1854-01-03,49,310,49.8493
58,1903-11-09,S000644,Reed Smoot,UT,3,Republican,Republican,1862-01-10,41,303,41.8301
59,1905-12-04,B000418,James Henderson Berry,AR,2,Democratic,Democrat,1841-05-15,64,203,64.5562
59,1905-12-04,B000508,Joseph Clay Stiles Blackburn,KY,2,Democratic,Democrat,1838-10-01,67,64,67.1753
59,1905-12-04,B001154,Joseph Ralph Burton,KS,2,Republican,Republican,1852-11-16,53,18,53.0493
59,1905-12-04,C000157,Edward Ward Carmack,TN,2,Democratic,Democrat,1858-11-05,47,29,47.0795
59,1905-12-04,C000454,William Andrews Clark,MT,2,Democratic,Democrat,1839-01-08,66,330,66.9041
59,1905-12-04,D000509,Fred Thomas Dubois,ID,2,Democratic,Democrat,1851-05-29,54,189,54.5178
59,1905-12-04,M000710,Joseph Hopkins Millard,NE,2,Republican,Republican,1836-04-20,69,228,69.6247
59,1905-12-04,M000818,John Hipple Mitchell,OR,2,Republican,Republican,1835-06-22,70,165,70.4521
59,1905-12-04,M000954,John Tyler Morgan,AL,2,Democratic,Democrat,1824-06-20,81,167,81.4575
59,1905-12-04,P000130,Thomas MacDonald Patterson,CO,2,Democratic,Democrat,1839-11-04,66,30,66.0822
59,1905-12-04,A000107,Russell Alexander Alger,MI,2,Republican,Republican,1836-02-27,69,280,69.7671
59,1905-12-04,D000507,John Fairfield Dryden,NJ,2,Republican,Republican,1839-08-07,66,119,66.326
59,1905-12-04,A000110,James Frank Allee,DE,2,Republican,Republican,1857-12-02,48,2,48.0055
59,1905-12-04,A000160,William Boyd Allison,IA,3,Republican,Republican,1829-03-02,76,277,76.7589
59,1905-12-04,A000258,Levi Ankeny,WA,3,Republican,Republican,1844-08-01,61,125,61.3425
59,1905-12-04,F000253,Joseph Benson Foraker,OH,3,Republican,Republican,1846-07-05,59,152,59.4164
59,1905-12-04,F000420,Charles William Fulton,OR,3,Republican,Republican,1853-08-24,52,102,52.2795
59,1905-12-04,G000326,Arthur Pue Gorman,MD,3,Democratic,Democrat,1839-03-11,66,268,66.7342
59,1905-12-04,H000169,Henry Clay Hansbrough,ND,3,Republican,Republican,1848-01-30,57,308,57.8438
59,1905-12-04,H000770,Albert Jarvis Hopkins,IL,3,Republican,Republican,1846-08-15,59,111,59.3041
59,1905-12-04,K000255,Alfred Beard Kittredge,SD,3,Republican,Republican,1861-03-28,44,251,44.6877
59,1905-12-04,L000114,Asbury Churchwell Latimer,SC,3,Democratic,Democrat,1851-07-31,54,126,54.3452
59,1905-12-04,L000412,Chester Isaiah Long,KS,3,Republican,Republican,1860-10-12,45,53,45.1452
59,1905-12-04,M000085,Stephen Russell Mallory,FL,3,Democratic,Democrat,1848-11-02,57,32,57.0877
59,1905-12-04,M000382,James Bennett McCreary,KY,3,Democratic,Democrat,1838-07-08,67,149,67.4082
59,1905-12-04,P000279,Edmund Winston Pettus,AL,3,Democratic,Democrat,1821-07-06,84,151,84.4137
59,1905-12-04,P000383,Thomas Collier Platt,NY,3,Republican,Republican,1833-07-15,72,142,72.389
59,1905-12-04,S000741,John Coit Spooner,WI,3,Republican,Republican,1843-01-06,62,332,62.9096
59,1905-12-04,T000116,Henry Moore Teller,CO,3,Democratic,Democrat,1830-05-23,75,195,75.5342
59,1905-12-04,D000302,Charles William Frederick Dick,OH,1,Republican,Republican,1858-11-03,47,31,47.0849
59,1905-12-04,A000083,Nelson Wilmarth Aldrich,RI,1,Republican,Republican,1841-11-06,64,28,64.0767
59,1905-12-04,B000429,Albert Jeremiah Beveridge,IN,1,Republican,Republican,1862-10-06,43,59,43.1616
59,1905-12-04,B001044,Morgan Gardner Bulkeley,CT,1,Republican,Republican,1837-12-26,67,343,67.9397
59,1905-12-04,B001103,Elmer Jacob Burkett,NE,1,Republican,Republican,1867-12-01,38,3,38.0082
59,1905-12-04,B001142,Julius Caesar Burrows,MI,1,Republican,Republican,1837-01-09,68,329,68.9014
59,1905-12-04,C000200,Thomas Henry Carter,MT,1,Republican,Republican,1854-10-30,51,35,51.0959
59,1905-12-04,D000035,John Warwick Daniel,VA,1,Democratic,Democrat,1842-09-05,63,90,63.2466
59,1905-12-04,D000264,Chauncey Mitchell Depew,NY,1,Republican,Republican,1834-04-23,71,225,71.6164
59,1905-12-04,F000207,Frank Putnam Flint,CA,1,Republican,Republican,1862-07-15,43,142,43.389
59,1905-12-04,F000352,James Beriah Frazier,TN,1,Democratic,Democrat,1856-10-18,49,47,49.1288
59,1905-12-04,H000029,Eugene Hale,ME,1,Republican,Republican,1836-06-09,69,178,69.4877
59,1905-12-04,H000467,James Alexander Hemenway,IN,3,Republican,Republican,1860-03-08,45,271,45.7425
59,1905-12-04,K000028,John Kean,NJ,1,Republican,Republican,1852-12-04,53,0,53.0
59,1905-12-04,M000854,Hernando De Soto Money,MS,1,Democratic,Democrat,1839-08-26,66,100,66.274
59,1905-12-04,P000351,Samuel Henry Piles,WA,1,Republican,Republican,1858-12-28,46,341,46.9342
59,1905-12-04,P000547,Redfield Proctor,VT,1,Republican,Republican,1831-06-01,74,186,74.5096
59,1905-12-04,S000182,Nathan Bay Scott,WV,1,Republican,Republican,1842-12-18,62,351,62.9616
59,1905-12-04,T000026,James Piper Taliaferro,FL,1,Democratic,Democrat,1847-09-30,58,65,58.1781
59,1905-12-04,W000160,William Warner,MO,1,Republican,Republican,1840-06-11,65,176,65.4822
59,1905-12-04,B000044,Joseph Weldon Bailey,TX,2,Democratic,Democrat,1862-10-06,43,59,43.1616
59,1905-12-04,B001125,Henry Eben Burnham,NH,2,Republican,Republican,1844-11-08,61,26,61.0712
59,1905-12-04,C000875,Winthrop Murray Crane,MA,2,Republican,Republican,1853-04-23,52,225,52.6164
59,1905-12-04,C000973,Shelby Moore Cullom,IL,2,Republican,Republican,1829-11-22,76,12,76.0329
59,1905-12-04,D000404,Jonathan Prentiss Dolliver,IA,2,Republican,Republican,1858-02-06,47,301,47.8247
59,1905-12-04,E000110,Stephen Benton Elkins,WV,2,Republican,Republican,1841-09-26,64,69,64.189
59,1905-12-04,F000310,Murphy James Foster,LA,2,Democratic,Democrat,1849-01-12,56,326,56.8932
59,1905-12-04,F000398,William Pierce Frye,ME,2,Republican,Republican,1830-09-02,75,93,75.2548
59,1905-12-04,G000032,Robert Jackson Gamble,SD,2,Republican,Republican,1851-02-07,54,300,54.8219
59,1905-12-04,M000542,Anselm Joseph McLaurin,MS,2,Democratic,Democrat,1848-03-26,57,253,57.6932
59,1905-12-04,W000312,George Peabody Wetmore,RI,2,Republican,Republican,1846-08-02,59,124,59.3397
59,1905-12-04,C000478,Alexander Stephens Clay,GA,3,Democratic,Democrat,1853-09-25,52,70,52.1918
59,1905-12-04,H000554,Weldon Brinton Heyburn,ID,3,Republican,Republican,1852-05-23,53,195,53.5342
59,1905-12-04,M000429,Samuel Douglas McEnery,LA,3,Democratic,Democrat,1837-05-28,68,190,68.5205
59,1905-12-04,P000232,George Clement Perkins,CA,3,Republican,Republican,1839-08-23,66,103,66.2822
59,1905-12-04,C000414,Moses Edwin Clapp,MN,1,Republican,Republican,1851-05-21,54,197,54.5397
59,1905-12-04,C000425,Clarence Don Clark,WY,1,Republican,Republican,1851-04-16,54,232,54.6356
59,1905-12-04,N000114,George Stuart Nixon,NV,1,Republican,Republican,1860-04-02,45,246,45.674
59,1905-12-04,R000086,Isidor Rayner,MD,1,Democratic,Democrat,1850-04-11,55,237,55.6493
59,1905-12-04,S001080,George Sutherland,UT,1,Republican,Republican,1862-03-25,43,254,43.6959
59,1905-12-04,B000014,Augustus Octavius Bacon,GA,2,Democratic,Democrat,1839-10-20,66,45,66.1233
59,1905-12-04,M000200,Thomas Staples Martin,VA,2,Democratic,Democrat,1847-07-29,58,128,58.3507
59,1905-12-04,T000274,Benjamin Ryan Tillman,SC,2,Democratic,Democrat,1847-08-11,58,115,58.3151
59,1905-12-04,C000463,James Paul Clarke,AR,3,Democratic,Democrat,1854-08-18,51,108,51.2959
59,1905-12-04,G000023,Jacob Harold Gallinger,NH,3,Republican,Republican,1837-03-28,68,251,68.6877
59,1905-12-04,N000069,Francis Griffith Newlands,NV,3,Democratic,Democrat,1846-08-28,59,98,59.2685
59,1905-12-04,P000217,Boies Penrose,PA,3,Republican,Republican,1860-11-01,45,33,45.0904
59,1905-12-04,S000968,William Joel Stone,MO,3,Democratic,Democrat,1848-05-07,57,211,57.5781
59,1905-12-04,C000963,Charles Allen Culberson,TX,1,Democratic,Democrat,1855-06-10,50,177,50.4849
59,1905-12-04,K000296,Philander Chase Knox,PA,1,Republican,Republican,1853-05-06,52,212,52.5808
59,1905-12-04,M000397,Porter James McCumber,ND,1,Republican,Republican,1858-02-03,47,304,47.8329
59,1905-12-04,N000040,Knute Nelson,MN,2,Republican,Republican,1843-02-02,62,305,62.8356
59,1905-12-04,B000769,Frank Bosworth Brandegee,CT,3,Republican,Republican,1864-07-08,41,149,41.4082
59,1905-12-04,D000347,William Paul Dillingham,VT,3,Republican,Republican,1843-12-12,61,357,61.9781
59,1905-12-04,L000393,Henry Cabot Lodge,MA,1,Republican,Republican,1850-05-12,55,206,55.5644
59,1905-12-04,S000415,Furnifold McLendel Simmons,NC,2,Democratic,Democrat,1854-01-20,51,318,51.8712
59,1905-12-04,W000164,Francis Emroy Warren,WY,2,Republican,Republican,1844-06-20,61,167,61.4575
59,1905-12-04,O000140,Lee Slater Overman,NC,3,Democratic,Democrat,1854-01-03,51,335,51.9178
59,1905-12-04,S000644,Reed Smoot,UT,3,Republican,Republican,1862-01-10,43,328,43.8986
60,1907-12-02,A000160,William Boyd Allison,IA,3,Republican,Republican,1829-03-02,78,275,78.7514
60,1907-12-02,A000258,Levi Ankeny,WA,3,Republican,Republican,1844-08-01,63,123,63.3361
60,1907-12-02,F000253,Joseph Benson Foraker,OH,3,Republican,Republican,1846-07-05,61,150,61.4098
60,1907-12-02,F000420,Charles William Fulton,OR,3,Republican,Republican,1853-08-24,54,100,54.2732
60,1907-12-02,H000169,Henry Clay Hansbrough,ND,3,Republican,Republican,1848-01-30,59,306,59.8384
60,1907-12-02,H000770,Albert Jarvis Hopkins,IL,3,Republican,Republican,1846-08-15,61,109,61.2978
60,1907-12-02,K000255,Alfred Beard Kittredge,SD,3,Republican,Republican,1861-03-28,46,249,46.6803
60,1907-12-02,L000114,Asbury Churchwell Latimer,SC,3,Democratic,Democrat,1851-07-31,56,124,56.3388
60,1907-12-02,L000412,Chester Isaiah Long,KS,3,Republican,Republican,1860-10-12,47,51,47.1393
60,1907-12-02,M000085,Stephen Russell Mallory,FL,3,Democratic,Democrat,1848-11-02,59,30,59.082
60,1907-12-02,M000382,James Bennett McCreary,KY,3,Democratic,Democrat,1838-07-08,69,147,69.4016
60,1907-12-02,P000383,Thomas Collier Platt,NY,3,Republican,Republican,1833-07-15,74,140,74.3825
60,1907-12-02,T000116,Henry Moore Teller,CO,3,Democratic,Democrat,1830-05-23,77,193,77.5273
60,1907-12-02,D000302,Charles William Frederick Dick,OH,1,Republican,Republican,1858-11-03,49,29,49.0792
60,1907-12-02,A000083,Nelson Wilmarth Aldrich,RI,1,Republican,Republican,1841-11-06,66,26,66.071
60,1907-12-02,B000429,Albert Jeremiah Beveridge,IN,1,Republican,Republican,1862-10-06,45,57,45.1557
60,1907-12-02,B001044,Morgan Gardner Bulkeley,CT,1,Republican,Republican,1837-12-26,69,341,69.9342
60,1907-12-02,B001103,Elmer Jacob Burkett,NE,1,Republican,Republican,1867-12-01,40,1,40.0027
60,1907-12-02,B001142,Julius Caesar Burrows,MI,1,Republican,Republican,1837-01-09,70,327,70.8959
60,1907-12-02,C000200,Thomas Henry Carter,MT,1,Republican,Republican,1854-10-30,53,33,53.0902
60,1907-12-02,D000035,John Warwick Daniel,VA,1,Democratic,Democrat,1842-09-05,65,88,65.2404
60,1907-12-02,D000264,Chauncey Mitchell Depew,NY,1,Republican,Republican,1834-04-23,73,223,73.6093
60,1907-12-02,F000207,Frank Putnam Flint,CA,1,Republican,Republican,1862-07-15,45,140,45.3825
60,1907-12-02,F000352,James Beriah Frazier,TN,1,Democratic,Democrat,1856-10-18,51,45,51.123
60,1907-12-02,H000029,Eugene Hale,ME,1,Republican,Republican,1836-06-09,71,176,71.4809
60,1907-12-02,H000467,James Alexander Hemenway,IN,3,Republican,Republican,1860-03-08,47,269,47.735
60,1907-12-02,K000028,John Kean,NJ,1,Republican,Republican,1852-12-04,54,363,54.9945
60,1907-12-02,M000854,Hernando De Soto Money,MS,1,Democratic,Democrat,1839-08-26,68,98,68.2678
60,1907-12-02,P000351,Samuel Henry Piles,WA,1,Republican,Republican,1858-12-28,48,339,48.9288
60,1907-12-02,P000547,Redfield Proctor,VT,1,Republican,Republican,1831-06-01,76,184,76.5027
60,1907-12-02,S000182,Nathan Bay Scott,WV,1,Republican,Republican,1842-12-18,64,349,64.9562
60,1907-12-02,T000026,James Piper Taliaferro,FL,1,Democratic,Democrat,1847-09-30,60,63,60.1721
60,1907-12-02,W000160,William Warner,MO,1,Republican,Republican,1840-06-11,67,174,67.4754
60,1907-12-02,W000435,William Pinkney Whyte,MD,3,Democratic,Democrat,1824-08-09,83,115,83.3142
60,1907-12-02,B000044,Joseph Weldon Bailey,TX,2,Democratic,Democrat,1862-10-06,45,57,45.1557
60,1907-12-02,B000670,Jonathan Bourne,OR,2,Republican,Republican,1855-02-23,52,282,52.7726
60,1907-12-02,B000827,Frank Obadiah Briggs,NJ,2,Republican,Republican,1851-08-12,56,112,56.306
60,1907-12-02,B000939,Norris Brown,NE,2,Republican,Republican,1863-05-02,44,214,44.5847
60,1907-12-02,B001125,Henry Eben Burnham,NH,2,Republican,Republican,1844-11-08,63,24,63.0656
60,1907-12-02,C000875,Winthrop Murray Crane,MA,2,Republican,Republican,1853-04-23,54,223,54.6093
60,1907-12-02,C000973,Shelby Moore Cullom,IL,2,Republican,Republican,1829-11-22,78,10,78.0273
60,1907-12-02,D000112,Jeff Davis,AR,2,Democratic,Democrat,1862-05-06,45,210,45.5738
60,1907-12-02,D000372,Joseph Moore Dixon,MT,2,Republican,Republican,1867-07-31,40,124,40.3388
60,1907-12-02,D000404,Jonathan Prentiss Dolliver,IA,2,Republican,Republican,1858-02-06,49,299,49.8192
60,1907-12-02,E000110,Stephen Benton Elkins,WV,2,Republican,Republican,1841-09-26,66,67,66.1831
60,1907-12-02,F000310,Murphy James Foster,LA,2,Democratic,Democrat,1849-01-12,58,324,58.8877
60,1907-12-02,F000398,William Pierce Frye,ME,2,Republican,Republican,1830-09-02,77,91,77.2486
60,1907-12-02,G000032,Robert Jackson Gamble,SD,2,Republican,Republican,1851-02-07,56,298,56.8164
60,1907-12-02,G000520,Simon Guggenheim,CO,2,Republican,Republican,1867-12-30,39,337,39.9233
60,1907-12-02,M000542,Anselm Joseph McLaurin,MS,2,Democratic,Democrat,1848-03-26,59,251,59.6858
60,1907-12-02,P000156,Thomas Hanson Paynter,KY,2,Democratic,Democrat,1851-12-09,55,358,55.9808
60,1907-12-02,R000221,Harry Alden Richardson,DE,2,Republican,Republican,1853-01-01,54,335,54.9178
60,1907-12-02,T000098,Robert Love Taylor,TN,2,Democratic,Democrat,1850-07-31,57,124,57.3388
60,1907-12-02,C000478,Alexander Stephens Clay,GA,3,Democratic,Democrat,1853-09-25,54,68,54.1858
60,1907-12-02,H000554,Weldon Brinton Heyburn,ID,3,Republican,Republican,1852-05-23,55,193,55.5273
60,1907-12-02,J000193,Joseph Forney Johnston,AL,3,Democratic,Democrat,1843-03-23,64,254,64.694
60,1907-12-02,M000429,Samuel Douglas McEnery,LA,3,Democratic,Democrat,1837-05-28,70,188,70.5137
60,1907-12-02,P000232,George Clement Perkins,CA,3,Republican,Republican,1839-08-23,68,101,68.276
60,1907-12-02,S000863,Isaac Stephenson,WI,3,Republican,Republican,1829-06-18,78,167,78.4563
60,1907-12-02,C000414,Moses Edwin Clapp,MN,1,Republican,Republican,1851-05-21,56,195,56.5328
60,1907-12-02,C000425,Clarence Don Clark,WY,1,Republican,Republican,1851-04-16,56,230,56.6284
60,1907-12-02,N000114,George Stuart Nixon,NV,1,Republican,Republican,1860-04-02,47,244,47.6667
60,1907-12-02,R000086,Isidor Rayner,MD,1,Democratic,Democrat,1850-04-11,57,235,57.6421
60,1907-12-02,S001080,George Sutherland,UT,1,Republican,Republican,1862-03-25,45,252,45.6885
60,1907-12-02,D000559,Henry Algernon du Pont,DE,1,Republican,Republican,1838-07-30,69,125,69.3415
60,1907-12-02,B000014,Augustus Octavius Bacon,GA,2,Democratic,Democrat,1839-10-20,68,43,68.1175
60,1907-12-02,M000200,Thomas Staples Martin,VA,2,Democratic,Democrat,1847-07-29,60,126,60.3443
60,1907-12-02,S000629,William Alden Smith,MI,2,Republican,Republican,1859-05-12,48,204,48.5574
60,1907-12-02,T000274,Benjamin Ryan Tillman,SC,2,Democratic,Democrat,1847-08-11,60,113,60.3087
60,1907-12-02,C000463,James Paul Clarke,AR,3,Democratic,Democrat,1854-08-18,53,106,53.2896
60,1907-12-02,G000023,Jacob Harold Gallinger,NH,3,Republican,Republican,1837-03-28,70,249,70.6803
60,1907-12-02,N000069,Francis Griffith Newlands,NV,3,Democratic,Democrat,1846-08-28,61,96,61.2623
60,1907-12-02,P000217,Boies Penrose,PA,3,Republican,Republican,1860-11-01,47,31,47.0847
60,1907-12-02,S000968,William Joel Stone,MO,3,Democratic,Democrat,1848-05-07,59,209,59.571
60,1907-12-02,C000963,Charles Allen Culberson,TX,1,Democratic,Democrat,1855-06-10,52,175,52.4781
60,1907-12-02,K000296,Philander Chase Knox,PA,1,Republican,Republican,1853-05-06,54,210,54.5738
60,1907-12-02,M000397,Porter James McCumber,ND,1,Republican,Republican,1858-02-03,49,302,49.8274
60,1907-12-02,B000110,John Hollis Bankhead,AL,2,Democratic,Democrat,1842-09-13,65,80,65.2186
60,1907-12-02,N000040,Knute Nelson,MN,2,Republican,Republican,1843-02-02,64,303,64.8301
60,1907-12-02,O000153,Robert Latham Owen,OK,2,Democratic,Democrat,1856-02-02,51,303,51.8301
60,1907-12-02,B000769,Frank Bosworth Brandegee,CT,3,Republican,Republican,1864-07-08,43,147,43.4016
60,1907-12-02,D000347,William Paul Dillingham,VT,3,Republican,Republican,1843-12-12,63,355,63.9726
60,1907-12-02,L000004,Robert Marion La Follette,WI,1,Republican,Republican,1855-06-14,52,171,52.4672
60,1907-12-02,L000393,Henry Cabot Lodge,MA,1,Republican,Republican,1850-05-12,57,204,57.5574
60,1907-12-02,S000415,Furnifold McLendel Simmons,NC,2,Democratic,Democrat,1854-01-20,53,316,53.8658
60,1907-12-02,W000164,Francis Emroy Warren,WY,2,Republican,Republican,1844-06-20,63,165,63.4508
60,1907-12-02,C001008,Charles Curtis,KS,2,Republican,Republican,1860-01-25,47,311,47.8521
60,1907-12-02,O000140,Lee Slater Overman,NC,3,Democratic,Democrat,1854-01-03,53,333,53.9123
60,1907-12-02,S000644,Reed Smoot,UT,3,Republican,Republican,1862-01-10,45,326,45.8932
60,1907-12-02,G000323,Thomas Pryor Gore,OK,3,Democratic,Democrat,1870-12-10,36,357,36.9781
60,1907-12-02,B000634,William Edgar Borah,ID,2,Republican,Republican,1865-06-29,42,156,42.4262
61,1909-03-15,D000302,Charles William Frederick Dick,OH,1,Republican,Republican,1858-11-03,50,132,50.3616
61,1909-03-15,A000083,Nelson Wilmarth Aldrich,RI,1,Republican,Republican,1841-11-06,67,129,67.3534
61,1909-03-15,B000429,Albert Jeremiah Beveridge,IN,1,Republican,Republican,1862-10-06,46,160,46.4384
61,1909-03-15,B001044,Morgan Gardner Bulkeley,CT,1,Republican,Republican,1837-12-26,71,79,71.2164
61,1909-03-15,B001103,Elmer Jacob Burkett,NE,1,Republican,Republican,1867-12-01,41,104,41.2849
61,1909-03-15,B001142,Julius Caesar Burrows,MI,1,Republican,Republican,1837-01-09,72,65,72.1781
61,1909-03-15,C000200,Thomas Henry Carter,MT,1,Republican,Republican,1854-10-30,54,136,54.3726
61,1909-03-15,D000035,John Warwick Daniel,VA,1,Democratic,Democrat,1842-09-05,66,191,66.5233
61,1909-03-15,D000264,Chauncey Mitchell Depew,NY,1,Republican,Republican,1834-04-23,74,326,74.8932
61,1909-03-15,F000207,Frank Putnam Flint,CA,1,Republican,Republican,1862-07-15,46,243,46.6658
61,1909-03-15,F000352,James Beriah Frazier,TN,1,Democratic,Democrat,1856-10-18,52,148,52.4055
61,1909-03-15,H000029,Eugene Hale,ME,1,Republican,Republican,1836-06-09,72,279,72.7644
61,1909-03-15,K000028,John Kean,NJ,1,Republican,Republican,1852-12-04,56,101,56.2767
61,1909-03-15,M000854,Hernando De Soto Money,MS,1,Democratic,Democrat,1839-08-26,69,201,69.5507
61,1909-03-15,P000351,Samuel Henry Piles,WA,1,Republican,Republican,1858-12-28,50,77,50.211
61,1909-03-15,S000182,Nathan Bay Scott,WV,1,Republican,Republican,1842-12-18,66,87,66.2384
61,1909-03-15,T000026,James Piper Taliaferro,FL,1,Democratic,Democrat,1847-09-30,61,166,61.4548
61,1909-03-15,W000160,William Warner,MO,1,Republican,Republican,1840-06-11,68,277,68.7589
61,1909-03-15,B000044,Joseph Weldon Bailey,TX,2,Democratic,Democrat,1862-10-06,46,160,46.4384
61,1909-03-15,B000670,Jonathan Bourne,OR,2,Republican,Republican,1855-02-23,54,20,54.0548
61,1909-03-15,B000827,Frank Obadiah Briggs,NJ,2,Republican,Republican,1851-08-12,57,215,57.589
61,1909-03-15,B000939,Norris Brown,NE,2,Republican,Republican,1863-05-02,45,317,45.8685
61,1909-03-15,B001125,Henry Eben Burnham,NH,2,Republican,Republican,1844-11-08,64,127,64.3479
61,1909-03-15,C000875,Winthrop Murray Crane,MA,2,Republican,Republican,1853-04-23,55,326,55.8932
61,1909-03-15,C000973,Shelby Moore Cullom,IL,2,Republican,Republican,1829-11-22,79,113,79.3096
61,1909-03-15,D000112,Jeff Davis,AR,2,Democratic,Democrat,1862-05-06,46,313,46.8575
61,1909-03-15,D000372,Joseph Moore Dixon,MT,2,Republican,Republican,1867-07-31,41,227,41.6219
61,1909-03-15,D000404,Jonathan Prentiss Dolliver,IA,2,Republican,Republican,1858-02-06,51,37,51.1014
61,1909-03-15,E000110,Stephen Benton Elkins,WV,2,Republican,Republican,1841-09-26,67,170,67.4658
61,1909-03-15,F000310,Murphy James Foster,LA,2,Democratic,Democrat,1849-01-12,60,62,60.1699
61,1909-03-15,F000398,William Pierce Frye,ME,2,Republican,Republican,1830-09-02,78,194,78.5315
61,1909-03-15,G000032,Robert Jackson Gamble,SD,2,Republican,Republican,1851-02-07,58,36,58.0986
61,1909-03-15,G000520,Simon Guggenheim,CO,2,Republican,Republican,1867-12-30,41,75,41.2055
61,1909-03-15,M000542,Anselm Joseph McLaurin,MS,2,Democratic,Democrat,1848-03-26,60,354,60.9699
61,1909-03-15,P000156,Thomas Hanson Paynter,KY,2,Democratic,Democrat,1851-12-09,57,96,57.263
61,1909-03-15,R000221,Harry Alden Richardson,DE,2,Republican,Republican,1853-01-01,56,73,56.2
61,1909-03-15,T000098,Robert Love Taylor,TN,2,Democratic,Democrat,1850-07-31,58,227,58.6219
61,1909-03-15,W000312,George Peabody Wetmore,RI,2,Republican,Republican,1846-08-02,62,225,62.6164
61,1909-03-15,B000749,William O’Connell Bradley,KY,3,Republican,Republican,1847-03-18,61,362,61.9918
61,1909-03-15,B000844,Joseph Little Bristow,KS,3,Republican,Republican,1861-07-22,47,236,47.6466
61,1909-03-15,C000478,Alexander Stephens Clay,GA,3,Democratic,Democrat,1853-09-25,55,171,55.4685
61,1909-03-15,C000888,Coe Isaac Crawford,SD,3,Republican,Republican,1858-01-14,51,60,51.1644
61,1909-03-15,H000554,Weldon Brinton Heyburn,ID,3,Republican,Republican,1852-05-23,56,296,56.811
61,1909-03-15,H000919,Charles James Hughes,CO,3,Democratic,Democrat,1853-02-16,56,27,56.074
61,1909-03-15,J000162,Martin Nelson Johnson,ND,3,Republican,Republican,1850-03-03,59,12,59.0329
61,1909-03-15,J000193,Joseph Forney Johnston,AL,3,Democratic,Democrat,1843-03-23,65,357,65.9781
61,1909-03-15,L000444,William Lorimer,IL,3,Republican,Republican,1861-04-27,47,322,47.8822
61,1909-03-15,M000429,Samuel Douglas McEnery,LA,3,Democratic,Democrat,1837-05-28,71,291,71.7973
61,1909-03-15,P000232,George Clement Perkins,CA,3,Republican,Republican,1839-08-23,69,204,69.5589
61,1909-03-15,R000430,Elihu Root,NY,3,Republican,Republican,1845-02-15,64,28,64.0767
61,1909-03-15,S000863,Isaac Stephenson,WI,3,Republican,Republican,1829-06-18,79,270,79.7397
61,1909-03-15,C000414,Moses Edwin Clapp,MN,1,Republican,Republican,1851-05-21,57,298,57.8164
61,1909-03-15,C000425,Clarence Don Clark,WY,1,Republican,Republican,1851-04-16,57,333,57.9123
61,1909-03-15,N000114,George Stuart Nixon,NV,1,Republican,Republican,1860-04-02,48,347,48.9507
61,1909-03-15,O000073,George Tener Oliver,PA,1,Republican,Republican,1848-01-26,61,48,61.1315
61,1909-03-15,R000086,Isidor Rayner,MD,1,Democratic,Democrat,1850-04-11,58,338,58.926
61,1909-03-15,S001080,George Sutherland,UT,1,Republican,Republican,1862-03-25,46,355,46.9726
61,1909-03-15,D000559,Henry Algernon du Pont,DE,1,Republican,Republican,1838-07-30,70,228,70.6247
61,1909-03-15,B000014,Augustus Octavius Bacon,GA,2,Democratic,Democrat,1839-10-20,69,146,69.4
61,1909-03-15,M000200,Thomas Staples Martin,VA,2,Democratic,Democrat,1847-07-29,61,229,61.6274
61,1909-03-15,S000629,William Alden Smith,MI,2,Republican,Republican,1859-05-12,49,307,49.8411
61,1909-03-15,T000274,Benjamin Ryan Tillman,SC,2,Democratic,Democrat,1847-08-11,61,216,61.5918
61,1909-03-15,C000277,George Earle Chamberlain,OR,3,Democratic,Democrat,1854-01-01,55,73,55.2
61,1909-03-15,C000463,James Paul Clarke,AR,3,Democratic,Democrat,1854-08-18,54,209,54.5726
61,1909-03-15,G000023,Jacob Harold Gallinger,NH,3,Republican,Republican,1837-03-28,71,352,71.9644
61,1909-03-15,N000069,Francis Griffith Newlands,NV,3,Democratic,Democrat,1846-08-28,62,199,62.5452
61,1909-03-15,P000217,Boies Penrose,PA,3,Republican,Republican,1860-11-01,48,134,48.3671
61,1909-03-15,S000371,Benjamin Franklin Shively,IN,3,Democratic,Democrat,1857-03-20,51,360,51.9863
61,1909-03-15,S000577,John Walter Smith,MD,3,Democratic,Democrat,1845-02-05,64,38,64.1041
61,1909-03-15,S000968,William Joel Stone,MO,3,Democratic,Democrat,1848-05-07,60,312,60.8548
61,1909-03-15,C000963,Charles Allen Culberson,TX,1,Democratic,Democrat,1855-06-10,53,278,53.7616
61,1909-03-15,M000397,Porter James McCumber,ND,1,Republican,Republican,1858-02-03,51,40,51.1096
61,1909-03-15,P000014,Carroll Smalley Page,VT,1,Republican,Republican,1843-01-10,66,64,66.1753
61,1909-03-15,B000110,John Hollis Bankhead,AL,2,Democratic,Democrat,1842-09-13,66,183,66.5014
61,1909-03-15,N000040,Knute Nelson,MN,2,Republican,Republican,1843-02-02,66,41,66.1123
61,1909-03-15,O000153,Robert Latham Owen,OK,2,Democratic,Democrat,1856-02-02,53,41,53.1123
61,1909-03-15,B000769,Frank Bosworth Brandegee,CT,3,Republican,Republican,1864-07-08,44,250,44.6849
61,1909-03-15,C000988,Albert Baird Cummins,IA,3,Republican,Republican,1850-02-15,59,28,59.0767
61,1909-03-15,D000347,William Paul Dillingham,VT,3,Republican,Republican,1843-12-12,65,93,65.2548
61,1909-03-15,L000004,Robert Marion La Follette,WI,1,Republican,Republican,1855-06-14,53,274,53.7507
61,1909-03-15,L000393,Henry Cabot Lodge,MA,1,Republican,Republican,1850-05-12,58,307,58.8411
61,1909-03-15,S000415,Furnifold McLendel Simmons,NC,2,Democratic,Democrat,1854-01-20,55,54,55.1479
61,1909-03-15,W000164,Francis Emroy Warren,WY,2,Republican,Republican,1844-06-20,64,268,64.7342
61,1909-03-15,C001008,Charles Curtis,KS,2,Republican,Republican,1860-01-25,49,49,49.1342
61,1909-03-15,J000257,Wesley Livsey Jones,WA,3,Republican,Republican,1863-10-09,45,157,45.4301
61,1909-03-15,O000140,Lee Slater Overman,NC,3,Democratic,Democrat,1854-01-03,55,71,55.1945
61,1909-03-15,S000644,Reed Smoot,UT,3,Republican,Republican,1862-01-10,47,64,47.1753
61,1909-03-15,B001159,Theodore Elijah Burton,OH,3,Republican,Republican,1851-12-20,57,85,57.2329
61,1909-03-15,G000323,Thomas Pryor Gore,OK,3,Democratic,Democrat,1870-12-10,38,95,38.2603
61,1909-03-15,F000200,Duncan Upshaw Fletcher,FL,3,Democratic,Democrat,1859-01-06,50,68,50.1863
61,1909-03-15,B000634,William Edgar Borah,ID,2,Republican,Republican,1865-06-29,43,259,43.7096
61,1909-03-15,S000530,Ellison DuRant Smith,SC,3,Democratic,Democrat,1864-08-01,44,226,44.6192
62,1911-04-04,B000044,Joseph Weldon Bailey,TX,2,Democratic,Democrat,1862-10-06,48,180,48.4932
62,1911-04-04,B000670,Jonathan Bourne,OR,2,Republican,Republican,1855-02-23,56,40,56.1096
62,1911-04-04,B000827,Frank Obadiah Briggs,NJ,2,Republican,Republican,1851-08-12,59,235,59.6438
62,1911-04-04,B000939,Norris Brown,NE,2,Republican,Republican,1863-05-02,47,337,47.9233
62,1911-04-04,B001125,Henry Eben Burnham,NH,2,Republican,Republican,1844-11-08,66,147,66.4027
62,1911-04-04,C000875,Winthrop Murray Crane,MA,2,Republican,Republican,1853-04-23,57,346,57.9479
62,1911-04-04,C000973,Shelby Moore Cullom,IL,2,Republican,Republican,1829-11-22,81,133,81.3644
62,1911-04-04,D000112,Jeff Davis,AR,2,Democratic,Democrat,1862-05-06,48,333,48.9123
62,1911-04-04,D000372,Joseph Moore Dixon,MT,2,Republican,Republican,1867-07-31,43,247,43.6767
62,1911-04-04,F000310,Murphy James Foster,LA,2,Democratic,Democrat,1849-01-12,62,82,62.2247
62,1911-04-04,F000398,William Pierce Frye,ME,2,Republican,Republican,1830-09-02,80,214,80.5863
62,1911-04-04,G000032,Robert Jackson Gamble,SD,2,Republican,Republican,1851-02-07,60,56,60.1534
62,1911-04-04,G000520,Simon Guggenheim,CO,2,Republican,Republican,1867-12-30,43,95,43.2603
62,1911-04-04,P000156,Thomas Hanson Paynter,KY,2,Democratic,Democrat,1851-12-09,59,116,59.3178
62,1911-04-04,R000221,Harry Alden Richardson,DE,2,Republican,Republican,1853-01-01,58,93,58.2548
62,1911-04-04,T000098,Robert Love Taylor,TN,2,Democratic,Democrat,1850-07-31,60,247,60.6767
62,1911-04-04,W000312,George Peabody Wetmore,RI,2,Republican,Republican,1846-08-02,64,245,64.6712
62,1911-04-04,B000749,William O’Connell Bradley,KY,3,Republican,Republican,1847-03-18,64,17,64.0464
62,1911-04-04,B000844,Joseph Little Bristow,KS,3,Republican,Republican,1861-07-22,49,256,49.7014
62,1911-04-04,C000888,Coe Isaac Crawford,SD,3,Republican,Republican,1858-01-14,53,80,53.2192
62,1911-04-04,H000554,Weldon Brinton Heyburn,ID,3,Republican,Republican,1852-05-23,58,316,58.8658
62,1911-04-04,J000193,Joseph Forney Johnston,AL,3,Democratic,Democrat,1843-03-23,68,12,68.0328
62,1911-04-04,L000444,William Lorimer,IL,3,Republican,Republican,1861-04-27,49,342,49.937
62,1911-04-04,P000232,George Clement Perkins,CA,3,Republican,Republican,1839-08-23,71,224,71.6137
62,1911-04-04,R000430,Elihu Root,NY,3,Republican,Republican,1845-02-15,66,48,66.1315
62,1911-04-04,S000863,Isaac Stephenson,WI,3,Republican,Republican,1829-06-18,81,290,81.7945
62,1911-04-04,P000223,Le Roy Percy,MS,2,Democratic,Democrat,1860-11-09,50,146,50.4
62,1911-04-04,T000131,Joseph Meriwether Terrell,GA,3,Democratic,Democrat,1861-06-06,49,302,49.8274
62,1911-04-04,T000241,John Randolph Thornton,LA,3,Democratic,Democrat,1846-08-25,64,222,64.6082
62,1911-04-04,Y000046,Lafayette Young,IA,2,Republican,Republican,1848-05-10,62,329,62.9014
62,1911-04-04,B000992,Nathan Philemon Bryan,FL,1,Democratic,Democrat,1872-04-23,38,346,38.9479
62,1911-04-04,C000360,William Edwin Chilton,WV,1,Democratic,Democrat,1858-03-17,53,18,53.0492
62,1911-04-04,C000414,Moses Edwin Clapp,MN,1,Republican,Republican,1851-05-21,59,318,59.8712
62,1911-04-04,C000425,Clarence Don Clark,WY,1,Republican,Republican,1851-04-16,59,353,59.9671
62,1911-04-04,J000124,Charles Fletcher Johnson,ME,1,Democratic,Democrat,1859-02-14,52,49,52.1342
62,1911-04-04,K000132,John Worth Kern,IN,1,Democratic,Democrat,1849-12-20,61,105,61.2877
62,1911-04-04,L000165,Luke Lea,TN,1,Democratic,Democrat,1879-04-12,31,357,31.9781
62,1911-04-04,L000343,Henry Frederick Lippitt,RI,1,Republican,Republican,1856-10-12,54,174,54.4767
62,1911-04-04,M000205,James Edgar Martine,NJ,1,Democratic,Democrat,1850-08-25,60,222,60.6082
62,1911-04-04,N000114,George Stuart Nixon,NV,1,Republican,Republican,1860-04-02,51,2,51.0055
62,1911-04-04,O000050,James Aloysius O’Gorman,NY,1,Democratic,Democrat,1860-05-05,50,334,50.9151
62,1911-04-04,O000073,George Tener Oliver,PA,1,Republican,Republican,1848-01-26,63,68,63.1863
62,1911-04-04,R000086,Isidor Rayner,MD,1,Democratic,Democrat,1850-04-11,60,358,60.9808
62,1911-04-04,S001080,George Sutherland,UT,1,Republican,Republican,1862-03-25,49,10,49.0273
62,1911-04-04,W000198,Clarence Wayland Watson,WV,2,Democratic,Democrat,1864-05-08,46,331,46.9068
62,1911-04-04,W000743,John Downey Works,CA,1,Republican,Republican,1847-03-29,64,6,64.0164
62,1911-04-04,D000559,Henry Algernon du Pont,DE,1,Republican,Republican,1838-07-30,72,248,72.6795
62,1911-04-04,B000014,Augustus Octavius Bacon,GA,2,Democratic,Democrat,1839-10-20,71,166,71.4548
62,1911-04-04,M000200,Thomas Staples Martin,VA,2,Democratic,Democrat,1847-07-29,63,249,63.6822
62,1911-04-04,S000629,William Alden Smith,MI,2,Republican,Republican,1859-05-12,51,327,51.8959
62,1911-04-04,T000274,Benjamin Ryan Tillman,SC,2,Democratic,Democrat,1847-08-11,63,236,63.6466
62,1911-04-04,C000277,George Earle Chamberlain,OR,3,Democratic,Democrat,1854-01-01,57,93,57.2548
62,1911-04-04,C000463,James Paul Clarke,AR,3,Democratic,Democrat,1854-08-18,56,229,56.6274
62,1911-04-04,G000023,Jacob Harold Gallinger,NH,3,Republican,Republican,1837-03-28,74,7,74.0191
62,1911-04-04,G000491,Asle Jorgenson Gronna,ND,3,Republican,Republican,1858-12-10,52,115,52.3151
62,1911-04-04,N000069,Francis Griffith Newlands,NV,3,Democratic,Democrat,1846-08-28,64,219,64.6
62,1911-04-04,P000217,Boies Penrose,PA,3,Republican,Republican,1860-11-01,50,154,50.4219
62,1911-04-04,S000371,Benjamin Franklin Shively,IN,3,Democratic,Democrat,1857-03-20,54,15,54.041
62,1911-04-04,S000577,John Walter Smith,MD,3,Democratic,Democrat,1845-02-05,66,58,66.1589
62,1911-04-04,S000968,William Joel Stone,MO,3,Democratic,Democrat,1848-05-07,62,332,62.9096
62,1911-04-04,C000963,Charles Allen Culberson,TX,1,Democratic,Democrat,1855-06-10,55,298,55.8164
62,1911-04-04,H000645,Gilbert Monell Hitchcock,NE,1,Democratic,Democrat,1859-09-18,51,198,51.5425
62,1911-04-04,M000397,Porter James McCumber,ND,1,Republican,Republican,1858-02-03,53,60,53.1644
62,1911-04-04,M001129,Henry Lee Myers,MT,1,Democratic,Democrat,1862-10-09,48,177,48.4849
62,1911-04-04,P000014,Carroll Smalley Page,VT,1,Republican,Republican,1843-01-10,68,84,68.2301
62,1911-04-04,P000403,Miles Poindexter,WA,1,Republican,Republican,1868-04-22,42,347,42.9507
62,1911-04-04,P000420,Atlee Pomerene,OH,1,Democratic,Democrat,1863-12-06,47,119,47.326
62,1911-04-04,T000330,Charles Elroy Townsend,MI,1,Republican,Republican,1856-08-15,54,232,54.6356
62,1911-04-04,W000521,John Sharp Williams,MS,1,Democratic,Democrat,1854-07-30,56,248,56.6795
62,1911-04-04,B000110,John Hollis Bankhead,AL,2,Democratic,Democrat,1842-09-13,68,203,68.5562
62,1911-04-04,N000040,Knute Nelson,MN,2,Republican,Republican,1843-02-02,68,61,68.1671
62,1911-04-04,O000153,Robert Latham Owen,OK,2,Democratic,Democrat,1856-02-02,55,61,55.1671
62,1911-04-04,B000769,Frank Bosworth Brandegee,CT,3,Republican,Republican,1864-07-08,46,270,46.7397
62,1911-04-04,C000988,Albert Baird Cummins,IA,3,Republican,Republican,1850-02-15,61,48,61.1315
62,1911-04-04,D000347,William Paul Dillingham,VT,3,Republican,Republican,1843-12-12,67,113,67.3096
62,1911-04-04,L000004,Robert Marion La Follette,WI,1,Republican,Republican,1855-06-14,55,294,55.8055
62,1911-04-04,L000393,Henry Cabot Lodge,MA,1,Republican,Republican,1850-05-12,60,327,60.8959
62,1911-04-04,M000547,George Payne McLean,CT,1,Republican,Republican,1857-10-07,53,179,53.4904
62,1911-04-04,R000118,James Alexander Reed,MO,1,Democratic,Democrat,1861-11-09,49,146,49.4
62,1911-04-04,S000415,Furnifold McLendel Simmons,NC,2,Democratic,Democrat,1854-01-20,57,74,57.2027
62,1911-04-04,W000164,Francis Emroy Warren,WY,2,Republican,Republican,1844-06-20,66,288,66.789
62,1911-04-04,C001008,Charles Curtis,KS,2,Republican,Republican,1860-01-25,51,69,51.189
62,1911-04-04,J000257,Wesley Livsey Jones,WA,3,Republican,Republican,1863-10-09,47,177,47.4849
62,1911-04-04,O000140,Lee Slater Overman,NC,3,Democratic,Democrat,1854-01-03,57,91,57.2493
62,1911-04-04,S000644,Reed Smoot,UT,3,Republican,Republican,1862-01-10,49,84,49.2301
62,1911-04-04,B001159,Theodore Elijah Burton,OH,3,Republican,Republican,1851-12-20,59,105,59.2877
62,1911-04-04,S001094,Claude Augustus Swanson,VA,1,Democratic,Democrat,1862-03-31,49,4,49.0109
62,1911-04-04,G000323,Thomas Pryor Gore,OK,3,Democratic,Democrat,1870-12-10,40,115,40.3151
62,1911-04-04,F000200,Duncan Upshaw Fletcher,FL,3,Democratic,Democrat,1859-01-06,52,88,52.2411
62,1911-04-04,B000634,William Edgar Borah,ID,2,Republican,Republican,1865-06-29,45,279,45.7644
62,1911-04-04,S000530,Ellison DuRant Smith,SC,3,Democratic,Democrat,1864-08-01,46,246,46.674
63,1913-04-07,B000749,William O’Connell Bradley,KY,3,Republican,Republican,1847-03-18,66,20,66.0548
63,1913-04-07,B000844,Joseph Little Bristow,KS,3,Republican,Republican,1861-07-22,51,259,51.7096
63,1913-04-07,C000888,Coe Isaac Crawford,SD,3,Republican,Republican,1858-01-14,55,83,55.2274
63,1913-04-07,J000193,Joseph Forney Johnston,AL,3,Democratic,Democrat,1843-03-23,70,15,70.0411
63,1913-04-07,P000232,George Clement Perkins,CA,3,Republican,Republican,1839-08-23,73,227,73.6219
63,1913-04-07,R000430,Elihu Root,NY,3,Republican,Republican,1845-02-15,68,51,68.1397
63,1913-04-07,S000863,Isaac Stephenson,WI,3,Republican,Republican,1829-06-18,83,293,83.8027
63,1913-04-07,T000241,John Randolph Thornton,LA,3,Democratic,Democrat,1846-08-25,66,225,66.6164
63,1913-04-07,B000992,Nathan Philemon Bryan,FL,1,Democratic,Democrat,1872-04-23,40,349,40.9562
63,1913-04-07,C000360,William Edwin Chilton,WV,1,Democratic,Democrat,1858-03-17,55,21,55.0575
63,1913-04-07,C000414,Moses Edwin Clapp,MN,1,Republican,Republican,1851-05-21,61,321,61.8795
63,1913-04-07,C000425,Clarence Don Clark,WY,1,Republican,Republican,1851-04-16,61,356,61.9753
63,1913-04-07,J000124,Charles Fletcher Johnson,ME,1,Democratic,Democrat,1859-02-14,54,52,54.1425
63,1913-04-07,K000132,John Worth Kern,IN,1,Democratic,Democrat,1849-12-20,63,108,63.2959
63,1913-04-07,L000165,Luke Lea,TN,1,Democratic,Democrat,1879-04-12,33,360,33.9863
63,1913-04-07,L000343,Henry Frederick Lippitt,RI,1,Republican,Republican,1856-10-12,56,177,56.4849
63,1913-04-07,M000205,James Edgar Martine,NJ,1,Democratic,Democrat,1850-08-25,62,225,62.6164
63,1913-04-07,O000050,James Aloysius O’Gorman,NY,1,Democratic,Democrat,1860-05-05,52,337,52.9233
63,1913-04-07,O000073,George Tener Oliver,PA,1,Republican,Republican,1848-01-26,65,71,65.1945
63,1913-04-07,S001080,George Sutherland,UT,1,Republican,Republican,1862-03-25,51,13,51.0356
63,1913-04-07,W000743,John Downey Works,CA,1,Republican,Republican,1847-03-29,66,9,66.0247
63,1913-04-07,D000559,Henry Algernon du Pont,DE,1,Republican,Republican,1838-07-30,74,251,74.6877
63,1913-04-07,C000253,Thomas Benton Catron,NM,1,Republican,Republican,1840-10-06,72,183,72.5014
63,1913-04-07,J000030,William Purnell Jackson,MD,1,Republican,Republican,1868-01-11,45,86,45.2356
63,1913-04-07,B000014,Augustus Octavius Bacon,GA,2,Democratic,Democrat,1839-10-20,73,169,73.463
63,1913-04-07,B001105,Edwin Chick Burleigh,ME,2,Republican,Republican,1843-11-27,69,131,69.3589
63,1913-04-07,G000255,Nathan Goff,WV,2,Republican,Republican,1843-02-09,70,57,70.1562
63,1913-04-07,H000727,Henry French Hollis,NH,2,Democratic,Democrat,1869-08-30,43,220,43.6027
63,1913-04-07,H000929,William Hughes,NJ,2,Democratic,Democrat,1872-04-03,41,4,41.011
63,1913-04-07,J000051,Ollie Murray James,KY,2,Democratic,Democrat,1871-07-27,41,254,41.6959
63,1913-04-07,L000059,Harry Lane,OR,2,Democratic,Democrat,1855-08-28,57,222,57.6082
63,1913-04-07,M000200,Thomas Staples Martin,VA,2,Democratic,Democrat,1847-07-29,65,252,65.6904
63,1913-04-07,S000073,Willard Saulsbury,DE,2,Democratic,Democrat,1861-04-17,51,355,51.9726
63,1913-04-07,S000279,John Franklin Shafroth,CO,2,Democratic,Democrat,1854-06-09,58,302,58.8274
63,1913-04-07,S000629,William Alden Smith,MI,2,Republican,Republican,1859-05-12,53,330,53.9041
63,1913-04-07,T000226,William Howard Thompson,KS,2,Democratic,Democrat,1871-10-14,41,175,41.4795
63,1913-04-07,T000274,Benjamin Ryan Tillman,SC,2,Democratic,Democrat,1847-08-11,65,239,65.6548
63,1913-04-07,V000070,James Kimble Vardaman,MS,2,Democratic,Democrat,1861-07-26,51,255,51.6986
63,1913-04-07,W000246,John Wingate Weeks,MA,2,Republican,Republican,1860-04-11,52,361,52.989
63,1913-04-07,B000753,James Henry Brady,ID,3,Republican,Republican,1862-06-12,50,299,50.8192
63,1913-04-07,C000277,George Earle Chamberlain,OR,3,Democratic,Democrat,1854-01-01,59,96,59.263
63,1913-04-07,C000463,James Paul Clarke,AR,3,Democratic,Democrat,1854-08-18,58,232,58.6356
63,1913-04-07,G000023,Jacob Harold Gallinger,NH,3,Republican,Republican,1837-03-28,76,10,76.0274
63,1913-04-07,G000491,Asle Jorgenson Gronna,ND,3,Republican,Republican,1858-12-10,54,118,54.3233
63,1913-04-07,N000069,Francis Griffith Newlands,NV,3,Democratic,Democrat,1846-08-28,66,222,66.6082
63,1913-04-07,P000217,Boies Penrose,PA,3,Republican,Republican,1860-11-01,52,157,52.4301
63,1913-04-07,S000348,Lawrence Yates Sherman,IL,3,Republican,Republican,1858-11-08,54,150,54.411
63,1913-04-07,S000371,Benjamin Franklin Shively,IN,3,Democratic,Democrat,1857-03-20,56,18,56.0493
63,1913-04-07,S000551,Hoke Smith,GA,3,Democratic,Democrat,1855-09-02,57,217,57.5945
63,1913-04-07,S000577,John Walter Smith,MD,3,Democratic,Democrat,1845-02-05,68,61,68.1671
63,1913-04-07,S000589,Marcus Aurelius Smith,AZ,3,Democratic,Democrat,1851-01-24,62,73,62.2
63,1913-04-07,S000968,William Joel Stone,MO,3,Democratic,Democrat,1848-05-07,64,335,64.9178
63,1913-04-07,T000160,Charles Spalding Thomas,CO,3,Democratic,Democrat,1849-12-06,63,122,63.3342
63,1913-04-07,C000963,Charles Allen Culberson,TX,1,Democratic,Democrat,1855-06-10,57,301,57.8247
63,1913-04-07,H000645,Gilbert Monell Hitchcock,NE,1,Democratic,Democrat,1859-09-18,53,201,53.5507
63,1913-04-07,M000397,Porter James McCumber,ND,1,Republican,Republican,1858-02-03,55,63,55.1726
63,1913-04-07,M001129,Henry Lee Myers,MT,1,Democratic,Democrat,1862-10-09,50,180,50.4932
63,1913-04-07,P000014,Carroll Smalley Page,VT,1,Republican,Republican,1843-01-10,70,87,70.2384
63,1913-04-07,P000403,Miles Poindexter,WA,1,Republican,Republican,1868-04-22,44,350,44.9589
63,1913-04-07,P000420,Atlee Pomerene,OH,1,Democratic,Democrat,1863-12-06,49,122,49.3342
63,1913-04-07,T000330,Charles Elroy Townsend,MI,1,Republican,Republican,1856-08-15,56,235,56.6438
63,1913-04-07,W000521,John Sharp Williams,MS,1,Democratic,Democrat,1854-07-30,58,251,58.6877
63,1913-04-07,B000110,John Hollis Bankhead,AL,2,Democratic,Democrat,1842-09-13,70,206,70.5644
63,1913-04-07,C000651,LeBaron Bradford Colt,RI,2,Republican,Republican,1846-06-25,66,286,66.7836
63,1913-04-07,F000011,Albert Bacon Fall,NM,2,Republican,Republican,1861-11-26,51,132,51.3616
63,1913-04-07,K000129,William Squire Kenyon,IA,2,Republican,Republican,1869-06-10,43,301,43.8247
63,1913-04-07,N000040,Knute Nelson,MN,2,Republican,Republican,1843-02-02,70,64,70.1753
63,1913-04-07,O000153,Robert Latham Owen,OK,2,Democratic,Democrat,1856-02-02,57,64,57.1753
63,1913-04-07,S000363,John Knight Shields,TN,2,Democratic,Democrat,1858-08-15,54,235,54.6438
63,1913-04-07,S000872,Thomas Sterling,SD,2,Republican,Republican,1851-02-21,62,45,62.1233
63,1913-04-07,B000769,Frank Bosworth Brandegee,CT,3,Republican,Republican,1864-07-08,48,273,48.7479
63,1913-04-07,C000988,Albert Baird Cummins,IA,3,Republican,Republican,1850-02-15,63,51,63.1397
63,1913-04-07,D000347,William Paul Dillingham,VT,3,Republican,Republican,1843-12-12,69,116,69.3178
63,1913-04-07,L000004,Robert Marion La Follette,WI,1,Republican,Republican,1855-06-14,57,297,57.8137
63,1913-04-07,L000393,Henry Cabot Lodge,MA,1,Republican,Republican,1850-05-12,62,330,62.9041
63,1913-04-07,M000547,George Payne McLean,CT,1,Republican,Republican,1857-10-07,55,182,55.4986
63,1913-04-07,R000118,James Alexander Reed,MO,1,Democratic,Democrat,1861-11-09,51,149,51.4082
63,1913-04-07,R000059,Joseph Eugene Ransdell,LA,2,Democratic,Democrat,1858-10-07,54,182,54.4986
63,1913-04-07,S000415,Furnifold McLendel Simmons,NC,2,Democratic,Democrat,1854-01-20,59,77,59.211
63,1913-04-07,W000164,Francis Emroy Warren,WY,2,Republican,Republican,1844-06-20,68,291,68.7973
63,1913-04-07,J000257,Wesley Livsey Jones,WA,3,Republican,Republican,1863-10-09,49,180,49.4932
63,1913-04-07,O000140,Lee Slater Overman,NC,3,Democratic,Democrat,1854-01-03,59,94,59.2575
63,1913-04-07,S000644,Reed Smoot,UT,3,Republican,Republican,1862-01-10,51,87,51.2384
63,1913-04-07,B001159,Theodore Elijah Burton,OH,3,Republican,Republican,1851-12-20,61,108,61.2959
63,1913-04-07,S001094,Claude Augustus Swanson,VA,1,Democratic,Democrat,1862-03-31,51,7,51.0192
63,1913-04-07,G000323,Thomas Pryor Gore,OK,3,Democratic,Democrat,1870-12-10,42,118,42.3233
63,1913-04-07,R000347,Joseph Taylor Robinson,AR,2,Democratic,Democrat,1872-08-26,40,224,40.6137
63,1913-04-07,W000104,Thomas James Walsh,MT,2,Democratic,Democrat,1859-06-12,53,299,53.8192
63,1913-04-07,F000200,Duncan Upshaw Fletcher,FL,3,Democratic,Democrat,1859-01-06,54,91,54.2493
63,1913-04-07,A000319,Henry Fountain Ashurst,AZ,1,Democratic,Democrat,1874-09-13,38,206,38.5644
63,1913-04-07,P000372,Key Pittman,NV,1,Democratic,Democrat,1872-09-12,40,207,40.5671
63,1913-04-07,B000634,William Edgar Borah,ID,2,Republican,Republican,1865-06-29,47,282,47.7726
63,1913-04-07,L000284,James Hamilton Lewis,IL,2,Democratic,Democrat,1863-05-18,49,324,49.8877
63,1913-04-07,N000139,George William Norris,NE,2,Republican,Republican,1861-07-11,51,270,51.7397
63,1913-04-07,S000337,Morris Sheppard,TX,2,Democratic,Democrat,1875-05-28,37,314,37.8603
63,1913-04-07,S000530,Ellison DuRant Smith,SC,3,Democratic,Democrat,1864-08-01,48,249,48.6822
64,1915-12-06,B000992,Nathan Philemon Bryan,FL,1,Democratic,Democrat,1872-04-23,43,227,43.6202
64,1915-12-06,C000360,William Edwin Chilton,WV,1,Democratic,Democrat,1858-03-17,57,264,57.7213
64,1915-12-06,C000414,Moses Edwin Clapp,MN,1,Republican,Republican,1851-05-21,64,199,64.5437
64,1915-12-06,C000425,Clarence Don Clark,WY,1,Republican,Republican,1851-04-16,64,234,64.6393
64,1915-12-06,J000124,Charles Fletcher Johnson,ME,1,Democratic,Democrat,1859-02-14,56,295,56.8082
64,1915-12-06,K000132,John Worth Kern,IN,1,Democratic,Democrat,1849-12-20,65,351,65.9616
64,1915-12-06,L000165,Luke Lea,TN,1,Democratic,Democrat,1879-04-12,36,238,36.6503
64,1915-12-06,L000343,Henry Frederick Lippitt,RI,1,Republican,Republican,1856-10-12,59,55,59.1503
64,1915-12-06,M000205,James Edgar Martine,NJ,1,Democratic,Democrat,1850-08-25,65,103,65.2814
64,1915-12-06,O000050,James Aloysius O’Gorman,NY,1,Democratic,Democrat,1860-05-05,55,215,55.5874
64,1915-12-06,O000073,George Tener Oliver,PA,1,Republican,Republican,1848-01-26,67,314,67.8603
64,1915-12-06,S001080,George Sutherland,UT,1,Republican,Republican,1862-03-25,53,256,53.6995
64,1915-12-06,W000743,John Downey Works,CA,1,Republican,Republican,1847-03-29,68,252,68.6885
64,1915-12-06,D000559,Henry Algernon du Pont,DE,1,Republican,Republican,1838-07-30,77,129,77.3525
64,1915-12-06,C000253,Thomas Benton Catron,NM,1,Republican,Republican,1840-10-06,75,61,75.1667
64,1915-12-06,B001105,Edwin Chick Burleigh,ME,2,Republican,Republican,1843-11-27,72,9,72.0246
64,1915-12-06,G000255,Nathan Goff,WV,2,Republican,Republican,1843-02-09,72,300,72.8219
64,1915-12-06,H000727,Henry French Hollis,NH,2,Democratic,Democrat,1869-08-30,46,98,46.2678
64,1915-12-06,H000929,William Hughes,NJ,2,Democratic,Democrat,1872-04-03,43,247,43.6749
64,1915-12-06,J000051,Ollie Murray James,KY,2,Democratic,Democrat,1871-07-27,44,132,44.3607
64,1915-12-06,L000059,Harry Lane,OR,2,Democratic,Democrat,1855-08-28,60,100,60.2732
64,1915-12-06,M000200,Thomas Staples Martin,VA,2,Democratic,Democrat,1847-07-29,68,130,68.3552
64,1915-12-06,S000073,Willard Saulsbury,DE,2,Democratic,Democrat,1861-04-17,54,233,54.6366
64,1915-12-06,S000279,John Franklin Shafroth,CO,2,Democratic,Democrat,1854-06-09,61,180,61.4918
64,1915-12-06,S000629,William Alden Smith,MI,2,Republican,Republican,1859-05-12,56,208,56.5683
64,1915-12-06,T000226,William Howard Thompson,KS,2,Democratic,Democrat,1871-10-14,44,53,44.1448
64,1915-12-06,T000274,Benjamin Ryan Tillman,SC,2,Democratic,Democrat,1847-08-11,68,117,68.3197
64,1915-12-06,V000070,James Kimble Vardaman,MS,2,Democratic,Democrat,1861-07-26,54,133,54.3634
64,1915-12-06,W000246,John Wingate Weeks,MA,2,Republican,Republican,1860-04-11,55,239,55.653
64,1915-12-06,H000193,Thomas William Hardwick,GA,2,Democratic,Democrat,1872-12-09,42,362,42.9918
64,1915-12-06,L000189,Blair Lee,MD,1,Democratic,Democrat,1857-08-09,58,119,58.3251
64,1915-12-06,B000293,John Crepps Wickliffe Beckham,KY,3,Democratic,Democrat,1869-08-05,46,123,46.3361
64,1915-12-06,B000753,James Henry Brady,ID,3,Republican,Republican,1862-06-12,53,177,53.4836
64,1915-12-06,B000896,Robert Foligny Broussard,LA,3,Democratic,Democrat,1864-08-17,51,111,51.3033
64,1915-12-06,C000277,George Earle Chamberlain,OR,3,Democratic,Democrat,1854-01-01,61,339,61.9288
64,1915-12-06,C000463,James Paul Clarke,AR,3,Democratic,Democrat,1854-08-18,61,110,61.3005
64,1915-12-06,G000023,Jacob Harold Gallinger,NH,3,Republican,Republican,1837-03-28,78,253,78.6913
64,1915-12-06,G000491,Asle Jorgenson Gronna,ND,3,Republican,Republican,1858-12-10,56,361,56.989
64,1915-12-06,H001006,Paul Oscar Husting,WI,3,Democratic,Democrat,1866-04-25,49,225,49.6148
64,1915-12-06,J000128,Edwin Stockton Johnson,SD,3,Democratic,Democrat,1857-02-26,58,283,58.7753
64,1915-12-06,N000069,Francis Griffith Newlands,NV,3,Democratic,Democrat,1846-08-28,69,100,69.2732
64,1915-12-06,P000217,Boies Penrose,PA,3,Republican,Republican,1860-11-01,55,35,55.0956
64,1915-12-06,P000290,James Duval Phelan,CA,3,Democratic,Democrat,1861-04-20,54,230,54.6284
64,1915-12-06,S000348,Lawrence Yates Sherman,IL,3,Republican,Republican,1858-11-08,57,28,57.0765
64,1915-12-06,S000371,Benjamin Franklin Shively,IN,3,Democratic,Democrat,1857-03-20,58,261,58.7131
64,1915-12-06,S000551,Hoke Smith,GA,3,Democratic,Democrat,1855-09-02,60,95,60.2596
64,1915-12-06,S000577,John Walter Smith,MD,3,Democratic,Democrat,1845-02-05,70,304,70.8329
64,1915-12-06,S000589,Marcus Aurelius Smith,AZ,3,Democratic,Democrat,1851-01-24,64,316,64.8658
64,1915-12-06,S000968,William Joel Stone,MO,3,Democratic,Democrat,1848-05-07,67,213,67.582
64,1915-12-06,T000160,Charles Spalding Thomas,CO,3,Democratic,Democrat,1849-12-06,66,0,66.0
64,1915-12-06,C000963,Charles Allen Culberson,TX,1,Democratic,Democrat,1855-06-10,60,179,60.4891
64,1915-12-06,H000645,Gilbert Monell Hitchcock,NE,1,Democratic,Democrat,1859-09-18,56,79,56.2158
64,1915-12-06,M000397,Porter James McCumber,ND,1,Republican,Republican,1858-02-03,57,306,57.8384
64,1915-12-06,M001129,Henry Lee Myers,MT,1,Democratic,Democrat,1862-10-09,53,58,53.1585
64,1915-12-06,P000014,Carroll Smalley Page,VT,1,Republican,Republican,1843-01-10,72,330,72.9041
64,1915-12-06,P000403,Miles Poindexter,WA,1,Republican,Republican,1868-04-22,47,228,47.623
64,1915-12-06,P000420,Atlee Pomerene,OH,1,Democratic,Democrat,1863-12-06,52,0,52.0
64,1915-12-06,T000330,Charles Elroy Townsend,MI,1,Republican,Republican,1856-08-15,59,113,59.3087
64,1915-12-06,W000521,John Sharp Williams,MS,1,Democratic,Democrat,1854-07-30,61,129,61.3525
64,1915-12-06,B000110,John Hollis Bankhead,AL,2,Democratic,Democrat,1842-09-13,73,84,73.2295
64,1915-12-06,C000651,LeBaron Bradford Colt,RI,2,Republican,Republican,1846-06-25,69,164,69.4481
64,1915-12-06,F000011,Albert Bacon Fall,NM,2,Republican,Republican,1861-11-26,54,10,54.0273
64,1915-12-06,K000129,William Squire Kenyon,IA,2,Republican,Republican,1869-06-10,46,179,46.4891
64,1915-12-06,N000040,Knute Nelson,MN,2,Republican,Republican,1843-02-02,72,307,72.8411
64,1915-12-06,O000153,Robert Latham Owen,OK,2,Democratic,Democrat,1856-02-02,59,307,59.8411
64,1915-12-06,S000363,John Knight Shields,TN,2,Democratic,Democrat,1858-08-15,57,113,57.3087
64,1915-12-06,S000872,Thomas Sterling,SD,2,Republican,Republican,1851-02-21,64,288,64.789
64,1915-12-06,H000192,Warren Gamaliel Harding,OH,3,Republican,Republican,1865-11-02,50,34,50.0929
64,1915-12-06,B000769,Frank Bosworth Brandegee,CT,3,Republican,Republican,1864-07-08,51,151,51.4126
64,1915-12-06,C000988,Albert Baird Cummins,IA,3,Republican,Republican,1850-02-15,65,294,65.8055
64,1915-12-06,D000347,William Paul Dillingham,VT,3,Republican,Republican,1843-12-12,71,359,71.9836
64,1915-12-06,U000013,Oscar Wilder Underwood,AL,3,Democratic,Democrat,1862-05-06,53,214,53.5847
64,1915-12-06,L000004,Robert Marion La Follette,WI,1,Republican,Republican,1855-06-14,60,175,60.4781
64,1915-12-06,L000393,Henry Cabot Lodge,MA,1,Republican,Republican,1850-05-12,65,208,65.5683
64,1915-12-06,M000547,George Payne McLean,CT,1,Republican,Republican,1857-10-07,58,60,58.1639
64,1915-12-06,R000118,James Alexander Reed,MO,1,Democratic,Democrat,1861-11-09,54,27,54.0738
64,1915-12-06,R000059,Joseph Eugene Ransdell,LA,2,Democratic,Democrat,1858-10-07,57,60,57.1639
64,1915-12-06,S000415,Furnifold McLendel Simmons,NC,2,Democratic,Democrat,1854-01-20,61,320,61.8767
64,1915-12-06,W000164,Francis Emroy Warren,WY,2,Republican,Republican,1844-06-20,71,169,71.4617
64,1915-12-06,C001008,Charles Curtis,KS,3,Republican,Republican,1860-01-25,55,315,55.863
64,1915-12-06,J000257,Wesley Livsey Jones,WA,3,Republican,Republican,1863-10-09,52,58,52.1585
64,1915-12-06,O000140,Lee Slater Overman,NC,3,Democratic,Democrat,1854-01-03,61,337,61.9233
64,1915-12-06,S000644,Reed Smoot,UT,3,Republican,Republican,1862-01-10,53,330,53.9041
64,1915-12-06,S001094,Claude Augustus Swanson,VA,1,Democratic,Democrat,1862-03-31,53,250,53.6831
64,1915-12-06,G000323,Thomas Pryor Gore,OK,3,Democratic,Democrat,1870-12-10,44,361,44.989
64,1915-12-06,R000347,Joseph Taylor Robinson,AR,2,Democratic,Democrat,1872-08-26,43,102,43.2787
64,1915-12-06,W000104,Thomas James Walsh,MT,2,Democratic,Democrat,1859-06-12,56,177,56.4836
64,1915-12-06,F000200,Duncan Upshaw Fletcher,FL,3,Democratic,Democrat,1859-01-06,56,334,56.9151
64,1915-12-06,A000319,Henry Fountain Ashurst,AZ,1,Democratic,Democrat,1874-09-13,41,84,41.2295
64,1915-12-06,P000372,Key Pittman,NV,1,Democratic,Democrat,1872-09-12,43,85,43.2322
64,1915-12-06,B000634,William Edgar Borah,ID,2,Republican,Republican,1865-06-29,50,160,50.4372
64,1915-12-06,L000284,James Hamilton Lewis,IL,2,Democratic,Democrat,1863-05-18,52,202,52.5519
64,1915-12-06,N000139,George William Norris,NE,2,Republican,Republican,1861-07-11,54,148,54.4044
64,1915-12-06,S000337,Morris Sheppard,TX,2,Democratic,Democrat,1875-05-28,40,192,40.5246
64,1915-12-06,S000530,Ellison DuRant Smith,SC,3,Democratic,Democrat,1864-08-01,51,127,51.347
64,1915-12-06,W000012,James Wolcott Wadsworth,NY,3,Republican,Republican,1877-08-12,38,116,38.3169
65,1917-04-02,G000255,Nathan Goff,WV,2,Republican,Republican,1843-02-09,74,52,74.1425
65,1917-04-02,H000727,Henry French Hollis,NH,2,Democratic,Democrat,1869-08-30,47,215,47.589
65,1917-04-02,H000929,William Hughes,NJ,2,Democratic,Democrat,1872-04-03,44,364,44.9973
65,1917-04-02,J000051,Ollie Murray James,KY,2,Democratic,Democrat,1871-07-27,45,249,45.6822
65,1917-04-02,L000059,Harry Lane,OR,2,Democratic,Democrat,1855-08-28,61,217,61.5945
65,1917-04-02,M000200,Thomas Staples Martin,VA,2,Democratic,Democrat,1847-07-29,69,247,69.6767
65,1917-04-02,S000073,Willard Saulsbury,DE,2,Democratic,Democrat,1861-04-17,55,350,55.9589
65,1917-04-02,S000279,John Franklin Shafroth,CO,2,Democratic,Democrat,1854-06-09,62,297,62.8137
65,1917-04-02,S000629,William Alden Smith,MI,2,Republican,Republican,1859-05-12,57,325,57.8904
65,1917-04-02,T000226,William Howard Thompson,KS,2,Democratic,Democrat,1871-10-14,45,170,45.4658
65,1917-04-02,T000274,Benjamin Ryan Tillman,SC,2,Democratic,Democrat,1847-08-11,69,234,69.6411
65,1917-04-02,V000070,James Kimble Vardaman,MS,2,Democratic,Democrat,1861-07-26,55,250,55.6849
65,1917-04-02,W000246,John Wingate Weeks,MA,2,Republican,Republican,1860-04-11,56,356,56.9753
65,1917-04-02,H000193,Thomas William Hardwick,GA,2,Democratic,Democrat,1872-12-09,44,114,44.3123
65,1917-04-02,B000293,John Crepps Wickliffe Beckham,KY,3,Democratic,Democrat,1869-08-05,47,240,47.6575
65,1917-04-02,B000753,James Henry Brady,ID,3,Republican,Republican,1862-06-12,54,294,54.8055
65,1917-04-02,B000896,Robert Foligny Broussard,LA,3,Democratic,Democrat,1864-08-17,52,228,52.6247
65,1917-04-02,C000277,George Earle Chamberlain,OR,3,Democratic,Democrat,1854-01-01,63,91,63.2493
65,1917-04-02,G000023,Jacob Harold Gallinger,NH,3,Republican,Republican,1837-03-28,80,5,80.0137
65,1917-04-02,G000491,Asle Jorgenson Gronna,ND,3,Republican,Republican,1858-12-10,58,113,58.3096
65,1917-04-02,H001006,Paul Oscar Husting,WI,3,Democratic,Democrat,1866-04-25,50,342,50.937
65,1917-04-02,J000128,Edwin Stockton Johnson,SD,3,Democratic,Democrat,1857-02-26,60,35,60.0959
65,1917-04-02,N000069,Francis Griffith Newlands,NV,3,Democratic,Democrat,1846-08-28,70,217,70.5945
65,1917-04-02,P000217,Boies Penrose,PA,3,Republican,Republican,1860-11-01,56,152,56.4164
65,1917-04-02,P000290,James Duval Phelan,CA,3,Democratic,Democrat,1861-04-20,55,347,55.9507
65,1917-04-02,S000348,Lawrence Yates Sherman,IL,3,Republican,Republican,1858-11-08,58,145,58.3973
65,1917-04-02,S000551,Hoke Smith,GA,3,Democratic,Democrat,1855-09-02,61,212,61.5808
65,1917-04-02,S000577,John Walter Smith,MD,3,Democratic,Democrat,1845-02-05,72,56,72.1534
65,1917-04-02,S000589,Marcus Aurelius Smith,AZ,3,Democratic,Democrat,1851-01-24,66,68,66.1863
65,1917-04-02,S000968,William Joel Stone,MO,3,Democratic,Democrat,1848-05-07,68,330,68.9041
65,1917-04-02,T000160,Charles Spalding Thomas,CO,3,Democratic,Democrat,1849-12-06,67,117,67.3205
65,1917-04-02,K000233,William Fosgate Kirby,AR,3,Democratic,Democrat,1867-11-16,49,137,49.3753
65,1917-04-02,C000025,William Musgrave Calder,NY,1,Republican,Republican,1869-03-03,48,30,48.0822
65,1917-04-02,C000963,Charles Allen Culberson,TX,1,Democratic,Democrat,1855-06-10,61,296,61.811
65,1917-04-02,F000333,Joseph Irvin France,MD,1,Republican,Republican,1873-10-11,43,173,43.474
65,1917-04-02,F000370,Joseph Sherman Frelinghuysen,NJ,1,Republican,Republican,1869-03-12,48,21,48.0575
65,1917-04-02,H000645,Gilbert Monell Hitchcock,NE,1,Democratic,Democrat,1859-09-18,57,196,57.537
65,1917-04-02,K000065,Frank Billings Kellogg,MN,1,Republican,Republican,1856-12-22,60,101,60.2767
65,1917-04-02,K000296,Philander Chase Knox,PA,1,Republican,Republican,1853-05-06,63,331,63.9068
65,1917-04-02,M000397,Porter James McCumber,ND,1,Republican,Republican,1858-02-03,59,58,59.1589
65,1917-04-02,M001129,Henry Lee Myers,MT,1,Democratic,Democrat,1862-10-09,54,175,54.4795
65,1917-04-02,N000059,Harry Stewart New,IN,1,Republican,Republican,1858-12-31,58,92,58.2521
65,1917-04-02,P000014,Carroll Smalley Page,VT,1,Republican,Republican,1843-01-10,74,82,74.2247
65,1917-04-02,P000403,Miles Poindexter,WA,1,Republican,Republican,1868-04-22,48,345,48.9452
65,1917-04-02,P000420,Atlee Pomerene,OH,1,Democratic,Democrat,1863-12-06,53,117,53.3205
65,1917-04-02,S001081,Howard Sutherland,WV,1,Republican,Republican,1865-09-08,51,206,51.5644
65,1917-04-02,T000330,Charles Elroy Townsend,MI,1,Republican,Republican,1856-08-15,60,230,60.6301
65,1917-04-02,W000521,John Sharp Williams,MS,1,Democratic,Democrat,1854-07-30,62,246,62.674
65,1917-04-02,W000669,Josiah Oliver Wolcott,DE,1,Democratic,Democrat,1877-10-31,39,153,39.4192
65,1917-04-02,B000110,John Hollis Bankhead,AL,2,Democratic,Democrat,1842-09-13,74,201,74.5507
65,1917-04-02,C000651,LeBaron Bradford Colt,RI,2,Republican,Republican,1846-06-25,70,281,70.7699
65,1917-04-02,F000011,Albert Bacon Fall,NM,2,Republican,Republican,1861-11-26,55,127,55.3479
65,1917-04-02,K000129,William Squire Kenyon,IA,2,Republican,Republican,1869-06-10,47,296,47.811
65,1917-04-02,N000040,Knute Nelson,MN,2,Republican,Republican,1843-02-02,74,59,74.1616
65,1917-04-02,O000153,Robert Latham Owen,OK,2,Democratic,Democrat,1856-02-02,61,59,61.1616
65,1917-04-02,S000363,John Knight Shields,TN,2,Democratic,Democrat,1858-08-15,58,230,58.6301
65,1917-04-02,S000872,Thomas Sterling,SD,2,Republican,Republican,1851-02-21,66,40,66.1096
65,1917-04-02,H000192,Warren Gamaliel Harding,OH,3,Republican,Republican,1865-11-02,51,151,51.4137
65,1917-04-02,B000769,Frank Bosworth Brandegee,CT,3,Republican,Republican,1864-07-08,52,268,52.7342
65,1917-04-02,C000988,Albert Baird Cummins,IA,3,Republican,Republican,1850-02-15,67,46,67.126
65,1917-04-02,D000347,William Paul Dillingham,VT,3,Republican,Republican,1843-12-12,73,111,73.3041
65,1917-04-02,U000013,Oscar Wilder Underwood,AL,3,Democratic,Democrat,1862-05-06,54,331,54.9068
65,1917-04-02,J000210,Andrieus Aristieus Jones,NM,1,Democratic,Democrat,1862-05-16,54,321,54.8795
65,1917-04-02,L000004,Robert Marion La Follette,WI,1,Republican,Republican,1855-06-14,61,292,61.8
65,1917-04-02,L000393,Henry Cabot Lodge,MA,1,Republican,Republican,1850-05-12,66,325,66.8904
65,1917-04-02,M000547,George Payne McLean,CT,1,Republican,Republican,1857-10-07,59,177,59.4849
65,1917-04-02,R000118,James Alexander Reed,MO,1,Democratic,Democrat,1861-11-09,55,144,55.3945
65,1917-04-02,F000084,Bert Manfred Fernald,ME,2,Republican,Republican,1858-04-03,58,364,58.9973
65,1917-04-02,R000059,Joseph Eugene Ransdell,LA,2,Democratic,Democrat,1858-10-07,58,177,58.4849
65,1917-04-02,S000415,Furnifold McLendel Simmons,NC,2,Democratic,Democrat,1854-01-20,63,72,63.1973
65,1917-04-02,W000164,Francis Emroy Warren,WY,2,Republican,Republican,1844-06-20,72,286,72.7836
65,1917-04-02,C001008,Charles Curtis,KS,3,Republican,Republican,1860-01-25,57,67,57.1836
65,1917-04-02,J000257,Wesley Livsey Jones,WA,3,Republican,Republican,1863-10-09,53,175,53.4795
65,1917-04-02,O000140,Lee Slater Overman,NC,3,Democratic,Democrat,1854-01-03,63,89,63.2438
65,1917-04-02,S000644,Reed Smoot,UT,3,Republican,Republican,1862-01-10,55,82,55.2247
65,1917-04-02,W000203,James Eli Watson,IN,3,Republican,Republican,1864-11-02,52,151,52.4137
65,1917-04-02,K000098,John Benjamin Kendrick,WY,1,Democratic,Democrat,1857-09-06,59,208,59.5699
65,1917-04-02,S001094,Claude Augustus Swanson,VA,1,Democratic,Democrat,1862-03-31,55,2,55.0055
65,1917-04-02,G000323,Thomas Pryor Gore,OK,3,Democratic,Democrat,1870-12-10,46,113,46.3096
65,1917-04-02,R000347,Joseph Taylor Robinson,AR,2,Democratic,Democrat,1872-08-26,44,219,44.6
65,1917-04-02,W000104,Thomas James Walsh,MT,2,Democratic,Democrat,1859-06-12,57,294,57.8055
65,1917-04-02,F000200,Duncan Upshaw Fletcher,FL,3,Democratic,Democrat,1859-01-06,58,86,58.2356
65,1917-04-02,A000319,Henry Fountain Ashurst,AZ,1,Democratic,Democrat,1874-09-13,42,201,42.5507
65,1917-04-02,H000031,Frederick Hale,ME,1,Republican,Republican,1874-10-07,42,177,42.4849
65,1917-04-02,K000216,William Henry King,UT,1,Democratic,Democrat,1863-06-03,53,303,53.8301
65,1917-04-02,P000372,Key Pittman,NV,1,Democratic,Democrat,1872-09-12,44,202,44.5534
65,1917-04-02,T000353,Park Trammell,FL,1,Democratic,Democrat,1876-04-09,40,358,40.9808
65,1917-04-02,B000634,William Edgar Borah,ID,2,Republican,Republican,1865-06-29,51,277,51.7589
65,1917-04-02,L000284,James Hamilton Lewis,IL,2,Democratic,Democrat,1863-05-18,53,319,53.874
65,1917-04-02,N000139,George William Norris,NE,2,Republican,Republican,1861-07-11,55,265,55.726
65,1917-04-02,S000337,Morris Sheppard,TX,2,Democratic,Democrat,1875-05-28,41,309,41.8466
65,1917-04-02,S000530,Ellison DuRant Smith,SC,3,Democratic,Democrat,1864-08-01,52,244,52.6685
65,1917-04-02,G000141,Peter Goelet Gerry,RI,1,Democratic,Democrat,1879-09-18,37,196,37.537
65,1917-04-02,J000140,Hiram Warren Johnson,CA,1,Republican,Republican,1866-09-02,50,212,50.5808
65,1917-04-02,M000499,Kenneth Douglas McKellar,TN,1,Democratic,Democrat,1869-01-29,48,63,48.1726
65,1917-04-02,W000012,James Wolcott Wadsworth,NY,3,Republican,Republican,1877-08-12,39,233,39.6384
66,1919-05-19,M000200,Thomas Staples Martin,VA,2,Democratic,Democrat,1847-07-29,71,294,71.8055
66,1919-05-19,B000293,John Crepps Wickliffe Beckham,KY,3,Democratic,Democrat,1869-08-05,49,287,49.7863
66,1919-05-19,C000277,George Earle Chamberlain,OR,3,Democratic,Democrat,1854-01-01,65,138,65.3781
66,1919-05-19,G000491,Asle Jorgenson Gronna,ND,3,Republican,Republican,1858-12-10,60,160,60.4384
66,1919-05-19,J000128,Edwin Stockton Johnson,SD,3,Democratic,Democrat,1857-02-26,62,82,62.2247
66,1919-05-19,P000217,Boies Penrose,PA,3,Republican,Republican,1860-11-01,58,199,58.5452
66,1919-05-19,P000290,James Duval Phelan,CA,3,Democratic,Democrat,1861-04-20,58,29,58.0792
66,1919-05-19,S000348,Lawrence Yates Sherman,IL,3,Republican,Republican,1858-11-08,60,192,60.526
66,1919-05-19,S000551,Hoke Smith,GA,3,Democratic,Democrat,1855-09-02,63,259,63.7096
66,1919-05-19,S000577,John Walter Smith,MD,3,Democratic,Democrat,1845-02-05,74,103,74.2822
66,1919-05-19,S000589,Marcus Aurelius Smith,AZ,3,Democratic,Democrat,1851-01-24,68,115,68.3151
66,1919-05-19,T000160,Charles Spalding Thomas,CO,3,Democratic,Democrat,1849-12-06,69,164,69.4493
66,1919-05-19,K000233,William Fosgate Kirby,AR,3,Democratic,Democrat,1867-11-16,51,184,51.5041
66,1919-05-19,C000025,William Musgrave Calder,NY,1,Republican,Republican,1869-03-03,50,77,50.2104
66,1919-05-19,C000963,Charles Allen Culberson,TX,1,Democratic,Democrat,1855-06-10,63,343,63.9397
66,1919-05-19,F000333,Joseph Irvin France,MD,1,Republican,Republican,1873-10-11,45,220,45.6027
66,1919-05-19,F000370,Joseph Sherman Frelinghuysen,NJ,1,Republican,Republican,1869-03-12,50,68,50.1858
66,1919-05-19,H000645,Gilbert Monell Hitchcock,NE,1,Democratic,Democrat,1859-09-18,59,243,59.6658
66,1919-05-19,K000065,Frank Billings Kellogg,MN,1,Republican,Republican,1856-12-22,62,148,62.4055
66,1919-05-19,K000296,Philander Chase Knox,PA,1,Republican,Republican,1853-05-06,66,13,66.0355
66,1919-05-19,M000397,Porter James McCumber,ND,1,Republican,Republican,1858-02-03,61,105,61.2877
66,1919-05-19,M001129,Henry Lee Myers,MT,1,Democratic,Democrat,1862-10-09,56,222,56.6082
66,1919-05-19,N000059,Harry Stewart New,IN,1,Republican,Republican,1858-12-31,60,139,60.3808
66,1919-05-19,P000014,Carroll Smalley Page,VT,1,Republican,Republican,1843-01-10,76,129,76.3534
66,1919-05-19,P000403,Miles Poindexter,WA,1,Republican,Republican,1868-04-22,51,27,51.0738
66,1919-05-19,P000420,Atlee Pomerene,OH,1,Democratic,Democrat,1863-12-06,55,164,55.4493
66,1919-05-19,S001081,Howard Sutherland,WV,1,Republican,Republican,1865-09-08,53,253,53.6932
66,1919-05-19,T000330,Charles Elroy Townsend,MI,1,Republican,Republican,1856-08-15,62,277,62.7589
66,1919-05-19,W000521,John Sharp Williams,MS,1,Democratic,Democrat,1854-07-30,64,293,64.8027
66,1919-05-19,W000669,Josiah Oliver Wolcott,DE,1,Democratic,Democrat,1877-10-31,41,200,41.5479
66,1919-05-19,G000104,Edward James Gay,LA,3,Democratic,Democrat,1878-05-05,41,14,41.0383
66,1919-05-19,H000477,Charles Belknap Henderson,NV,3,Democratic,Democrat,1873-06-08,45,345,45.9452
66,1919-05-19,N000169,John Frost Nugent,ID,3,Democratic,Democrat,1868-06-28,50,325,50.8904
66,1919-05-19,B000100,Lewis Heisler Ball,DE,2,Republican,Republican,1861-09-21,57,240,57.6575
66,1919-05-19,B000110,John Hollis Bankhead,AL,2,Democratic,Democrat,1842-09-13,76,248,76.6795
66,1919-05-19,C000651,LeBaron Bradford Colt,RI,2,Republican,Republican,1846-06-25,72,328,72.8986
66,1919-05-19,D000298,Nathaniel Barksdale Dial,SC,2,Democratic,Democrat,1862-04-24,57,25,57.0683
66,1919-05-19,E000109,Davis Elkins,WV,2,Republican,Republican,1876-01-24,43,115,43.3151
66,1919-05-19,F000011,Albert Bacon Fall,NM,2,Republican,Republican,1861-11-26,57,174,57.4767
66,1919-05-19,K000129,William Squire Kenyon,IA,2,Republican,Republican,1869-06-10,49,343,49.9397
66,1919-05-19,M000369,Joseph Medill McCormick,IL,2,Republican,Republican,1877-05-16,42,3,42.0082
66,1919-05-19,N000040,Knute Nelson,MN,2,Republican,Republican,1843-02-02,76,106,76.2904
66,1919-05-19,N000062,Truman Handy Newberry,MI,2,Republican,Republican,1864-11-05,54,195,54.5342
66,1919-05-19,O000153,Robert Latham Owen,OK,2,Democratic,Democrat,1856-02-02,63,106,63.2904
66,1919-05-19,S000363,John Knight Shields,TN,2,Democratic,Democrat,1858-08-15,60,277,60.7589
66,1919-05-19,S000796,Augustus Owsley Stanley,KY,2,Democratic,Democrat,1867-05-21,51,363,51.9945
66,1919-05-19,S000872,Thomas Sterling,SD,2,Republican,Republican,1851-02-21,68,87,68.2384
66,1919-05-19,H000192,Warren Gamaliel Harding,OH,3,Republican,Republican,1865-11-02,53,198,53.5425
66,1919-05-19,B000769,Frank Bosworth Brandegee,CT,3,Republican,Republican,1864-07-08,54,315,54.863
66,1919-05-19,C000988,Albert Baird Cummins,IA,3,Republican,Republican,1850-02-15,69,93,69.2548
66,1919-05-19,D000347,William Paul Dillingham,VT,3,Republican,Republican,1843-12-12,75,158,75.4329
66,1919-05-19,L000241,Irvine Luther Lenroot,WI,3,Republican,Republican,1869-01-31,50,108,50.2959
66,1919-05-19,S000730,Selden Palmer Spencer,MO,3,Republican,Republican,1862-09-16,56,245,56.6712
66,1919-05-19,U000013,Oscar Wilder Underwood,AL,3,Democratic,Democrat,1862-05-06,57,13,57.0355
66,1919-05-19,J000210,Andrieus Aristieus Jones,NM,1,Democratic,Democrat,1862-05-16,57,3,57.0082
66,1919-05-19,L000004,Robert Marion La Follette,WI,1,Republican,Republican,1855-06-14,63,339,63.9288
66,1919-05-19,L000393,Henry Cabot Lodge,MA,1,Republican,Republican,1850-05-12,69,7,69.0191
66,1919-05-19,M000547,George Payne McLean,CT,1,Republican,Republican,1857-10-07,61,224,61.6137
66,1919-05-19,R000118,James Alexander Reed,MO,1,Democratic,Democrat,1861-11-09,57,191,57.5233
66,1919-05-19,E000044,Walter Evans Edge,NJ,2,Republican,Republican,1873-11-20,45,180,45.4932
66,1919-05-19,F000084,Bert Manfred Fernald,ME,2,Republican,Republican,1858-04-03,61,46,61.1257
66,1919-05-19,P000317,Lawrence Cowle Phipps,CO,2,Republican,Republican,1862-08-30,56,262,56.7178
66,1919-05-19,R000059,Joseph Eugene Ransdell,LA,2,Democratic,Democrat,1858-10-07,60,224,60.6137
66,1919-05-19,S000415,Furnifold McLendel Simmons,NC,2,Democratic,Democrat,1854-01-20,65,119,65.326
66,1919-05-19,W000164,Francis Emroy Warren,WY,2,Republican,Republican,1844-06-20,74,333,74.9123
66,1919-05-19,C001008,Charles Curtis,KS,3,Republican,Republican,1860-01-25,59,114,59.3123
66,1919-05-19,J000257,Wesley Livsey Jones,WA,3,Republican,Republican,1863-10-09,55,222,55.6082
66,1919-05-19,M001028,George Higgins Moses,NH,3,Republican,Republican,1869-02-09,50,99,50.2712
66,1919-05-19,O000140,Lee Slater Overman,NC,3,Democratic,Democrat,1854-01-03,65,136,65.3726
66,1919-05-19,S000644,Reed Smoot,UT,3,Republican,Republican,1862-01-10,57,129,57.3534
66,1919-05-19,W000203,James Eli Watson,IN,3,Republican,Republican,1864-11-02,54,198,54.5425
66,1919-05-19,K000098,John Benjamin Kendrick,WY,1,Democratic,Democrat,1857-09-06,61,255,61.6986
66,1919-05-19,S001094,Claude Augustus Swanson,VA,1,Democratic,Democrat,1862-03-31,57,49,57.1339
66,1919-05-19,G000323,Thomas Pryor Gore,OK,3,Democratic,Democrat,1870-12-10,48,160,48.4384
66,1919-05-19,H000259,William Julius Harris,GA,2,Democratic,Democrat,1868-02-03,51,105,51.2877
66,1919-05-19,K000161,Henry Wilder Keyes,NH,2,Republican,Republican,1863-05-23,55,361,55.989
66,1919-05-19,R000347,Joseph Taylor Robinson,AR,2,Democratic,Democrat,1872-08-26,46,266,46.7288
66,1919-05-19,W000104,Thomas James Walsh,MT,2,Democratic,Democrat,1859-06-12,59,341,59.9342
66,1919-05-19,F000200,Duncan Upshaw Fletcher,FL,3,Democratic,Democrat,1859-01-06,60,133,60.3644
66,1919-05-19,A000319,Henry Fountain Ashurst,AZ,1,Democratic,Democrat,1874-09-13,44,248,44.6795
66,1919-05-19,H000031,Frederick Hale,ME,1,Republican,Republican,1874-10-07,44,224,44.6137
66,1919-05-19,K000216,William Henry King,UT,1,Democratic,Democrat,1863-06-03,55,350,55.9589
66,1919-05-19,P000372,Key Pittman,NV,1,Democratic,Democrat,1872-09-12,46,249,46.6822
66,1919-05-19,T000353,Park Trammell,FL,1,Democratic,Democrat,1876-04-09,43,40,43.1093
66,1919-05-19,B000634,William Edgar Borah,ID,2,Republican,Republican,1865-06-29,53,324,53.8877
66,1919-05-19,H000265,Byron Patton Harrison,MS,2,Democratic,Democrat,1881-08-29,37,263,37.7205
66,1919-05-19,N000139,George William Norris,NE,2,Republican,Republican,1861-07-11,57,312,57.8548
66,1919-05-19,S000337,Morris Sheppard,TX,2,Democratic,Democrat,1875-05-28,43,356,43.9753
66,1919-05-19,S000530,Ellison DuRant Smith,SC,3,Democratic,Democrat,1864-08-01,54,291,54.7973
66,1919-05-19,G000141,Peter Goelet Gerry,RI,1,Democratic,Democrat,1879-09-18,39,243,39.6658
66,1919-05-19,J000140,Hiram Warren Johnson,CA,1,Republican,Republican,1866-09-02,52,259,52.7096
66,1919-05-19,W000097,David Ignatius Walsh,MA,2,Democratic,Democrat,1872-11-11,46,189,46.5178
66,1919-05-19,C000133,Arthur Capper,KS,2,Republican,Republican,1865-07-14,53,309,53.8466
66,1919-05-19,M000583,Charles Linza McNary,OR,2,Republican,Republican,1874-06-12,44,341,44.9342
66,1919-05-19,M000499,Kenneth Douglas McKellar,TN,1,Democratic,Democrat,1869-01-29,50,110,50.3014
66,1919-05-19,W000012,James Wolcott Wadsworth,NY,3,Republican,Republican,1877-08-12,41,280,41.7671
67,1921-04-11,C000025,William Musgrave Calder,NY,1,Republican,Republican,1869-03-03,52,39,52.1068
67,1921-04-11,C000963,Charles Allen Culberson,TX,1,Democratic,Democrat,1855-06-10,65,305,65.8356
67,1921-04-11,F000333,Joseph Irvin France,MD,1,Republican,Republican,1873-10-11,47,182,47.4986
67,1921-04-11,F000370,Joseph Sherman Frelinghuysen,NJ,1,Republican,Republican,1869-03-12,52,30,52.0822
67,1921-04-11,H000645,Gilbert Monell Hitchcock,NE,1,Democratic,Democrat,1859-09-18,61,205,61.5616
67,1921-04-11,K000065,Frank Billings Kellogg,MN,1,Republican,Republican,1856-12-22,64,110,64.3014
67,1921-04-11,K000296,Philander Chase Knox,PA,1,Republican,Republican,1853-05-06,67,340,67.9315
67,1921-04-11,M000397,Porter James McCumber,ND,1,Republican,Republican,1858-02-03,63,67,63.1836
67,1921-04-11,M001129,Henry Lee Myers,MT,1,Democratic,Democrat,1862-10-09,58,184,58.5041
67,1921-04-11,N000059,Harry Stewart New,IN,1,Republican,Republican,1858-12-31,62,101,62.2767
67,1921-04-11,P000014,Carroll Smalley Page,VT,1,Republican,Republican,1843-01-10,78,91,78.2493
67,1921-04-11,P000403,Miles Poindexter,WA,1,Republican,Republican,1868-04-22,52,354,52.9699
67,1921-04-11,P000420,Atlee Pomerene,OH,1,Democratic,Democrat,1863-12-06,57,126,57.3452
67,1921-04-11,S001081,Howard Sutherland,WV,1,Republican,Republican,1865-09-08,55,215,55.589
67,1921-04-11,T000330,Charles Elroy Townsend,MI,1,Republican,Republican,1856-08-15,64,239,64.6548
67,1921-04-11,W000521,John Sharp Williams,MS,1,Democratic,Democrat,1854-07-30,66,255,66.6986
67,1921-04-11,W000669,Josiah Oliver Wolcott,DE,1,Democratic,Democrat,1877-10-31,43,162,43.4438
67,1921-04-11,B000100,Lewis Heisler Ball,DE,2,Republican,Republican,1861-09-21,59,202,59.5534
67,1921-04-11,C000651,LeBaron Bradford Colt,RI,2,Republican,Republican,1846-06-25,74,290,74.7945
67,1921-04-11,D000298,Nathaniel Barksdale Dial,SC,2,Democratic,Democrat,1862-04-24,58,352,58.9644
67,1921-04-11,E000109,Davis Elkins,WV,2,Republican,Republican,1876-01-24,45,77,45.211
67,1921-04-11,K000129,William Squire Kenyon,IA,2,Republican,Republican,1869-06-10,51,305,51.8356
67,1921-04-11,M000369,Joseph Medill McCormick,IL,2,Republican,Republican,1877-05-16,43,330,43.9041
67,1921-04-11,N000040,Knute Nelson,MN,2,Republican,Republican,1843-02-02,78,68,78.1863
67,1921-04-11,N000062,Truman Handy Newberry,MI,2,Republican,Republican,1864-11-05,56,157,56.4301
67,1921-04-11,O000153,Robert Latham Owen,OK,2,Democratic,Democrat,1856-02-02,65,68,65.1863
67,1921-04-11,S000363,John Knight Shields,TN,2,Democratic,Democrat,1858-08-15,62,239,62.6548
67,1921-04-11,S000796,Augustus Owsley Stanley,KY,2,Democratic,Democrat,1867-05-21,53,325,53.8904
67,1921-04-11,S000872,Thomas Sterling,SD,2,Republican,Republican,1851-02-21,70,49,70.1342
67,1921-04-11,B000769,Frank Bosworth Brandegee,CT,3,Republican,Republican,1864-07-08,56,277,56.7589
67,1921-04-11,B001144,Holm Olaf Bursum,NM,2,Republican,Republican,1867-02-10,54,60,54.1644
67,1921-04-11,C000066,Ralph Henry Cameron,AZ,3,Republican,Republican,1863-10-21,57,172,57.4712
67,1921-04-11,C000988,Albert Baird Cummins,IA,3,Republican,Republican,1850-02-15,71,55,71.1507
67,1921-04-11,D000347,William Paul Dillingham,VT,3,Republican,Republican,1843-12-12,77,120,77.3288
67,1921-04-11,E000206,Richard Pretlow Ernst,KY,3,Republican,Republican,1858-02-28,63,42,63.1151
67,1921-04-11,H000227,John William Harreld,OK,3,Republican,Republican,1872-01-24,49,77,49.211
67,1921-04-11,L000012,Edwin Freemont Ladd,ND,3,Republican,Republican,1859-12-13,61,119,61.326
67,1921-04-11,L000241,Irvine Luther Lenroot,WI,3,Republican,Republican,1869-01-31,52,70,52.1918
67,1921-04-11,M000521,William Brown McKinley,IL,3,Republican,Republican,1856-09-05,64,218,64.5973
67,1921-04-11,N000101,Samuel Danford Nicholson,CO,3,Republican,Republican,1859-02-22,62,48,62.1315
67,1921-04-11,S000730,Selden Palmer Spencer,MO,3,Republican,Republican,1862-09-16,58,207,58.5671
67,1921-04-11,S000791,Robert Nelson Stanfield,OR,3,Republican,Republican,1877-07-09,43,276,43.7562
67,1921-04-11,U000013,Oscar Wilder Underwood,AL,3,Democratic,Democrat,1862-05-06,58,340,58.9315
67,1921-04-11,W000205,Thomas Edward Watson,GA,3,Democratic,Democrat,1856-09-05,64,218,64.5973
67,1921-04-11,W000276,Ovington Eugene Weller,MD,3,Republican,Republican,1862-01-23,59,78,59.2137
67,1921-04-11,J000210,Andrieus Aristieus Jones,NM,1,Democratic,Democrat,1862-05-16,58,330,58.9041
67,1921-04-11,L000004,Robert Marion La Follette,WI,1,Republican,Republican,1855-06-14,65,301,65.8247
67,1921-04-11,L000393,Henry Cabot Lodge,MA,1,Republican,Republican,1850-05-12,70,334,70.9151
67,1921-04-11,M000547,George Payne McLean,CT,1,Republican,Republican,1857-10-07,63,186,63.5096
67,1921-04-11,R000118,James Alexander Reed,MO,1,Democratic,Democrat,1861-11-09,59,153,59.4192
67,1921-04-11,E000044,Walter Evans Edge,NJ,2,Republican,Republican,1873-11-20,47,142,47.389
67,1921-04-11,F000084,Bert Manfred Fernald,ME,2,Republican,Republican,1858-04-03,63,8,63.0219
67,1921-04-11,H000446,James Thomas Heflin,AL,2,Democratic,Democrat,1869-04-09,52,2,52.0055
67,1921-04-11,P000317,Lawrence Cowle Phipps,CO,2,Republican,Republican,1862-08-30,58,224,58.6137
67,1921-04-11,R000059,Joseph Eugene Ransdell,LA,2,Democratic,Democrat,1858-10-07,62,186,62.5096
67,1921-04-11,S000415,Furnifold McLendel Simmons,NC,2,Democratic,Democrat,1854-01-20,67,81,67.2219
67,1921-04-11,W000164,Francis Emroy Warren,WY,2,Republican,Republican,1844-06-20,76,295,76.8082
67,1921-04-11,B000895,Edwin Sidney Broussard,LA,3,Democratic,Democrat,1874-12-04,46,128,46.3507
67,1921-04-11,C000139,Thaddeus Horatius Caraway,AR,3,Democratic,Democrat,1871-10-17,49,176,49.4822
67,1921-04-11,C001008,Charles Curtis,KS,3,Republican,Republican,1860-01-25,61,76,61.2082
67,1921-04-11,G000288,Frank Robert Gooding,ID,3,Republican,Republican,1859-09-16,61,207,61.5671
67,1921-04-11,J000257,Wesley Livsey Jones,WA,3,Republican,Republican,1863-10-09,57,184,57.5041
67,1921-04-11,M001028,George Higgins Moses,NH,3,Republican,Republican,1869-02-09,52,61,52.1671
67,1921-04-11,O000035,Tasker Lowndes Oddie,NV,3,Republican,Republican,1870-10-20,50,173,50.474
67,1921-04-11,O000140,Lee Slater Overman,NC,3,Democratic,Democrat,1854-01-03,67,98,67.2685
67,1921-04-11,S000380,Samuel Morgan Shortridge,CA,3,Republican,Republican,1861-08-03,59,251,59.6877
67,1921-04-11,S000644,Reed Smoot,UT,3,Republican,Republican,1862-01-10,59,91,59.2493
67,1921-04-11,W000203,James Eli Watson,IN,3,Republican,Republican,1864-11-02,56,160,56.4384
67,1921-04-11,W000561,Frank Bartlett Willis,OH,3,Republican,Republican,1871-12-28,49,104,49.2849
67,1921-04-11,K000098,John Benjamin Kendrick,WY,1,Democratic,Democrat,1857-09-06,63,217,63.5945
67,1921-04-11,S001094,Claude Augustus Swanson,VA,1,Democratic,Democrat,1862-03-31,59,11,59.0301
67,1921-04-11,H000259,William Julius Harris,GA,2,Democratic,Democrat,1868-02-03,53,67,53.1836
67,1921-04-11,K000161,Henry Wilder Keyes,NH,2,Republican,Republican,1863-05-23,57,323,57.8849
67,1921-04-11,R000347,Joseph Taylor Robinson,AR,2,Democratic,Democrat,1872-08-26,48,228,48.6247
67,1921-04-11,W000104,Thomas James Walsh,MT,2,Democratic,Democrat,1859-06-12,61,303,61.8301
67,1921-04-11,F000200,Duncan Upshaw Fletcher,FL,3,Democratic,Democrat,1859-01-06,62,95,62.2603
67,1921-04-11,N000132,Peter Norbeck,SD,3,Republican,Republican,1870-08-27,50,227,50.6219
67,1921-04-11,A000319,Henry Fountain Ashurst,AZ,1,Democratic,Democrat,1874-09-13,46,210,46.5753
67,1921-04-11,H000031,Frederick Hale,ME,1,Republican,Republican,1874-10-07,46,186,46.5096
67,1921-04-11,K000216,William Henry King,UT,1,Democratic,Democrat,1863-06-03,57,312,57.8548
67,1921-04-11,P000372,Key Pittman,NV,1,Democratic,Democrat,1872-09-12,48,211,48.5781
67,1921-04-11,T000353,Park Trammell,FL,1,Democratic,Democrat,1876-04-09,45,2,45.0055
67,1921-04-11,B000634,William Edgar Borah,ID,2,Republican,Republican,1865-06-29,55,286,55.7836
67,1921-04-11,H000265,Byron Patton Harrison,MS,2,Democratic,Democrat,1881-08-29,39,225,39.6164
67,1921-04-11,N000139,George William Norris,NE,2,Republican,Republican,1861-07-11,59,274,59.7507
67,1921-04-11,S000337,Morris Sheppard,TX,2,Democratic,Democrat,1875-05-28,45,318,45.8712
67,1921-04-11,S000530,Ellison DuRant Smith,SC,3,Democratic,Democrat,1864-08-01,56,253,56.6932
67,1921-04-11,G000141,Peter Goelet Gerry,RI,1,Democratic,Democrat,1879-09-18,41,205,41.5616
67,1921-04-11,J000140,Hiram Warren Johnson,CA,1,Republican,Republican,1866-09-02,54,221,54.6055
67,1921-04-11,W000097,David Ignatius Walsh,MA,2,Democratic,Democrat,1872-11-11,48,151,48.4137
67,1921-04-11,C000133,Arthur Capper,KS,2,Republican,Republican,1865-07-14,55,271,55.7425
67,1921-04-11,G000232,Carter Glass,VA,2,Democratic,Democrat,1858-01-04,63,97,63.2658
67,1921-04-11,M000583,Charles Linza McNary,OR,2,Republican,Republican,1874-06-12,46,303,46.8301
67,1921-04-11,M000499,Kenneth Douglas McKellar,TN,1,Democratic,Democrat,1869-01-29,52,72,52.1973
67,1921-04-11,W000012,James Wolcott Wadsworth,NY,3,Republican,Republican,1877-08-12,43,242,43.663
68,1923-12-03,B000100,Lewis Heisler Ball,DE,2,Republican,Republican,1861-09-21,62,73,62.1995
68,1923-12-03,C000651,LeBaron Bradford Colt,RI,2,Republican,Republican,1846-06-25,77,161,77.4399
68,1923-12-03,D000298,Nathaniel Barksdale Dial,SC,2,Democratic,Democrat,1862-04-24,61,223,61.6093
68,1923-12-03,E000109,Davis Elkins,WV,2,Republican,Republican,1876-01-24,47,313,47.8575
68,1923-12-03,M000369,Joseph Medill McCormick,IL,2,Republican,Republican,1877-05-16,46,201,46.5492
68,1923-12-03,O000153,Robert Latham Owen,OK,2,Democratic,Democrat,1856-02-02,67,304,67.8329
68,1923-12-03,S000363,John Knight Shields,TN,2,Democratic,Democrat,1858-08-15,65,110,65.3005
68,1923-12-03,S000796,Augustus Owsley Stanley,KY,2,Democratic,Democrat,1867-05-21,56,196,56.5355
68,1923-12-03,S000872,Thomas Sterling,SD,2,Republican,Republican,1851-02-21,72,285,72.7808
68,1923-12-03,B000769,Frank Bosworth Brandegee,CT,3,Republican,Republican,1864-07-08,59,148,59.4044
68,1923-12-03,B001144,Holm Olaf Bursum,NM,2,Republican,Republican,1867-02-10,56,296,56.811
68,1923-12-03,C000066,Ralph Henry Cameron,AZ,3,Republican,Republican,1863-10-21,60,43,60.1175
68,1923-12-03,C000988,Albert Baird Cummins,IA,3,Republican,Republican,1850-02-15,73,291,73.7973
68,1923-12-03,E000206,Richard Pretlow Ernst,KY,3,Republican,Republican,1858-02-28,65,278,65.7616
68,1923-12-03,H000227,John William Harreld,OK,3,Republican,Republican,1872-01-24,51,313,51.8575
68,1923-12-03,L000012,Edwin Freemont Ladd,ND,3,Republican,Republican,1859-12-13,63,355,63.9726
68,1923-12-03,L000241,Irvine Luther Lenroot,WI,3,Republican,Republican,1869-01-31,54,306,54.8384
68,1923-12-03,M000521,William Brown McKinley,IL,3,Republican,Republican,1856-09-05,67,89,67.2432
68,1923-12-03,S000730,Selden Palmer Spencer,MO,3,Republican,Republican,1862-09-16,61,78,61.2131
68,1923-12-03,S000791,Robert Nelson Stanfield,OR,3,Republican,Republican,1877-07-09,46,147,46.4016
68,1923-12-03,U000013,Oscar Wilder Underwood,AL,3,Democratic,Democrat,1862-05-06,61,211,61.5765
68,1923-12-03,W000276,Ovington Eugene Weller,MD,3,Republican,Republican,1862-01-23,61,314,61.8603
68,1923-12-03,B000252,Thomas Francis Bayard,DE,1,Democratic,Democrat,1868-06-04,55,182,55.4973
68,1923-12-03,P000219,George Wharton Pepper,PA,3,Republican,Republican,1867-03-16,56,262,56.7158
68,1923-12-03,B000972,William Cabell Bruce,MD,1,Democratic,Democrat,1860-03-12,63,266,63.7268
68,1923-12-03,E000066,Edward Irving Edwards,NJ,1,Democratic,Democrat,1863-12-01,60,2,60.0055
68,1923-12-03,F000092,Woodbridge Nathan Ferris,MI,1,Democratic,Democrat,1853-01-06,70,331,70.9068
68,1923-12-03,J000210,Andrieus Aristieus Jones,NM,1,Democratic,Democrat,1862-05-16,61,201,61.5492
68,1923-12-03,L000004,Robert Marion La Follette,WI,1,Republican,Republican,1855-06-14,68,172,68.4699
68,1923-12-03,L000393,Henry Cabot Lodge,MA,1,Republican,Republican,1850-05-12,73,205,73.5601
68,1923-12-03,M000281,Earle Bradford Mayfield,TX,1,Democratic,Democrat,1881-04-12,42,235,42.6421
68,1923-12-03,M000547,George Payne McLean,CT,1,Republican,Republican,1857-10-07,66,57,66.1557
68,1923-12-03,R000020,Samuel Moffett Ralston,IN,1,Democratic,Democrat,1857-12-01,66,2,66.0055
68,1923-12-03,R000118,James Alexander Reed,MO,1,Democratic,Democrat,1861-11-09,62,24,62.0656
68,1923-12-03,E000044,Walter Evans Edge,NJ,2,Republican,Republican,1873-11-20,50,13,50.0355
68,1923-12-03,F000084,Bert Manfred Fernald,ME,2,Republican,Republican,1858-04-03,65,244,65.6667
68,1923-12-03,H000446,James Thomas Heflin,AL,2,Democratic,Democrat,1869-04-09,54,238,54.6503
68,1923-12-03,P000317,Lawrence Cowle Phipps,CO,2,Republican,Republican,1862-08-30,61,95,61.2596
68,1923-12-03,R000059,Joseph Eugene Ransdell,LA,2,Democratic,Democrat,1858-10-07,65,57,65.1557
68,1923-12-03,S000415,Furnifold McLendel Simmons,NC,2,Democratic,Democrat,1854-01-20,69,317,69.8685
68,1923-12-03,W000164,Francis Emroy Warren,WY,2,Republican,Republican,1844-06-20,79,166,79.4536
68,1923-12-03,B000873,Smith Wildman Brookhart,IA,2,Republican,Republican,1869-02-02,54,304,54.8329
68,1923-12-03,B000895,Edwin Sidney Broussard,LA,3,Democratic,Democrat,1874-12-04,48,364,48.9973
68,1923-12-03,C000139,Thaddeus Horatius Caraway,AR,3,Democratic,Democrat,1871-10-17,52,47,52.1284
68,1923-12-03,C001008,Charles Curtis,KS,3,Republican,Republican,1860-01-25,63,312,63.8548
68,1923-12-03,D000009,Porter Hinman Dale,VT,3,Republican,Republican,1867-03-01,56,277,56.7568
68,1923-12-03,G000288,Frank Robert Gooding,ID,3,Republican,Republican,1859-09-16,64,78,64.2131
68,1923-12-03,J000257,Wesley Livsey Jones,WA,3,Republican,Republican,1863-10-09,60,55,60.1503
68,1923-12-03,M001028,George Higgins Moses,NH,3,Republican,Republican,1869-02-09,54,297,54.8137
68,1923-12-03,O000035,Tasker Lowndes Oddie,NV,3,Republican,Republican,1870-10-20,53,44,53.1202
68,1923-12-03,O000140,Lee Slater Overman,NC,3,Democratic,Democrat,1854-01-03,69,334,69.9151
68,1923-12-03,S000380,Samuel Morgan Shortridge,CA,3,Republican,Republican,1861-08-03,62,122,62.3333
68,1923-12-03,S000644,Reed Smoot,UT,3,Republican,Republican,1862-01-10,61,327,61.8959
68,1923-12-03,W000203,James Eli Watson,IN,3,Republican,Republican,1864-11-02,59,31,59.0847
68,1923-12-03,W000561,Frank Bartlett Willis,OH,3,Republican,Republican,1871-12-28,51,340,51.9315
68,1923-12-03,D000345,Clarence Cleveland Dill,WA,1,Democratic,Democrat,1884-09-21,39,73,39.1995
68,1923-12-03,F000096,Simeon Davison Fess,OH,1,Republican,Republican,1861-12-11,61,357,61.9781
68,1923-12-03,G000425,Frank Lester Greene,VT,1,Republican,Republican,1870-02-10,53,296,53.811
68,1923-12-03,H000868,Robert Beecher Howell,NE,1,Republican,Republican,1864-01-21,59,316,59.8658
68,1923-12-03,K000098,John Benjamin Kendrick,WY,1,Democratic,Democrat,1857-09-06,66,88,66.2404
68,1923-12-03,R000114,David Aiken Reed,PA,1,Republican,Republican,1880-12-21,42,347,42.9507
68,1923-12-03,S000857,Hubert Durrett Stephens,MS,1,Democratic,Democrat,1875-07-02,48,154,48.4208
68,1923-12-03,S001094,Claude Augustus Swanson,VA,1,Democratic,Democrat,1862-03-31,61,247,61.6749
68,1923-12-03,C000812,James Couzens,MI,2,Republican,Republican,1872-08-26,51,99,51.2705
68,1923-12-03,H000259,William Julius Harris,GA,2,Democratic,Democrat,1868-02-03,55,303,55.8301
68,1923-12-03,K000161,Henry Wilder Keyes,NH,2,Republican,Republican,1863-05-23,60,194,60.5301
68,1923-12-03,R000347,Joseph Taylor Robinson,AR,2,Democratic,Democrat,1872-08-26,51,99,51.2705
68,1923-12-03,W000104,Thomas James Walsh,MT,2,Democratic,Democrat,1859-06-12,64,174,64.4754
68,1923-12-03,F000200,Duncan Upshaw Fletcher,FL,3,Democratic,Democrat,1859-01-06,64,331,64.9068
68,1923-12-03,J000161,Magnus Johnson,MN,2,Other,Farmer-Labor,1871-09-19,52,75,52.2049
68,1923-12-03,N000132,Peter Norbeck,SD,3,Republican,Republican,1870-08-27,53,98,53.2678
68,1923-12-03,A000319,Henry Fountain Ashurst,AZ,1,Democratic,Democrat,1874-09-13,49,81,49.2213
68,1923-12-03,C000769,Royal Samuel Copeland,NY,1,Democratic,Democrat,1868-11-07,55,26,55.071
68,1923-12-03,F000354,Lynn Joseph Frazier,ND,1,Republican,Republican,1874-12-21,48,347,48.9507
68,1923-12-03,H000031,Frederick Hale,ME,1,Republican,Republican,1874-10-07,49,57,49.1557
68,1923-12-03,K000216,William Henry King,UT,1,Democratic,Democrat,1863-06-03,60,183,60.5
68,1923-12-03,P000372,Key Pittman,NV,1,Democratic,Democrat,1872-09-12,51,82,51.224
68,1923-12-03,T000353,Park Trammell,FL,1,Democratic,Democrat,1876-04-09,47,238,47.6503
68,1923-12-03,B000634,William Edgar Borah,ID,2,Republican,Republican,1865-06-29,58,157,58.429
68,1923-12-03,H000265,Byron Patton Harrison,MS,2,Democratic,Democrat,1881-08-29,42,96,42.2623
68,1923-12-03,N000139,George William Norris,NE,2,Republican,Republican,1861-07-11,62,145,62.3962
68,1923-12-03,S000337,Morris Sheppard,TX,2,Democratic,Democrat,1875-05-28,48,189,48.5164
68,1923-12-03,A000028,Alva Blanchard Adams,CO,3,Democratic,Democrat,1875-10-29,48,35,48.0956
68,1923-12-03,S000530,Ellison DuRant Smith,SC,3,Democratic,Democrat,1864-08-01,59,124,59.3388
68,1923-12-03,G000141,Peter Goelet Gerry,RI,1,Democratic,Democrat,1879-09-18,44,76,44.2077
68,1923-12-03,J000140,Hiram Warren Johnson,CA,1,Republican,Republican,1866-09-02,57,92,57.2514
68,1923-12-03,S000369,Henrik Shipstead,MN,1,Other,Farmer-Labor,1881-01-08,42,329,42.9014
68,1923-12-03,W000097,David Ignatius Walsh,MA,2,Democratic,Democrat,1872-11-11,51,22,51.0601
68,1923-12-03,W000330,Burton Kendall Wheeler,MT,1,Democratic,Democrat,1882-02-27,41,279,41.7644
68,1923-12-03,C000133,Arthur Capper,KS,2,Republican,Republican,1865-07-14,58,142,58.388
68,1923-12-03,G000232,Carter Glass,VA,2,Democratic,Democrat,1858-01-04,65,333,65.9123
68,1923-12-03,M000583,Charles Linza McNary,OR,2,Republican,Republican,1874-06-12,49,174,49.4754
68,1923-12-03,M000499,Kenneth Douglas McKellar,TN,1,Democratic,Democrat,1869-01-29,54,308,54.8438
68,1923-12-03,W000012,James Wolcott Wadsworth,NY,3,Republican,Republican,1877-08-12,46,113,46.3087
68,1923-12-03,G000131,Walter Franklin George,GA,3,Democratic,Democrat,1878-01-29,45,308,45.8438
68,1923-12-03,N000023,Matthew Mansfield Neely,WV,1,Democratic,Democrat,1874-11-09,49,24,49.0656
69,1925-12-07,C000066,Ralph Henry Cameron,AZ,3,Republican,Republican,1863-10-21,62,47,62.1288
69,1925-12-07,C000988,Albert Baird Cummins,IA,3,Republican,Republican,1850-02-15,75,295,75.8082
69,1925-12-07,E000206,Richard Pretlow Ernst,KY,3,Republican,Republican,1858-02-28,67,282,67.7726
69,1925-12-07,H000227,John William Harreld,OK,3,Republican,Republican,1872-01-24,53,317,53.8685
69,1925-12-07,L000241,Irvine Luther Lenroot,WI,3,Republican,Republican,1869-01-31,56,310,56.8493
69,1925-12-07,M000521,William Brown McKinley,IL,3,Republican,Republican,1856-09-05,69,93,69.2548
69,1925-12-07,S000791,Robert Nelson Stanfield,OR,3,Republican,Republican,1877-07-09,48,151,48.4137
69,1925-12-07,U000013,Oscar Wilder Underwood,AL,3,Democratic,Democrat,1862-05-06,63,215,63.589
69,1925-12-07,W000276,Ovington Eugene Weller,MD,3,Republican,Republican,1862-01-23,63,318,63.8712
69,1925-12-07,B000252,Thomas Francis Bayard,DE,1,Democratic,Democrat,1868-06-04,57,186,57.5096
69,1925-12-07,P000219,George Wharton Pepper,PA,3,Republican,Republican,1867-03-16,58,266,58.7288
69,1925-12-07,B000972,William Cabell Bruce,MD,1,Democratic,Democrat,1860-03-12,65,270,65.7397
69,1925-12-07,E000066,Edward Irving Edwards,NJ,1,Democratic,Democrat,1863-12-01,62,6,62.0164
69,1925-12-07,F000092,Woodbridge Nathan Ferris,MI,1,Democratic,Democrat,1853-01-06,72,335,72.9178
69,1925-12-07,J000210,Andrieus Aristieus Jones,NM,1,Democratic,Democrat,1862-05-16,63,205,63.5616
69,1925-12-07,M000281,Earle Bradford Mayfield,TX,1,Democratic,Democrat,1881-04-12,44,239,44.6548
69,1925-12-07,M000547,George Payne McLean,CT,1,Republican,Republican,1857-10-07,68,61,68.1671
69,1925-12-07,R000118,James Alexander Reed,MO,1,Democratic,Democrat,1861-11-09,64,28,64.0767
69,1925-12-07,B001196,William Morgan Butler,MA,1,Republican,Republican,1861-01-29,64,312,64.8548
69,1925-12-07,M000621,Rice William Means,CO,3,Republican,Republican,1877-11-16,48,21,48.0575
69,1925-12-07,B000553,Coleman Livingston Blease,SC,2,Democratic,Democrat,1868-10-08,57,60,57.1644
69,1925-12-07,D000233,Charles Samuel Deneen,IL,2,Republican,Republican,1863-05-04,62,217,62.5945
69,1925-12-07,E000044,Walter Evans Edge,NJ,2,Republican,Republican,1873-11-20,52,17,52.0466
69,1925-12-07,F000084,Bert Manfred Fernald,ME,2,Republican,Republican,1858-04-03,67,248,67.6795
69,1925-12-07,G000201,Frederick Huntington Gillett,MA,2,Republican,Republican,1851-10-16,74,52,74.1425
69,1925-12-07,G000254,Guy Despard Goff,WV,2,Republican,Republican,1866-09-13,59,85,59.2329
69,1925-12-07,H000446,James Thomas Heflin,AL,2,Democratic,Democrat,1869-04-09,56,242,56.663
69,1925-12-07,M000563,William Henry McMaster,SD,2,Republican,Republican,1877-05-10,48,211,48.5781
69,1925-12-07,P000317,Lawrence Cowle Phipps,CO,2,Republican,Republican,1862-08-30,63,99,63.2712
69,1925-12-07,P000360,William Bliss Pine,OK,2,Republican,Republican,1877-12-30,47,342,47.937
69,1925-12-07,R000059,Joseph Eugene Ransdell,LA,2,Democratic,Democrat,1858-10-07,67,61,67.1671
69,1925-12-07,S000006,Frederic Mosley Sackett,KY,2,Republican,Republican,1868-12-17,56,355,56.9726
69,1925-12-07,S000415,Furnifold McLendel Simmons,NC,2,Democratic,Democrat,1854-01-20,71,321,71.8795
69,1925-12-07,T000456,Lawrence Davis Tyson,TN,2,Democratic,Democrat,1861-07-04,64,156,64.4274
69,1925-12-07,W000164,Francis Emroy Warren,WY,2,Republican,Republican,1844-06-20,81,170,81.4658
69,1925-12-07,W000499,George Howard Williams,MO,3,Republican,Republican,1871-12-01,54,6,54.0164
69,1925-12-07,D000560,Thomas Coleman du Pont,DE,2,Republican,Republican,1863-12-11,61,361,61.989
69,1925-12-07,B000470,Hiram Bingham,CT,3,Republican,Republican,1875-11-19,50,18,50.0493
69,1925-12-07,B000873,Smith Wildman Brookhart,IA,2,Republican,Republican,1869-02-02,56,308,56.8438
69,1925-12-07,B000895,Edwin Sidney Broussard,LA,3,Democratic,Democrat,1874-12-04,51,3,51.0082
69,1925-12-07,C000139,Thaddeus Horatius Caraway,AR,3,Democratic,Democrat,1871-10-17,54,51,54.1397
69,1925-12-07,C001008,Charles Curtis,KS,3,Republican,Republican,1860-01-25,65,316,65.8658
69,1925-12-07,D000009,Porter Hinman Dale,VT,3,Republican,Republican,1867-03-01,58,281,58.7699
69,1925-12-07,G000288,Frank Robert Gooding,ID,3,Republican,Republican,1859-09-16,66,82,66.2247
69,1925-12-07,J000257,Wesley Livsey Jones,WA,3,Republican,Republican,1863-10-09,62,59,62.1616
69,1925-12-07,M001028,George Higgins Moses,NH,3,Republican,Republican,1869-02-09,56,301,56.8247
69,1925-12-07,O000035,Tasker Lowndes Oddie,NV,3,Republican,Republican,1870-10-20,55,48,55.1315
69,1925-12-07,O000140,Lee Slater Overman,NC,3,Democratic,Democrat,1854-01-03,71,338,71.926
69,1925-12-07,S000380,Samuel Morgan Shortridge,CA,3,Republican,Republican,1861-08-03,64,126,64.3452
69,1925-12-07,S000644,Reed Smoot,UT,3,Republican,Republican,1862-01-10,63,331,63.9068
69,1925-12-07,W000203,James Eli Watson,IN,3,Republican,Republican,1864-11-02,61,35,61.0959
69,1925-12-07,W000561,Frank Bartlett Willis,OH,3,Republican,Republican,1871-12-28,53,344,53.9425
69,1925-12-07,D000345,Clarence Cleveland Dill,WA,1,Democratic,Democrat,1884-09-21,41,77,41.211
69,1925-12-07,F000096,Simeon Davison Fess,OH,1,Republican,Republican,1861-12-11,63,361,63.989
69,1925-12-07,G000425,Frank Lester Greene,VT,1,Republican,Republican,1870-02-10,55,300,55.8219
69,1925-12-07,H000868,Robert Beecher Howell,NE,1,Republican,Republican,1864-01-21,61,320,61.8767
69,1925-12-07,K000098,John Benjamin Kendrick,WY,1,Democratic,Democrat,1857-09-06,68,92,68.2521
69,1925-12-07,R000114,David Aiken Reed,PA,1,Republican,Republican,1880-12-21,44,351,44.9616
69,1925-12-07,R000332,Arthur Raymond Robinson,IN,1,Republican,Republican,1881-03-12,44,270,44.7397
69,1925-12-07,S000857,Hubert Durrett Stephens,MS,1,Democratic,Democrat,1875-07-02,50,158,50.4329
69,1925-12-07,S001094,Claude Augustus Swanson,VA,1,Democratic,Democrat,1862-03-31,63,251,63.6877
69,1925-12-07,B000774,Sam Gilbert Bratton,NM,2,Democratic,Democrat,1888-08-19,37,110,37.3014
69,1925-12-07,C000812,James Couzens,MI,2,Republican,Republican,1872-08-26,53,103,53.2822
69,1925-12-07,H000259,William Julius Harris,GA,2,Democratic,Democrat,1868-02-03,57,307,57.8411
69,1925-12-07,K000161,Henry Wilder Keyes,NH,2,Republican,Republican,1863-05-23,62,198,62.5425
69,1925-12-07,M000670,Jesse Houghton Metcalf,RI,2,Republican,Republican,1860-11-16,65,21,65.0575
69,1925-12-07,R000347,Joseph Taylor Robinson,AR,2,Democratic,Democrat,1872-08-26,53,103,53.2822
69,1925-12-07,S000113,Thomas David Schall,MN,2,Republican,Republican,1878-06-04,47,186,47.5096
69,1925-12-07,W000104,Thomas James Walsh,MT,2,Democratic,Democrat,1859-06-12,66,178,66.4877
69,1925-12-07,F000200,Duncan Upshaw Fletcher,FL,3,Democratic,Democrat,1859-01-06,66,335,66.9178
69,1925-12-07,N000132,Peter Norbeck,SD,3,Republican,Republican,1870-08-27,55,102,55.2795
69,1925-12-07,A000319,Henry Fountain Ashurst,AZ,1,Democratic,Democrat,1874-09-13,51,85,51.2329
69,1925-12-07,C000769,Royal Samuel Copeland,NY,1,Democratic,Democrat,1868-11-07,57,30,57.0822
69,1925-12-07,F000354,Lynn Joseph Frazier,ND,1,Republican,Republican,1874-12-21,50,351,50.9616
69,1925-12-07,H000031,Frederick Hale,ME,1,Republican,Republican,1874-10-07,51,61,51.1671
69,1925-12-07,K000216,William Henry King,UT,1,Democratic,Democrat,1863-06-03,62,187,62.5123
69,1925-12-07,P000372,Key Pittman,NV,1,Democratic,Democrat,1872-09-12,53,86,53.2356
69,1925-12-07,T000353,Park Trammell,FL,1,Democratic,Democrat,1876-04-09,49,242,49.663
69,1925-12-07,B000634,William Edgar Borah,ID,2,Republican,Republican,1865-06-29,60,161,60.4411
69,1925-12-07,H000265,Byron Patton Harrison,MS,2,Democratic,Democrat,1881-08-29,44,100,44.274
69,1925-12-07,N000139,George William Norris,NE,2,Republican,Republican,1861-07-11,64,149,64.4082
69,1925-12-07,S000337,Morris Sheppard,TX,2,Democratic,Democrat,1875-05-28,50,193,50.5288
69,1925-12-07,N000176,Gerald Prentice Nye,ND,3,Republican,Republican,1892-12-19,32,353,32.9671
69,1925-12-07,S000530,Ellison DuRant Smith,SC,3,Democratic,Democrat,1864-08-01,61,128,61.3507
69,1925-12-07,G000141,Peter Goelet Gerry,RI,1,Democratic,Democrat,1879-09-18,46,80,46.2192
69,1925-12-07,J000140,Hiram Warren Johnson,CA,1,Republican,Republican,1866-09-02,59,96,59.263
69,1925-12-07,L000005,Robert Marion La Follette,WI,1,Republican,Republican,1895-02-06,30,304,30.8329
69,1925-12-07,S000369,Henrik Shipstead,MN,1,Other,Farmer-Labor,1881-01-08,44,333,44.9123
69,1925-12-07,W000330,Burton Kendall Wheeler,MT,1,Democratic,Democrat,1882-02-27,43,283,43.7753
69,1925-12-07,C000133,Arthur Capper,KS,2,Republican,Republican,1865-07-14,60,146,60.4
69,1925-12-07,G000232,Carter Glass,VA,2,Democratic,Democrat,1858-01-04,67,337,67.9233
69,1925-12-07,M000583,Charles Linza McNary,OR,2,Republican,Republican,1874-06-12,51,178,51.4877
69,1925-12-07,M000499,Kenneth Douglas McKellar,TN,1,Democratic,Democrat,1869-01-29,56,312,56.8548
69,1925-12-07,W000012,James Wolcott Wadsworth,NY,3,Republican,Republican,1877-08-12,48,117,48.3205
69,1925-12-07,G000131,Walter Franklin George,GA,3,Democratic,Democrat,1878-01-29,47,312,47.8548
69,1925-12-07,N000023,Matthew Mansfield Neely,WV,1,Democratic,Democrat,1874-11-09,51,28,51.0767
70,1927-12-05,B000252,Thomas Francis Bayard,DE,1,Democratic,Democrat,1868-06-04,59,184,59.5027
70,1927-12-05,B000972,William Cabell Bruce,MD,1,Democratic,Democrat,1860-03-12,67,268,67.7322
70,1927-12-05,E000066,Edward Irving Edwards,NJ,1,Democratic,Democrat,1863-12-01,64,4,64.0109
70,1927-12-05,F000092,Woodbridge Nathan Ferris,MI,1,Democratic,Democrat,1853-01-06,74,333,74.9123
70,1927-12-05,J000210,Andrieus Aristieus Jones,NM,1,Democratic,Democrat,1862-05-16,65,203,65.5546
70,1927-12-05,M000281,Earle Bradford Mayfield,TX,1,Democratic,Democrat,1881-04-12,46,237,46.6475
70,1927-12-05,M000547,George Payne McLean,CT,1,Republican,Republican,1857-10-07,70,59,70.1612
70,1927-12-05,R000118,James Alexander Reed,MO,1,Democratic,Democrat,1861-11-09,66,26,66.071
70,1927-12-05,B000553,Coleman Livingston Blease,SC,2,Democratic,Democrat,1868-10-08,59,58,59.1585
70,1927-12-05,D000233,Charles Samuel Deneen,IL,2,Republican,Republican,1863-05-04,64,215,64.5874
70,1927-12-05,E000044,Walter Evans Edge,NJ,2,Republican,Republican,1873-11-20,54,15,54.041
70,1927-12-05,G000201,Frederick Huntington Gillett,MA,2,Republican,Republican,1851-10-16,76,50,76.1366
70,1927-12-05,G000254,Guy Despard Goff,WV,2,Republican,Republican,1866-09-13,61,83,61.2268
70,1927-12-05,H000446,James Thomas Heflin,AL,2,Democratic,Democrat,1869-04-09,58,240,58.6557
70,1927-12-05,M000563,William Henry McMaster,SD,2,Republican,Republican,1877-05-10,50,209,50.571
70,1927-12-05,P000317,Lawrence Cowle Phipps,CO,2,Republican,Republican,1862-08-30,65,97,65.265
70,1927-12-05,P000360,William Bliss Pine,OK,2,Republican,Republican,1877-12-30,49,340,49.9315
70,1927-12-05,R000059,Joseph Eugene Ransdell,LA,2,Democratic,Democrat,1858-10-07,69,59,69.1612
70,1927-12-05,S000006,Frederic Mosley Sackett,KY,2,Republican,Republican,1868-12-17,58,353,58.9671
70,1927-12-05,S000415,Furnifold McLendel Simmons,NC,2,Democratic,Democrat,1854-01-20,73,319,73.874
70,1927-12-05,T000456,Lawrence Davis Tyson,TN,2,Democratic,Democrat,1861-07-04,66,154,66.4208
70,1927-12-05,W000164,Francis Emroy Warren,WY,2,Republican,Republican,1844-06-20,83,168,83.459
70,1927-12-05,D000560,Thomas Coleman du Pont,DE,2,Republican,Republican,1863-12-11,63,359,63.9836
70,1927-12-05,G000340,Arthur Robinson Gould,ME,2,Republican,Republican,1857-03-16,70,264,70.7213
70,1927-12-05,H000362,Harry Bartow Hawes,MO,3,Democratic,Democrat,1869-11-15,58,20,58.0546
70,1927-12-05,S000826,Daniel Frederic Steck,IA,2,Democratic,Democrat,1881-12-16,45,354,45.9699
70,1927-12-05,B000470,Hiram Bingham,CT,3,Republican,Republican,1875-11-19,52,16,52.0437
70,1927-12-05,B000520,John James Blaine,WI,3,Republican,Republican,1875-05-04,52,215,52.5874
70,1927-12-05,B000873,Smith Wildman Brookhart,IA,3,Republican,Republican,1869-02-02,58,306,58.8384
70,1927-12-05,B000895,Edwin Sidney Broussard,LA,3,Democratic,Democrat,1874-12-04,53,1,53.0027
70,1927-12-05,C000139,Thaddeus Horatius Caraway,AR,3,Democratic,Democrat,1871-10-17,56,49,56.1339
70,1927-12-05,C001008,Charles Curtis,KS,3,Republican,Republican,1860-01-25,67,314,67.8603
70,1927-12-05,D000009,Porter Hinman Dale,VT,3,Republican,Republican,1867-03-01,60,279,60.7623
70,1927-12-05,G000288,Frank Robert Gooding,ID,3,Republican,Republican,1859-09-16,68,80,68.2186
70,1927-12-05,J000257,Wesley Livsey Jones,WA,3,Republican,Republican,1863-10-09,64,57,64.1557
70,1927-12-05,M001028,George Higgins Moses,NH,3,Republican,Republican,1869-02-09,58,299,58.8192
70,1927-12-05,O000035,Tasker Lowndes Oddie,NV,3,Republican,Republican,1870-10-20,57,46,57.1257
70,1927-12-05,O000140,Lee Slater Overman,NC,3,Democratic,Democrat,1854-01-03,73,336,73.9205
70,1927-12-05,S000380,Samuel Morgan Shortridge,CA,3,Republican,Republican,1861-08-03,66,124,66.3388
70,1927-12-05,S000644,Reed Smoot,UT,3,Republican,Republican,1862-01-10,65,329,65.9014
70,1927-12-05,V000071,William Scott Vare,PA,3,Republican,Republican,1867-12-24,59,346,59.9479
70,1927-12-05,W000186,Charles Winfield Waterman,CO,3,Republican,Republican,1861-11-02,66,33,66.0902
70,1927-12-05,W000203,James Eli Watson,IN,3,Republican,Republican,1864-11-02,63,33,63.0902
70,1927-12-05,W000561,Frank Bartlett Willis,OH,3,Republican,Republican,1871-12-28,55,342,55.937
70,1927-12-05,D000345,Clarence Cleveland Dill,WA,1,Democratic,Democrat,1884-09-21,43,75,43.2049
70,1927-12-05,F000096,Simeon Davison Fess,OH,1,Republican,Republican,1861-12-11,65,359,65.9836
70,1927-12-05,G000425,Frank Lester Greene,VT,1,Republican,Republican,1870-02-10,57,298,57.8164
70,1927-12-05,H000868,Robert Beecher Howell,NE,1,Republican,Republican,1864-01-21,63,318,63.8712
70,1927-12-05,K000098,John Benjamin Kendrick,WY,1,Democratic,Democrat,1857-09-06,70,90,70.2459
70,1927-12-05,R000114,David Aiken Reed,PA,1,Republican,Republican,1880-12-21,46,349,46.9562
70,1927-12-05,R000332,Arthur Raymond Robinson,IN,1,Republican,Republican,1881-03-12,46,268,46.7322
70,1927-12-05,S000857,Hubert Durrett Stephens,MS,1,Democratic,Democrat,1875-07-02,52,156,52.4262
70,1927-12-05,S001094,Claude Augustus Swanson,VA,1,Democratic,Democrat,1862-03-31,65,249,65.6803
70,1927-12-05,B000774,Sam Gilbert Bratton,NM,2,Democratic,Democrat,1888-08-19,39,108,39.2951
70,1927-12-05,C000812,James Couzens,MI,2,Republican,Republican,1872-08-26,55,101,55.276
70,1927-12-05,H000259,William Julius Harris,GA,2,Democratic,Democrat,1868-02-03,59,305,59.8356
70,1927-12-05,K000161,Henry Wilder Keyes,NH,2,Republican,Republican,1863-05-23,64,196,64.5355
70,1927-12-05,M000670,Jesse Houghton Metcalf,RI,2,Republican,Republican,1860-11-16,67,19,67.0519
70,1927-12-05,R000347,Joseph Taylor Robinson,AR,2,Democratic,Democrat,1872-08-26,55,101,55.276
70,1927-12-05,S000113,Thomas David Schall,MN,2,Republican,Republican,1878-06-04,49,184,49.5027
70,1927-12-05,W000104,Thomas James Walsh,MT,2,Democratic,Democrat,1859-06-12,68,176,68.4809
70,1927-12-05,B000499,Hugo Lafayette Black,AL,3,Democratic,Democrat,1886-02-27,41,281,41.7699
70,1927-12-05,F000200,Duncan Upshaw Fletcher,FL,3,Democratic,Democrat,1859-01-06,68,333,68.9123
70,1927-12-05,N000132,Peter Norbeck,SD,3,Republican,Republican,1870-08-27,57,100,57.2732
70,1927-12-05,S000848,Frederick Steiwer,OR,3,Republican,Republican,1883-10-13,44,53,44.1448
70,1927-12-05,A000319,Henry Fountain Ashurst,AZ,1,Democratic,Democrat,1874-09-13,53,83,53.2268
70,1927-12-05,C000769,Royal Samuel Copeland,NY,1,Democratic,Democrat,1868-11-07,59,28,59.0765
70,1927-12-05,F000354,Lynn Joseph Frazier,ND,1,Republican,Republican,1874-12-21,52,349,52.9562
70,1927-12-05,H000031,Frederick Hale,ME,1,Republican,Republican,1874-10-07,53,59,53.1612
70,1927-12-05,K000216,William Henry King,UT,1,Democratic,Democrat,1863-06-03,64,185,64.5055
70,1927-12-05,P000372,Key Pittman,NV,1,Democratic,Democrat,1872-09-12,55,84,55.2295
70,1927-12-05,T000353,Park Trammell,FL,1,Democratic,Democrat,1876-04-09,51,240,51.6557
70,1927-12-05,B000634,William Edgar Borah,ID,2,Republican,Republican,1865-06-29,62,159,62.4344
70,1927-12-05,H000265,Byron Patton Harrison,MS,2,Democratic,Democrat,1881-08-29,46,98,46.2678
70,1927-12-05,N000139,George William Norris,NE,2,Republican,Republican,1861-07-11,66,147,66.4016
70,1927-12-05,S000337,Morris Sheppard,TX,2,Democratic,Democrat,1875-05-28,52,191,52.5219
70,1927-12-05,N000176,Gerald Prentice Nye,ND,3,Republican,Republican,1892-12-19,34,351,34.9616
70,1927-12-05,S000530,Ellison DuRant Smith,SC,3,Democratic,Democrat,1864-08-01,63,126,63.3443
70,1927-12-05,G000141,Peter Goelet Gerry,RI,1,Democratic,Democrat,1879-09-18,48,78,48.2131
70,1927-12-05,J000140,Hiram Warren Johnson,CA,1,Republican,Republican,1866-09-02,61,94,61.2568
70,1927-12-05,L000005,Robert Marion La Follette,WI,1,Republican,Republican,1895-02-06,32,302,32.8274
70,1927-12-05,S000369,Henrik Shipstead,MN,1,Other,Farmer-Labor,1881-01-08,46,331,46.9068
70,1927-12-05,W000097,David Ignatius Walsh,MA,1,Democratic,Democrat,1872-11-11,55,24,55.0656
70,1927-12-05,W000330,Burton Kendall Wheeler,MT,1,Democratic,Democrat,1882-02-27,45,281,45.7699
70,1927-12-05,C000133,Arthur Capper,KS,2,Republican,Republican,1865-07-14,62,144,62.3934
70,1927-12-05,G000232,Carter Glass,VA,2,Democratic,Democrat,1858-01-04,69,335,69.9178
70,1927-12-05,M000583,Charles Linza McNary,OR,2,Republican,Republican,1874-06-12,53,176,53.4809
70,1927-12-05,T000177,John William Elmer Thomas,OK,3,Democratic,Democrat,1876-09-08,51,88,51.2404
70,1927-12-05,T000446,Millard Evelyn Tydings,MD,3,Democratic,Democrat,1890-04-06,37,243,37.6639
70,1927-12-05,W000021,Robert Ferdinand Wagner,NY,3,Democratic,Democrat,1877-06-08,50,180,50.4918
70,1927-12-05,M000499,Kenneth Douglas McKellar,TN,1,Democratic,Democrat,1869-01-29,58,310,58.8493
70,1927-12-05,G000131,Walter Franklin George,GA,3,Democratic,Democrat,1878-01-29,49,310,49.8493
70,1927-12-05,B000145,Alben William Barkley,KY,3,Democratic,Democrat,1877-11-24,50,11,50.0301
70,1927-12-05,N000023,Matthew Mansfield Neely,WV,1,Democratic,Democrat,1874-11-09,53,26,53.071
70,1927-12-05,H000385,Carl Trumbull Hayden,AZ,3,Democratic,Democrat,1877-10-02,50,64,50.1749
71,1929-04-15,B000553,Coleman Livingston Blease,SC,2,Democratic,Democrat,1868-10-08,60,189,60.5178
71,1929-04-15,D000233,Charles Samuel Deneen,IL,2,Republican,Republican,1863-05-04,65,346,65.9479
71,1929-04-15,E000044,Walter Evans Edge,NJ,2,Republican,Republican,1873-11-20,55,146,55.4
71,1929-04-15,G000201,Frederick Huntington Gillett,MA,2,Republican,Republican,1851-10-16,77,181,77.4959
71,1929-04-15,G000254,Guy Despard Goff,WV,2,Republican,Republican,1866-09-13,62,214,62.5863
71,1929-04-15,H000446,James Thomas Heflin,AL,2,Democratic,Democrat,1869-04-09,60,6,60.0164
71,1929-04-15,M000563,William Henry McMaster,SD,2,Republican,Republican,1877-05-10,51,340,51.9315
71,1929-04-15,P000317,Lawrence Cowle Phipps,CO,2,Republican,Republican,1862-08-30,66,228,66.6247
71,1929-04-15,P000360,William Bliss Pine,OK,2,Republican,Republican,1877-12-30,51,106,51.2904
71,1929-04-15,R000059,Joseph Eugene Ransdell,LA,2,Democratic,Democrat,1858-10-07,70,190,70.5205
71,1929-04-15,S000006,Frederic Mosley Sackett,KY,2,Republican,Republican,1868-12-17,60,119,60.326
71,1929-04-15,S000415,Furnifold McLendel Simmons,NC,2,Democratic,Democrat,1854-01-20,75,85,75.2329
71,1929-04-15,T000456,Lawrence Davis Tyson,TN,2,Democratic,Democrat,1861-07-04,67,285,67.7808
71,1929-04-15,W000164,Francis Emroy Warren,WY,2,Republican,Republican,1844-06-20,84,299,84.8192
71,1929-04-15,G000340,Arthur Robinson Gould,ME,2,Republican,Republican,1857-03-16,72,30,72.0822
71,1929-04-15,H000362,Harry Bartow Hawes,MO,3,Democratic,Democrat,1869-11-15,59,151,59.4137
71,1929-04-15,S000826,Daniel Frederic Steck,IA,2,Democratic,Democrat,1881-12-16,47,120,47.3288
71,1929-04-15,B000470,Hiram Bingham,CT,3,Republican,Republican,1875-11-19,53,147,53.4027
71,1929-04-15,B000520,John James Blaine,WI,3,Republican,Republican,1875-05-04,53,346,53.9479
71,1929-04-15,B000873,Smith Wildman Brookhart,IA,3,Republican,Republican,1869-02-02,60,72,60.1973
71,1929-04-15,B000895,Edwin Sidney Broussard,LA,3,Democratic,Democrat,1874-12-04,54,132,54.3616
71,1929-04-15,C000139,Thaddeus Horatius Caraway,AR,3,Democratic,Democrat,1871-10-17,57,180,57.4932
71,1929-04-15,D000009,Porter Hinman Dale,VT,3,Republican,Republican,1867-03-01,62,45,62.1233
71,1929-04-15,J000257,Wesley Livsey Jones,WA,3,Republican,Republican,1863-10-09,65,188,65.5151
71,1929-04-15,M001028,George Higgins Moses,NH,3,Republican,Republican,1869-02-09,60,65,60.1781
71,1929-04-15,O000035,Tasker Lowndes Oddie,NV,3,Republican,Republican,1870-10-20,58,177,58.4849
71,1929-04-15,O000140,Lee Slater Overman,NC,3,Democratic,Democrat,1854-01-03,75,102,75.2795
71,1929-04-15,S000380,Samuel Morgan Shortridge,CA,3,Republican,Republican,1861-08-03,67,255,67.6986
71,1929-04-15,S000644,Reed Smoot,UT,3,Republican,Republican,1862-01-10,67,95,67.2603
71,1929-04-15,V000071,William Scott Vare,PA,3,Republican,Republican,1867-12-24,61,112,61.3068
71,1929-04-15,W000186,Charles Winfield Waterman,CO,3,Republican,Republican,1861-11-02,67,164,67.4493
71,1929-04-15,W000203,James Eli Watson,IN,3,Republican,Republican,1864-11-02,64,164,64.4493
71,1929-04-15,B001159,Theodore Elijah Burton,OH,3,Republican,Republican,1851-12-20,77,116,77.3178
71,1929-04-15,G000238,Otis Ferguson Glenn,IL,3,Republican,Republican,1879-08-27,49,231,49.6329
71,1929-04-15,A000126,Henry Justin Allen,KS,3,Republican,Republican,1868-09-11,60,216,60.5918
71,1929-04-15,C001028,Bronson Murray Cutting,NM,1,Republican,Republican,1888-06-23,40,296,40.811
71,1929-04-15,D000345,Clarence Cleveland Dill,WA,1,Democratic,Democrat,1884-09-21,44,206,44.5644
71,1929-04-15,F000096,Simeon Davison Fess,OH,1,Republican,Republican,1861-12-11,67,125,67.3425
71,1929-04-15,G000262,Phillips Lee Goldsborough,MD,1,Republican,Republican,1865-08-06,63,252,63.6904
71,1929-04-15,G000425,Frank Lester Greene,VT,1,Republican,Republican,1870-02-10,59,64,59.1753
71,1929-04-15,H000342,Henry Drury Hatfield,WV,1,Republican,Republican,1875-09-15,53,212,53.5808
71,1929-04-15,H000436,Felix Hebert,RI,1,Republican,Republican,1874-12-11,54,125,54.3425
71,1929-04-15,H000868,Robert Beecher Howell,NE,1,Republican,Republican,1864-01-21,65,84,65.2301
71,1929-04-15,K000026,Hamilton Fish Kean,NJ,1,Republican,Republican,1862-02-27,67,47,67.1288
71,1929-04-15,K000098,John Benjamin Kendrick,WY,1,Democratic,Democrat,1857-09-06,71,221,71.6055
71,1929-04-15,P000127,Roscoe Conkling Patterson,MO,1,Republican,Republican,1876-09-15,52,212,52.5808
71,1929-04-15,R000114,David Aiken Reed,PA,1,Republican,Republican,1880-12-21,48,115,48.3151
71,1929-04-15,R000332,Arthur Raymond Robinson,IN,1,Republican,Republican,1881-03-12,48,34,48.0932
71,1929-04-15,S000857,Hubert Durrett Stephens,MS,1,Democratic,Democrat,1875-07-02,53,287,53.7863
71,1929-04-15,S001094,Claude Augustus Swanson,VA,1,Democratic,Democrat,1862-03-31,67,15,67.0411
71,1929-04-15,W000032,Frederic Collin Walcott,CT,1,Republican,Republican,1869-02-19,60,55,60.1507
71,1929-04-15,B000774,Sam Gilbert Bratton,NM,2,Democratic,Democrat,1888-08-19,40,239,40.6548
71,1929-04-15,C000812,James Couzens,MI,2,Republican,Republican,1872-08-26,56,232,56.6356
71,1929-04-15,H000259,William Julius Harris,GA,2,Democratic,Democrat,1868-02-03,61,71,61.1945
71,1929-04-15,H000325,Daniel Oren Hastings,DE,2,Republican,Republican,1874-03-05,55,41,55.1123
71,1929-04-15,K000161,Henry Wilder Keyes,NH,2,Republican,Republican,1863-05-23,65,327,65.8959
71,1929-04-15,M000670,Jesse Houghton Metcalf,RI,2,Republican,Republican,1860-11-16,68,150,68.411
71,1929-04-15,R000347,Joseph Taylor Robinson,AR,2,Democratic,Democrat,1872-08-26,56,232,56.6356
71,1929-04-15,S000113,Thomas David Schall,MN,2,Republican,Republican,1878-06-04,50,315,50.863
71,1929-04-15,W000104,Thomas James Walsh,MT,2,Democratic,Democrat,1859-06-12,69,307,69.8411
71,1929-04-15,B000499,Hugo Lafayette Black,AL,3,Democratic,Democrat,1886-02-27,43,47,43.1288
71,1929-04-15,F000200,Duncan Upshaw Fletcher,FL,3,Democratic,Democrat,1859-01-06,70,99,70.2712
71,1929-04-15,N000132,Peter Norbeck,SD,3,Republican,Republican,1870-08-27,58,231,58.6329
71,1929-04-15,S000848,Frederick Steiwer,OR,3,Republican,Republican,1883-10-13,45,184,45.5041
71,1929-04-15,A000319,Henry Fountain Ashurst,AZ,1,Democratic,Democrat,1874-09-13,54,214,54.5863
71,1929-04-15,C000769,Royal Samuel Copeland,NY,1,Democratic,Democrat,1868-11-07,60,159,60.4356
71,1929-04-15,F000354,Lynn Joseph Frazier,ND,1,Republican,Republican,1874-12-21,54,115,54.3151
71,1929-04-15,H000031,Frederick Hale,ME,1,Republican,Republican,1874-10-07,54,190,54.5205
71,1929-04-15,K000216,William Henry King,UT,1,Democratic,Democrat,1863-06-03,65,316,65.8658
71,1929-04-15,P000372,Key Pittman,NV,1,Democratic,Democrat,1872-09-12,56,215,56.589
71,1929-04-15,T000335,John Gillis Townsend,DE,1,Republican,Republican,1871-05-31,57,319,57.874
71,1929-04-15,T000353,Park Trammell,FL,1,Democratic,Democrat,1876-04-09,53,6,53.0164
71,1929-04-15,B000634,William Edgar Borah,ID,2,Republican,Republican,1865-06-29,63,290,63.7945
71,1929-04-15,H000265,Byron Patton Harrison,MS,2,Democratic,Democrat,1881-08-29,47,229,47.6274
71,1929-04-15,N000139,George William Norris,NE,2,Republican,Republican,1861-07-11,67,278,67.7616
71,1929-04-15,S000337,Morris Sheppard,TX,2,Democratic,Democrat,1875-05-28,53,322,53.8822
71,1929-04-15,N000176,Gerald Prentice Nye,ND,3,Republican,Republican,1892-12-19,36,117,36.3205
71,1929-04-15,S000530,Ellison DuRant Smith,SC,3,Democratic,Democrat,1864-08-01,64,257,64.7041
71,1929-04-15,J000140,Hiram Warren Johnson,CA,1,Republican,Republican,1866-09-02,62,225,62.6164
71,1929-04-15,L000005,Robert Marion La Follette,WI,1,Republican,Republican,1895-02-06,34,68,34.1863
71,1929-04-15,S000369,Henrik Shipstead,MN,1,Other,Farmer-Labor,1881-01-08,48,97,48.2658
71,1929-04-15,W000097,David Ignatius Walsh,MA,1,Democratic,Democrat,1872-11-11,56,155,56.4247
71,1929-04-15,W000330,Burton Kendall Wheeler,MT,1,Democratic,Democrat,1882-02-27,47,47,47.1288
71,1929-04-15,C000133,Arthur Capper,KS,2,Republican,Republican,1865-07-14,63,275,63.7534
71,1929-04-15,G000232,Carter Glass,VA,2,Democratic,Democrat,1858-01-04,71,101,71.2767
71,1929-04-15,M000583,Charles Linza McNary,OR,2,Republican,Republican,1874-06-12,54,307,54.8411
71,1929-04-15,T000172,John Thomas,ID,3,Republican,Republican,1874-01-04,55,101,55.2767
71,1929-04-15,T000177,John William Elmer Thomas,OK,3,Democratic,Democrat,1876-09-08,52,219,52.6
71,1929-04-15,T000446,Millard Evelyn Tydings,MD,3,Democratic,Democrat,1890-04-06,39,9,39.0247
71,1929-04-15,W000021,Robert Ferdinand Wagner,NY,3,Democratic,Democrat,1877-06-08,51,311,51.8521
71,1929-04-15,C000684,Thomas Terry Connally,TX,1,Democratic,Democrat,1877-08-19,51,239,51.6548
71,1929-04-15,M000499,Kenneth Douglas McKellar,TN,1,Democratic,Democrat,1869-01-29,60,76,60.2082
71,1929-04-15,V000025,Arthur Hendrick Vandenberg,MI,1,Republican,Republican,1884-03-22,45,24,45.0658
71,1929-04-15,G000131,Walter Franklin George,GA,3,Democratic,Democrat,1878-01-29,51,76,51.2082
71,1929-04-15,B000145,Alben William Barkley,KY,3,Democratic,Democrat,1877-11-24,51,142,51.389
71,1929-04-15,H000385,Carl Trumbull Hayden,AZ,3,Democratic,Democrat,1877-10-02,51,195,51.5342
72,1931-12-07,H000362,Harry Bartow Hawes,MO,3,Democratic,Democrat,1869-11-15,62,22,62.0601
72,1931-12-07,B000470,Hiram Bingham,CT,3,Republican,Republican,1875-11-19,56,18,56.0492
72,1931-12-07,B000520,John James Blaine,WI,3,Republican,Republican,1875-05-04,56,217,56.5929
72,1931-12-07,B000873,Smith Wildman Brookhart,IA,3,Republican,Republican,1869-02-02,62,308,62.8438
72,1931-12-07,B000895,Edwin Sidney Broussard,LA,3,Democratic,Democrat,1874-12-04,57,3,57.0082
72,1931-12-07,D000009,Porter Hinman Dale,VT,3,Republican,Republican,1867-03-01,64,281,64.7678
72,1931-12-07,J000257,Wesley Livsey Jones,WA,3,Republican,Republican,1863-10-09,68,59,68.1612
72,1931-12-07,M001028,George Higgins Moses,NH,3,Republican,Republican,1869-02-09,62,301,62.8247
72,1931-12-07,O000035,Tasker Lowndes Oddie,NV,3,Republican,Republican,1870-10-20,61,48,61.1311
72,1931-12-07,S000380,Samuel Morgan Shortridge,CA,3,Republican,Republican,1861-08-03,70,126,70.3443
72,1931-12-07,S000644,Reed Smoot,UT,3,Republican,Republican,1862-01-10,69,331,69.9068
72,1931-12-07,W000186,Charles Winfield Waterman,CO,3,Republican,Republican,1861-11-02,70,35,70.0956
72,1931-12-07,W000203,James Eli Watson,IN,3,Republican,Republican,1864-11-02,67,35,67.0956
72,1931-12-07,G000238,Otis Ferguson Glenn,IL,3,Republican,Republican,1879-08-27,52,102,52.2787
72,1931-12-07,C001028,Bronson Murray Cutting,NM,1,Republican,Republican,1888-06-23,43,167,43.4563
72,1931-12-07,D000345,Clarence Cleveland Dill,WA,1,Democratic,Democrat,1884-09-21,47,77,47.2104
72,1931-12-07,F000096,Simeon Davison Fess,OH,1,Republican,Republican,1861-12-11,69,361,69.989
72,1931-12-07,G000262,Phillips Lee Goldsborough,MD,1,Republican,Republican,1865-08-06,66,123,66.3361
72,1931-12-07,H000342,Henry Drury Hatfield,WV,1,Republican,Republican,1875-09-15,56,83,56.2268
72,1931-12-07,H000436,Felix Hebert,RI,1,Republican,Republican,1874-12-11,56,361,56.989
72,1931-12-07,H000868,Robert Beecher Howell,NE,1,Republican,Republican,1864-01-21,67,320,67.8767
72,1931-12-07,K000026,Hamilton Fish Kean,NJ,1,Republican,Republican,1862-02-27,69,283,69.7753
72,1931-12-07,K000098,John Benjamin Kendrick,WY,1,Democratic,Democrat,1857-09-06,74,92,74.2514
72,1931-12-07,P000127,Roscoe Conkling Patterson,MO,1,Republican,Republican,1876-09-15,55,83,55.2268
72,1931-12-07,R000114,David Aiken Reed,PA,1,Republican,Republican,1880-12-21,50,351,50.9616
72,1931-12-07,R000332,Arthur Raymond Robinson,IN,1,Republican,Republican,1881-03-12,50,270,50.7377
72,1931-12-07,S000857,Hubert Durrett Stephens,MS,1,Democratic,Democrat,1875-07-02,56,158,56.4317
72,1931-12-07,S001094,Claude Augustus Swanson,VA,1,Democratic,Democrat,1862-03-31,69,251,69.6858
72,1931-12-07,W000032,Frederic Collin Walcott,CT,1,Republican,Republican,1869-02-19,62,291,62.7973
72,1931-12-07,C000146,Robert Davis Carey,WY,2,Republican,Republican,1878-08-12,53,117,53.3197
72,1931-12-07,B000774,Sam Gilbert Bratton,NM,2,Democratic,Democrat,1888-08-19,43,110,43.3005
72,1931-12-07,C000740,Marcus Allen Coolidge,MA,2,Democratic,Democrat,1865-10-06,66,62,66.1694
72,1931-12-07,C000797,Edward Prentiss Costigan,CO,2,Democratic,Democrat,1874-07-01,57,159,57.4344
72,1931-12-07,C000812,James Couzens,MI,2,Republican,Republican,1872-08-26,59,103,59.2814
72,1931-12-07,D000323,Lester Jesse Dickinson,IA,2,Republican,Republican,1873-10-29,58,39,58.1066
72,1931-12-07,G000323,Thomas Pryor Gore,OK,2,Democratic,Democrat,1870-12-10,60,362,60.9918
72,1931-12-07,H000259,William Julius Harris,GA,2,Democratic,Democrat,1868-02-03,63,307,63.8411
72,1931-12-07,H000325,Daniel Oren Hastings,DE,2,Republican,Republican,1874-03-05,57,277,57.7568
72,1931-12-07,H000940,Cordell Hull,TN,2,Democratic,Democrat,1871-10-02,60,66,60.1803
72,1931-12-07,K000161,Henry Wilder Keyes,NH,2,Republican,Republican,1863-05-23,68,198,68.541
72,1931-12-07,M000670,Jesse Houghton Metcalf,RI,2,Republican,Republican,1860-11-16,71,21,71.0574
72,1931-12-07,S000113,Thomas David Schall,MN,2,Republican,Republican,1878-06-04,53,186,53.5082
72,1931-12-07,W000104,Thomas James Walsh,MT,2,Democratic,Democrat,1859-06-12,72,178,72.4863
72,1931-12-07,B000499,Hugo Lafayette Black,AL,3,Democratic,Democrat,1886-02-27,45,283,45.7753
72,1931-12-07,B001045,Robert Johns Bulkley,OH,3,Democratic,Democrat,1880-10-08,51,60,51.1639
72,1931-12-07,F000200,Duncan Upshaw Fletcher,FL,3,Democratic,Democrat,1859-01-06,72,335,72.9178
72,1931-12-07,M000447,George McGill,KS,3,Democratic,Democrat,1879-02-12,52,298,52.8164
72,1931-12-07,N000132,Peter Norbeck,SD,3,Republican,Republican,1870-08-27,61,102,61.2787
72,1931-12-07,S000848,Frederick Steiwer,OR,3,Republican,Republican,1883-10-13,48,55,48.1503
72,1931-12-07,A000319,Henry Fountain Ashurst,AZ,1,Democratic,Democrat,1874-09-13,57,85,57.2322
72,1931-12-07,C000769,Royal Samuel Copeland,NY,1,Democratic,Democrat,1868-11-07,63,30,63.082
72,1931-12-07,F000354,Lynn Joseph Frazier,ND,1,Republican,Republican,1874-12-21,56,351,56.9616
72,1931-12-07,H000031,Frederick Hale,ME,1,Republican,Republican,1874-10-07,57,61,57.1667
72,1931-12-07,K000216,William Henry King,UT,1,Democratic,Democrat,1863-06-03,68,187,68.5109
72,1931-12-07,P000372,Key Pittman,NV,1,Democratic,Democrat,1872-09-12,59,86,59.235
72,1931-12-07,T000335,John Gillis Townsend,DE,1,Republican,Republican,1871-05-31,60,190,60.5191
72,1931-12-07,T000353,Park Trammell,FL,1,Democratic,Democrat,1876-04-09,55,242,55.6612
72,1931-12-07,B000634,William Edgar Borah,ID,2,Republican,Republican,1865-06-29,66,161,66.4399
72,1931-12-07,B001055,William John Bulow,SD,2,Democratic,Democrat,1869-01-13,62,328,62.8986
72,1931-12-07,B001215,James Francis Byrnes,SC,2,Democratic,Democrat,1882-05-02,49,219,49.5984
72,1931-12-07,H000265,Byron Patton Harrison,MS,2,Democratic,Democrat,1881-08-29,50,100,50.2732
72,1931-12-07,L000284,James Hamilton Lewis,IL,2,Democratic,Democrat,1863-05-18,68,203,68.5546
72,1931-12-07,L000404,Marvel Mills Logan,KY,2,Democratic,Democrat,1874-01-07,57,334,57.9151
72,1931-12-07,N000139,George William Norris,NE,2,Republican,Republican,1861-07-11,70,149,70.4071
72,1931-12-07,S000337,Morris Sheppard,TX,2,Democratic,Democrat,1875-05-28,56,193,56.5273
72,1931-12-07,C000138,Hattie Wyatt Caraway,AR,3,Democratic,Democrat,1878-02-01,53,309,53.8466
72,1931-12-07,D000111,James John Davis,PA,3,Republican,Republican,1873-10-27,58,41,58.112
72,1931-12-07,N000176,Gerald Prentice Nye,ND,3,Republican,Republican,1892-12-19,38,353,38.9671
72,1931-12-07,S000530,Ellison DuRant Smith,SC,3,Democratic,Democrat,1864-08-01,67,128,67.3497
72,1931-12-07,A000342,Warren Robinson Austin,VT,1,Republican,Republican,1877-11-12,54,25,54.0683
72,1931-12-07,B000132,William Warren Barbour,NJ,2,Republican,Republican,1888-07-31,43,129,43.3525
72,1931-12-07,J000140,Hiram Warren Johnson,CA,1,Republican,Republican,1866-09-02,65,96,65.2623
72,1931-12-07,L000005,Robert Marion La Follette,WI,1,Republican,Republican,1895-02-06,36,304,36.8329
72,1931-12-07,S000369,Henrik Shipstead,MN,1,Other,Farmer-Labor,1881-01-08,50,333,50.9123
72,1931-12-07,W000097,David Ignatius Walsh,MA,1,Democratic,Democrat,1872-11-11,59,26,59.071
72,1931-12-07,W000330,Burton Kendall Wheeler,MT,1,Democratic,Democrat,1882-02-27,49,283,49.7753
72,1931-12-07,B000046,Josiah William Bailey,NC,2,Democratic,Democrat,1873-09-14,58,84,58.2295
72,1931-12-07,B000111,John Hollis Bankhead,AL,2,Democratic,Democrat,1872-07-08,59,152,59.4153
72,1931-12-07,C000133,Arthur Capper,KS,2,Republican,Republican,1865-07-14,66,146,66.3989
72,1931-12-07,G000232,Carter Glass,VA,2,Democratic,Democrat,1858-01-04,73,337,73.9233
72,1931-12-07,M000583,Charles Linza McNary,OR,2,Republican,Republican,1874-06-12,57,178,57.4863
72,1931-12-07,M000993,Cameron A. Morrison,NC,3,Democratic,Democrat,1869-10-05,62,63,62.1721
72,1931-12-07,T000172,John Thomas,ID,3,Republican,Republican,1874-01-04,57,337,57.9233
72,1931-12-07,W000396,Wallace Humphrey White,ME,2,Republican,Republican,1877-08-06,54,123,54.3361
72,1931-12-07,T000177,John William Elmer Thomas,OK,3,Democratic,Democrat,1876-09-08,55,90,55.2459
72,1931-12-07,T000446,Millard Evelyn Tydings,MD,3,Democratic,Democrat,1890-04-06,41,245,41.6694
72,1931-12-07,W000021,Robert Ferdinand Wagner,NY,3,Democratic,Democrat,1877-06-08,54,182,54.4973
72,1931-12-07,C000684,Thomas Terry Connally,TX,1,Democratic,Democrat,1877-08-19,54,110,54.3005
72,1931-12-07,M000499,Kenneth Douglas McKellar,TN,1,Democratic,Democrat,1869-01-29,62,312,62.8548
72,1931-12-07,V000025,Arthur Hendrick Vandenberg,MI,1,Republican,Republican,1884-03-22,47,260,47.7104
72,1931-12-07,G000131,Walter Franklin George,GA,3,Democratic,Democrat,1878-01-29,53,312,53.8548
72,1931-12-07,B000145,Alben William Barkley,KY,3,Democratic,Democrat,1877-11-24,54,13,54.0355
72,1931-12-07,N000023,Matthew Mansfield Neely,WV,2,Democratic,Democrat,1874-11-09,57,28,57.0765
72,1931-12-07,H000385,Carl Trumbull Hayden,AZ,3,Democratic,Democrat,1877-10-02,54,66,54.1803
73,1933-03-09,C001028,Bronson Murray Cutting,NM,1,Republican,Republican,1888-06-23,44,259,44.7096
73,1933-03-09,D000345,Clarence Cleveland Dill,WA,1,Democratic,Democrat,1884-09-21,48,169,48.463
73,1933-03-09,F000096,Simeon Davison Fess,OH,1,Republican,Republican,1861-12-11,71,88,71.2411
73,1933-03-09,G000262,Phillips Lee Goldsborough,MD,1,Republican,Republican,1865-08-06,67,215,67.589
73,1933-03-09,H000342,Henry Drury Hatfield,WV,1,Republican,Republican,1875-09-15,57,175,57.4795
73,1933-03-09,H000436,Felix Hebert,RI,1,Republican,Republican,1874-12-11,58,88,58.2411
73,1933-03-09,H000868,Robert Beecher Howell,NE,1,Republican,Republican,1864-01-21,69,47,69.1288
73,1933-03-09,K000026,Hamilton Fish Kean,NJ,1,Republican,Republican,1862-02-27,71,10,71.0274
73,1933-03-09,K000098,John Benjamin Kendrick,WY,1,Democratic,Democrat,1857-09-06,75,184,75.5041
73,1933-03-09,P000127,Roscoe Conkling Patterson,MO,1,Republican,Republican,1876-09-15,56,175,56.4795
73,1933-03-09,R000114,David Aiken Reed,PA,1,Republican,Republican,1880-12-21,52,78,52.2137
73,1933-03-09,R000332,Arthur Raymond Robinson,IN,1,Republican,Republican,1881-03-12,51,362,51.9918
73,1933-03-09,S000857,Hubert Durrett Stephens,MS,1,Democratic,Democrat,1875-07-02,57,250,57.6849
73,1933-03-09,W000032,Frederic Collin Walcott,CT,1,Republican,Republican,1869-02-19,64,18,64.0493
73,1933-03-09,C000146,Robert Davis Carey,WY,2,Republican,Republican,1878-08-12,54,209,54.5726
73,1933-03-09,B000774,Sam Gilbert Bratton,NM,2,Democratic,Democrat,1888-08-19,44,202,44.5534
73,1933-03-09,C000740,Marcus Allen Coolidge,MA,2,Democratic,Democrat,1865-10-06,67,154,67.4219
73,1933-03-09,C000797,Edward Prentiss Costigan,CO,2,Democratic,Democrat,1874-07-01,58,251,58.6877
73,1933-03-09,C000812,James Couzens,MI,2,Republican,Republican,1872-08-26,60,195,60.5342
73,1933-03-09,D000323,Lester Jesse Dickinson,IA,2,Republican,Republican,1873-10-29,59,131,59.3589
73,1933-03-09,G000323,Thomas Pryor Gore,OK,2,Democratic,Democrat,1870-12-10,62,89,62.2438
73,1933-03-09,H000325,Daniel Oren Hastings,DE,2,Republican,Republican,1874-03-05,59,4,59.011
73,1933-03-09,K000161,Henry Wilder Keyes,NH,2,Republican,Republican,1863-05-23,69,290,69.7945
73,1933-03-09,M000670,Jesse Houghton Metcalf,RI,2,Republican,Republican,1860-11-16,72,113,72.3096
73,1933-03-09,R000347,Joseph Taylor Robinson,AR,2,Democratic,Democrat,1872-08-26,60,195,60.5342
73,1933-03-09,S000113,Thomas David Schall,MN,2,Republican,Republican,1878-06-04,54,278,54.7616
73,1933-03-09,L000418,Huey Pierce Long,LA,2,Democratic,Democrat,1893-08-30,39,191,39.5233
73,1933-03-09,B000010,Nathan Lynn Bachman,TN,2,Democratic,Democrat,1878-08-02,54,219,54.6
73,1933-03-09,B000499,Hugo Lafayette Black,AL,3,Democratic,Democrat,1886-02-27,47,10,47.0274
73,1933-03-09,B000916,Fred Herbert Brown,NH,3,Democratic,Democrat,1879-04-12,53,331,53.9068
73,1933-03-09,B001045,Robert Johns Bulkley,OH,3,Democratic,Democrat,1880-10-08,52,152,52.4164
73,1933-03-09,D000339,William Henry Dieterich,IL,3,Democratic,Democrat,1876-03-31,56,343,56.9397
73,1933-03-09,D000518,Francis Ryan Duffy,WI,3,Democratic,Democrat,1888-06-23,44,259,44.7096
73,1933-03-09,F000200,Duncan Upshaw Fletcher,FL,3,Democratic,Democrat,1859-01-06,74,62,74.1699
73,1933-03-09,L000409,Augustine Lonergan,CT,3,Democratic,Democrat,1874-05-20,58,293,58.8027
73,1933-03-09,M000293,William Gibbs McAdoo,CA,3,Democratic,Democrat,1863-10-31,69,129,69.3534
73,1933-03-09,M000447,George McGill,KS,3,Democratic,Democrat,1879-02-12,54,25,54.0685
73,1933-03-09,M001103,Richard Louis Murphy,IA,3,Democratic,Democrat,1875-11-06,57,123,57.337
73,1933-03-09,N000132,Peter Norbeck,SD,3,Republican,Republican,1870-08-27,62,194,62.5315
73,1933-03-09,P000430,James Pinckney Pope,ID,3,Democratic,Democrat,1884-03-31,48,343,48.9397
73,1933-03-09,S000848,Frederick Steiwer,OR,3,Republican,Republican,1883-10-13,49,147,49.4027
73,1933-03-09,A000319,Henry Fountain Ashurst,AZ,1,Democratic,Democrat,1874-09-13,58,177,58.4849
73,1933-03-09,C000769,Royal Samuel Copeland,NY,1,Democratic,Democrat,1868-11-07,64,122,64.3342
73,1933-03-09,F000354,Lynn Joseph Frazier,ND,1,Republican,Republican,1874-12-21,58,78,58.2137
73,1933-03-09,H000031,Frederick Hale,ME,1,Republican,Republican,1874-10-07,58,153,58.4192
73,1933-03-09,K000216,William Henry King,UT,1,Democratic,Democrat,1863-06-03,69,279,69.7644
73,1933-03-09,P000372,Key Pittman,NV,1,Democratic,Democrat,1872-09-12,60,178,60.4877
73,1933-03-09,T000335,John Gillis Townsend,DE,1,Republican,Republican,1871-05-31,61,282,61.7726
73,1933-03-09,T000353,Park Trammell,FL,1,Democratic,Democrat,1876-04-09,56,334,56.9151
73,1933-03-09,B000634,William Edgar Borah,ID,2,Republican,Republican,1865-06-29,67,253,67.6932
73,1933-03-09,B001055,William John Bulow,SD,2,Democratic,Democrat,1869-01-13,64,55,64.1507
73,1933-03-09,B001215,James Francis Byrnes,SC,2,Democratic,Democrat,1882-05-02,50,311,50.8521
73,1933-03-09,H000265,Byron Patton Harrison,MS,2,Democratic,Democrat,1881-08-29,51,192,51.526
73,1933-03-09,L000284,James Hamilton Lewis,IL,2,Democratic,Democrat,1863-05-18,69,295,69.8082
73,1933-03-09,L000404,Marvel Mills Logan,KY,2,Democratic,Democrat,1874-01-07,59,61,59.1671
73,1933-03-09,N000139,George William Norris,NE,2,Republican,Republican,1861-07-11,71,241,71.6603
73,1933-03-09,S000337,Morris Sheppard,TX,2,Democratic,Democrat,1875-05-28,57,285,57.7808
73,1933-03-09,A000028,Alva Blanchard Adams,CO,3,Democratic,Democrat,1875-10-29,57,131,57.3589
73,1933-03-09,B000614,Homer Truett Bone,WA,3,Democratic,Democrat,1883-01-25,50,43,50.1178
73,1933-03-09,C000138,Hattie Wyatt Caraway,AR,3,Democratic,Democrat,1878-02-01,55,36,55.0986
73,1933-03-09,C000440,Joel Bennett Clark,MO,3,Democratic,Democrat,1890-01-08,43,60,43.1644
73,1933-03-09,D000111,James John Davis,PA,3,Republican,Republican,1873-10-27,59,133,59.3644
73,1933-03-09,N000176,Gerald Prentice Nye,ND,3,Republican,Republican,1892-12-19,40,80,40.2192
73,1933-03-09,R000179,Robert Rice Reynolds,NC,3,Democratic,Democrat,1884-06-18,48,264,48.7233
73,1933-03-09,S000530,Ellison DuRant Smith,SC,3,Democratic,Democrat,1864-08-01,68,220,68.6027
73,1933-03-09,V000050,Frederick Van Nuys,IN,3,Democratic,Democrat,1874-04-16,58,327,58.8959
73,1933-03-09,A000342,Warren Robinson Austin,VT,1,Republican,Republican,1877-11-12,55,117,55.3205
73,1933-03-09,B000132,William Warren Barbour,NJ,2,Republican,Republican,1888-07-31,44,221,44.6055
73,1933-03-09,J000140,Hiram Warren Johnson,CA,1,Republican,Republican,1866-09-02,66,188,66.5151
73,1933-03-09,L000005,Robert Marion La Follette,WI,1,Republican,Republican,1895-02-06,38,31,38.0849
73,1933-03-09,S000369,Henrik Shipstead,MN,1,Other,Farmer-Labor,1881-01-08,52,60,52.1644
73,1933-03-09,W000097,David Ignatius Walsh,MA,1,Democratic,Democrat,1872-11-11,60,118,60.3233
73,1933-03-09,W000330,Burton Kendall Wheeler,MT,1,Democratic,Democrat,1882-02-27,51,10,51.0274
73,1933-03-09,B000046,Josiah William Bailey,NC,2,Democratic,Democrat,1873-09-14,59,176,59.4822
73,1933-03-09,B000111,John Hollis Bankhead,AL,2,Democratic,Democrat,1872-07-08,60,244,60.6685
73,1933-03-09,C000133,Arthur Capper,KS,2,Republican,Republican,1865-07-14,67,238,67.6521
73,1933-03-09,G000232,Carter Glass,VA,2,Democratic,Democrat,1858-01-04,75,64,75.1753
73,1933-03-09,M000583,Charles Linza McNary,OR,2,Republican,Republican,1874-06-12,58,270,58.7397
73,1933-03-09,W000396,Wallace Humphrey White,ME,2,Republican,Republican,1877-08-06,55,215,55.589
73,1933-03-09,O000146,John Holmes Overton,LA,3,Democratic,Democrat,1875-09-17,57,173,57.474
73,1933-03-09,T000164,Elbert Duncan Thomas,UT,3,Democratic,Democrat,1883-06-17,49,265,49.726
73,1933-03-09,T000177,John William Elmer Thomas,OK,3,Democratic,Democrat,1876-09-08,56,182,56.4986
73,1933-03-09,T000446,Millard Evelyn Tydings,MD,3,Democratic,Democrat,1890-04-06,42,337,42.9233
73,1933-03-09,W000021,Robert Ferdinand Wagner,NY,3,Democratic,Democrat,1877-06-08,55,274,55.7507
73,1933-03-09,C000684,Thomas Terry Connally,TX,1,Democratic,Democrat,1877-08-19,55,202,55.5534
73,1933-03-09,M000499,Kenneth Douglas McKellar,TN,1,Democratic,Democrat,1869-01-29,64,39,64.1068
73,1933-03-09,V000025,Arthur Hendrick Vandenberg,MI,1,Republican,Republican,1884-03-22,48,352,48.9644
73,1933-03-09,G000131,Walter Franklin George,GA,3,Democratic,Democrat,1878-01-29,55,39,55.1068
73,1933-03-09,M000308,Patrick Anthony McCarran,NV,3,Democratic,Democrat,1876-08-08,56,213,56.5836
73,1933-03-09,B000145,Alben William Barkley,KY,3,Democratic,Democrat,1877-11-24,55,105,55.2877
73,1933-03-09,N000023,Matthew Mansfield Neely,WV,2,Democratic,Democrat,1874-11-09,58,120,58.3288
73,1933-03-09,B001208,Harry Flood Byrd,VA,1,Democratic,Democrat,1887-06-10,45,272,45.7452
73,1933-03-09,H000385,Carl Trumbull Hayden,AZ,3,Democratic,Democrat,1877-10-02,55,158,55.4329
73,1933-03-09,R000536,Richard Brevard Russell,GA,2,Democratic,Democrat,1897-11-02,35,127,35.3479
74,1935-01-03,C001028,Bronson Murray Cutting,NM,1,Republican,Republican,1888-06-23,46,194,46.5315
74,1935-01-03,C000146,Robert Davis Carey,WY,2,Republican,Republican,1878-08-12,56,144,56.3945
74,1935-01-03,C000740,Marcus Allen Coolidge,MA,2,Democratic,Democrat,1865-10-06,69,89,69.2438
74,1935-01-03,C000797,Edward Prentiss Costigan,CO,2,Democratic,Democrat,1874-07-01,60,186,60.5096
74,1935-01-03,C000812,James Couzens,MI,2,Republican,Republican,1872-08-26,62,130,62.3562
74,1935-01-03,D000323,Lester Jesse Dickinson,IA,2,Republican,Republican,1873-10-29,61,66,61.1808
74,1935-01-03,G000323,Thomas Pryor Gore,OK,2,Democratic,Democrat,1870-12-10,64,24,64.0658
74,1935-01-03,H000325,Daniel Oren Hastings,DE,2,Republican,Republican,1874-03-05,60,304,60.8329
74,1935-01-03,K000161,Henry Wilder Keyes,NH,2,Republican,Republican,1863-05-23,71,225,71.6164
74,1935-01-03,M000670,Jesse Houghton Metcalf,RI,2,Republican,Republican,1860-11-16,74,48,74.1315
74,1935-01-03,R000347,Joseph Taylor Robinson,AR,2,Democratic,Democrat,1872-08-26,62,130,62.3562
74,1935-01-03,S000113,Thomas David Schall,MN,2,Republican,Republican,1878-06-04,56,213,56.5836
74,1935-01-03,L000418,Huey Pierce Long,LA,2,Democratic,Democrat,1893-08-30,41,126,41.3452
74,1935-01-03,B000010,Nathan Lynn Bachman,TN,2,Democratic,Democrat,1878-08-02,56,154,56.4219
74,1935-01-03,B000499,Hugo Lafayette Black,AL,3,Democratic,Democrat,1886-02-27,48,310,48.8493
74,1935-01-03,B000916,Fred Herbert Brown,NH,3,Democratic,Democrat,1879-04-12,55,266,55.7288
74,1935-01-03,B001045,Robert Johns Bulkley,OH,3,Democratic,Democrat,1880-10-08,54,87,54.2384
74,1935-01-03,D000339,William Henry Dieterich,IL,3,Democratic,Democrat,1876-03-31,58,278,58.7616
74,1935-01-03,D000518,Francis Ryan Duffy,WI,3,Democratic,Democrat,1888-06-23,46,194,46.5315
74,1935-01-03,F000200,Duncan Upshaw Fletcher,FL,3,Democratic,Democrat,1859-01-06,75,362,75.9918
74,1935-01-03,L000409,Augustine Lonergan,CT,3,Democratic,Democrat,1874-05-20,60,228,60.6247
74,1935-01-03,M000293,William Gibbs McAdoo,CA,3,Democratic,Democrat,1863-10-31,71,64,71.1753
74,1935-01-03,M000447,George McGill,KS,3,Democratic,Democrat,1879-02-12,55,325,55.8904
74,1935-01-03,M001103,Richard Louis Murphy,IA,3,Democratic,Democrat,1875-11-06,59,58,59.1589
74,1935-01-03,N000132,Peter Norbeck,SD,3,Republican,Republican,1870-08-27,64,129,64.3534
74,1935-01-03,P000430,James Pinckney Pope,ID,3,Democratic,Democrat,1884-03-31,50,278,50.7616
74,1935-01-03,S000848,Frederick Steiwer,OR,3,Republican,Republican,1883-10-13,51,82,51.2247
74,1935-01-03,A000319,Henry Fountain Ashurst,AZ,1,Democratic,Democrat,1874-09-13,60,112,60.3068
74,1935-01-03,B001089,Edward Raymond Burke,NE,1,Democratic,Democrat,1880-11-28,54,36,54.0986
74,1935-01-03,C000769,Royal Samuel Copeland,NY,1,Democratic,Democrat,1868-11-07,66,57,66.1562
74,1935-01-03,D000410,Alvin Victor Donahey,OH,1,Democratic,Democrat,1873-07-07,61,180,61.4932
74,1935-01-03,F000354,Lynn Joseph Frazier,ND,1,Republican,Republican,1874-12-21,60,13,60.0356
74,1935-01-03,H000031,Frederick Hale,ME,1,Republican,Republican,1874-10-07,60,88,60.2411
74,1935-01-03,H000749,Rush Dew Holt,WV,1,Democratic,Democrat,1905-06-19,29,198,29.5425
74,1935-01-03,K000216,William Henry King,UT,1,Democratic,Democrat,1863-06-03,71,214,71.5863
74,1935-01-03,M000800,Sherman Minton,IN,1,Democratic,Democrat,1890-10-20,44,75,44.2055
74,1935-01-03,M000893,Arthur Harry Moore,NJ,1,Democratic,Democrat,1877-07-03,57,184,57.5041
74,1935-01-03,P000372,Key Pittman,NV,1,Democratic,Democrat,1872-09-12,62,113,62.3096
74,1935-01-03,S000160,Lewis Baxter Schwellenbach,WA,1,Democratic,Democrat,1894-09-20,40,105,40.2877
74,1935-01-03,T000335,John Gillis Townsend,DE,1,Republican,Republican,1871-05-31,63,217,63.5945
74,1935-01-03,T000353,Park Trammell,FL,1,Democratic,Democrat,1876-04-09,58,269,58.737
74,1935-01-03,B000634,William Edgar Borah,ID,2,Republican,Republican,1865-06-29,69,188,69.5151
74,1935-01-03,B001055,William John Bulow,SD,2,Democratic,Democrat,1869-01-13,65,355,65.9726
74,1935-01-03,B001215,James Francis Byrnes,SC,2,Democratic,Democrat,1882-05-02,52,246,52.674
74,1935-01-03,H000265,Byron Patton Harrison,MS,2,Democratic,Democrat,1881-08-29,53,127,53.3479
74,1935-01-03,L000284,James Hamilton Lewis,IL,2,Democratic,Democrat,1863-05-18,71,230,71.6301
74,1935-01-03,L000404,Marvel Mills Logan,KY,2,Democratic,Democrat,1874-01-07,60,361,60.989
74,1935-01-03,N000139,George William Norris,NE,2,Republican,Republican,1861-07-11,73,176,73.4822
74,1935-01-03,S000337,Morris Sheppard,TX,2,Democratic,Democrat,1875-05-28,59,220,59.6027
74,1935-01-03,A000028,Alva Blanchard Adams,CO,3,Democratic,Democrat,1875-10-29,59,66,59.1808
74,1935-01-03,B000614,Homer Truett Bone,WA,3,Democratic,Democrat,1883-01-25,51,343,51.9397
74,1935-01-03,C000138,Hattie Wyatt Caraway,AR,3,Democratic,Democrat,1878-02-01,56,336,56.9205
74,1935-01-03,C000440,Joel Bennett Clark,MO,3,Democratic,Democrat,1890-01-08,44,360,44.9863
74,1935-01-03,D000111,James John Davis,PA,3,Republican,Republican,1873-10-27,61,68,61.1863
74,1935-01-03,G000158,Ernest Willard Gibson,VT,3,Republican,Republican,1872-12-29,62,5,62.0137
74,1935-01-03,N000176,Gerald Prentice Nye,ND,3,Republican,Republican,1892-12-19,42,15,42.0411
74,1935-01-03,R000179,Robert Rice Reynolds,NC,3,Democratic,Democrat,1884-06-18,50,199,50.5452
74,1935-01-03,S000530,Ellison DuRant Smith,SC,3,Democratic,Democrat,1864-08-01,70,155,70.4247
74,1935-01-03,V000050,Frederick Van Nuys,IN,3,Democratic,Democrat,1874-04-16,60,262,60.7178
74,1935-01-03,A000342,Warren Robinson Austin,VT,1,Republican,Republican,1877-11-12,57,52,57.1425
74,1935-01-03,B000132,William Warren Barbour,NJ,2,Republican,Republican,1888-07-31,46,156,46.4274
74,1935-01-03,B000460,Theodore Gilmore Bilbo,MS,1,Democratic,Democrat,1877-10-13,57,82,57.2247
74,1935-01-03,G000141,Peter Goelet Gerry,RI,1,Democratic,Democrat,1879-09-18,55,107,55.2932
74,1935-01-03,G000519,Joseph F. Guffey,PA,1,Democratic,Democrat,1870-12-29,64,5,64.0137
74,1935-01-03,J000140,Hiram Warren Johnson,CA,1,Republican,Republican,1866-09-02,68,123,68.337
74,1935-01-03,L000005,Robert Marion La Follette,WI,1,Other,Progressive,1895-02-06,39,331,39.9068
74,1935-01-03,M000088,Francis Thomas Maloney,CT,1,Democratic,Democrat,1894-03-31,40,278,40.7616
74,1935-01-03,R000006,George Lovic Pierce Radcliffe,MD,1,Democratic,Democrat,1877-08-22,57,134,57.3671
74,1935-01-03,S000369,Henrik Shipstead,MN,1,Republican,Republican,1881-01-08,53,360,53.9863
74,1935-01-03,W000097,David Ignatius Walsh,MA,1,Democratic,Democrat,1872-11-11,62,53,62.1452
74,1935-01-03,W000330,Burton Kendall Wheeler,MT,1,Democratic,Democrat,1882-02-27,52,310,52.8493
74,1935-01-03,B000046,Josiah William Bailey,NC,2,Democratic,Democrat,1873-09-14,61,111,61.3041
74,1935-01-03,B000111,John Hollis Bankhead,AL,2,Democratic,Democrat,1872-07-08,62,179,62.4904
74,1935-01-03,C000133,Arthur Capper,KS,2,Republican,Republican,1865-07-14,69,173,69.474
74,1935-01-03,G000232,Carter Glass,VA,2,Democratic,Democrat,1858-01-04,76,364,76.9973
74,1935-01-03,H000334,Carl Atwood Hatch,NM,2,Democratic,Democrat,1889-11-27,45,37,45.1014
74,1935-01-03,M000583,Charles Linza McNary,OR,2,Republican,Republican,1874-06-12,60,205,60.5616
74,1935-01-03,W000396,Wallace Humphrey White,ME,2,Republican,Republican,1877-08-06,57,150,57.411
74,1935-01-03,O000146,John Holmes Overton,LA,3,Democratic,Democrat,1875-09-17,59,108,59.2959
74,1935-01-03,T000164,Elbert Duncan Thomas,UT,3,Democratic,Democrat,1883-06-17,51,200,51.5479
74,1935-01-03,T000177,John William Elmer Thomas,OK,3,Democratic,Democrat,1876-09-08,58,117,58.3205
74,1935-01-03,T000446,Millard Evelyn Tydings,MD,3,Democratic,Democrat,1890-04-06,44,272,44.7452
74,1935-01-03,W000021,Robert Ferdinand Wagner,NY,3,Democratic,Democrat,1877-06-08,57,209,57.5726
74,1935-01-03,T000387,Harry S. Truman,MO,1,Democratic,Democrat,1884-05-08,50,240,50.6575
74,1935-01-03,C000684,Thomas Terry Connally,TX,1,Democratic,Democrat,1877-08-19,57,137,57.3753
74,1935-01-03,M000499,Kenneth Douglas McKellar,TN,1,Democratic,Democrat,1869-01-29,65,339,65.9288
74,1935-01-03,V000025,Arthur Hendrick Vandenberg,MI,1,Republican,Republican,1884-03-22,50,287,50.7863
74,1935-01-03,G000131,Walter Franklin George,GA,3,Democratic,Democrat,1878-01-29,56,339,56.9288
74,1935-01-03,M000308,Patrick Anthony McCarran,NV,3,Democratic,Democrat,1876-08-08,58,148,58.4055
74,1935-01-03,O000088,Joseph Christopher O’Mahoney,WY,1,Democratic,Democrat,1884-11-05,50,59,50.1616
74,1935-01-03,B000145,Alben William Barkley,KY,3,Democratic,Democrat,1877-11-24,57,40,57.1096
74,1935-01-03,M001108,James Edward Murray,MT,2,Democratic,Democrat,1876-05-03,58,245,58.6712
74,1935-01-03,N000023,Matthew Mansfield Neely,WV,2,Democratic,Democrat,1874-11-09,60,55,60.1507
74,1935-01-03,B001208,Harry Flood Byrd,VA,1,Democratic,Democrat,1887-06-10,47,207,47.5671
74,1935-01-03,H000385,Carl Trumbull Hayden,AZ,3,Democratic,Democrat,1877-10-02,57,93,57.2548
74,1935-01-03,R000536,Richard Brevard Russell,GA,2,Democratic,Democrat,1897-11-02,37,62,37.1699
75,1937-01-05,R000347,Joseph Taylor Robinson,AR,2,Democratic,Democrat,1872-08-26,64,132,64.3616
75,1937-01-05,B000499,Hugo Lafayette Black,AL,3,Democratic,Democrat,1886-02-27,50,313,50.8552
75,1937-01-05,B000916,Fred Herbert Brown,NH,3,Democratic,Democrat,1879-04-12,57,268,57.7342
75,1937-01-05,B001045,Robert Johns Bulkley,OH,3,Democratic,Democrat,1880-10-08,56,89,56.2438
75,1937-01-05,D000339,William Henry Dieterich,IL,3,Democratic,Democrat,1876-03-31,60,280,60.7671
75,1937-01-05,D000518,Francis Ryan Duffy,WI,3,Democratic,Democrat,1888-06-23,48,196,48.537
75,1937-01-05,L000409,Augustine Lonergan,CT,3,Democratic,Democrat,1874-05-20,62,230,62.6301
75,1937-01-05,M000293,William Gibbs McAdoo,CA,3,Democratic,Democrat,1863-10-31,73,66,73.1808
75,1937-01-05,M000447,George McGill,KS,3,Democratic,Democrat,1879-02-12,57,328,57.8962
75,1937-01-05,P000430,James Pinckney Pope,ID,3,Democratic,Democrat,1884-03-31,52,280,52.7671
75,1937-01-05,S000848,Frederick Steiwer,OR,3,Republican,Republican,1883-10-13,53,84,53.2301
75,1937-01-05,A000319,Henry Fountain Ashurst,AZ,1,Democratic,Democrat,1874-09-13,62,114,62.3123
75,1937-01-05,B001089,Edward Raymond Burke,NE,1,Democratic,Democrat,1880-11-28,56,38,56.1041
75,1937-01-05,C000769,Royal Samuel Copeland,NY,1,Democratic,Democrat,1868-11-07,68,59,68.1616
75,1937-01-05,D000410,Alvin Victor Donahey,OH,1,Democratic,Democrat,1873-07-07,63,182,63.4986
75,1937-01-05,F000354,Lynn Joseph Frazier,ND,1,Republican,Republican,1874-12-21,62,15,62.0411
75,1937-01-05,H000031,Frederick Hale,ME,1,Republican,Republican,1874-10-07,62,90,62.2466
75,1937-01-05,H000749,Rush Dew Holt,WV,1,Democratic,Democrat,1905-06-19,31,200,31.5479
75,1937-01-05,K000216,William Henry King,UT,1,Democratic,Democrat,1863-06-03,73,216,73.5918
75,1937-01-05,M000800,Sherman Minton,IN,1,Democratic,Democrat,1890-10-20,46,77,46.211
75,1937-01-05,M000893,Arthur Harry Moore,NJ,1,Democratic,Democrat,1877-07-03,59,186,59.5096
75,1937-01-05,P000372,Key Pittman,NV,1,Democratic,Democrat,1872-09-12,64,115,64.3151
75,1937-01-05,S000160,Lewis Baxter Schwellenbach,WA,1,Democratic,Democrat,1894-09-20,42,107,42.2932
75,1937-01-05,T000335,John Gillis Townsend,DE,1,Republican,Republican,1871-05-31,65,219,65.6
75,1937-01-05,B000941,Prentiss Marsh Brown,MI,2,Democratic,Democrat,1889-06-18,47,201,47.5507
75,1937-01-05,H000646,Herbert Emery Hitchcock,SD,3,Democratic,Democrat,1867-08-22,69,136,69.3726
75,1937-01-05,B000634,William Edgar Borah,ID,2,Republican,Republican,1865-06-29,71,190,71.5205
75,1937-01-05,B001055,William John Bulow,SD,2,Democratic,Democrat,1869-01-13,67,358,67.9781
75,1937-01-05,B001215,James Francis Byrnes,SC,2,Democratic,Democrat,1882-05-02,54,248,54.6795
75,1937-01-05,H000265,Byron Patton Harrison,MS,2,Democratic,Democrat,1881-08-29,55,129,55.3534
75,1937-01-05,H000543,Clyde LaVerne Herring,IA,2,Democratic,Democrat,1879-05-03,57,247,57.6767
75,1937-01-05,H000926,James Hurd Hughes,DE,2,Democratic,Democrat,1867-01-14,69,357,69.9754
75,1937-01-05,L000198,Joshua Bryan Lee,OK,2,Democratic,Democrat,1892-01-23,44,348,44.9508
75,1937-01-05,L000284,James Hamilton Lewis,IL,2,Democratic,Democrat,1863-05-18,73,232,73.6356
75,1937-01-05,L000404,Marvel Mills Logan,KY,2,Democratic,Democrat,1874-01-07,62,364,62.9945
75,1937-01-05,L000514,Ernest Lundeen,MN,2,Other,Farmer-Labor,1878-08-04,58,154,58.4219
75,1937-01-05,N000139,George William Norris,NE,2,Other,Independent,1861-07-11,75,178,75.4877
75,1937-01-05,S000157,Henry Herman Schwartz,WY,2,Democratic,Democrat,1869-05-18,67,232,67.6356
75,1937-01-05,S000337,Morris Sheppard,TX,2,Democratic,Democrat,1875-05-28,61,222,61.6082
75,1937-01-05,A000028,Alva Blanchard Adams,CO,3,Democratic,Democrat,1875-10-29,61,68,61.1863
75,1937-01-05,B000614,Homer Truett Bone,WA,3,Democratic,Democrat,1883-01-25,53,346,53.9454
75,1937-01-05,C000138,Hattie Wyatt Caraway,AR,3,Democratic,Democrat,1878-02-01,58,339,58.9262
75,1937-01-05,C000440,Joel Bennett Clark,MO,3,Democratic,Democrat,1890-01-08,46,363,46.9918
75,1937-01-05,D000111,James John Davis,PA,3,Republican,Republican,1873-10-27,63,70,63.1918
75,1937-01-05,G000158,Ernest Willard Gibson,VT,3,Republican,Republican,1872-12-29,64,7,64.0192
75,1937-01-05,N000176,Gerald Prentice Nye,ND,3,Republican,Republican,1892-12-19,44,17,44.0466
75,1937-01-05,R000179,Robert Rice Reynolds,NC,3,Democratic,Democrat,1884-06-18,52,201,52.5507
75,1937-01-05,S000530,Ellison DuRant Smith,SC,3,Democratic,Democrat,1864-08-01,72,157,72.4301
75,1937-01-05,V000050,Frederick Van Nuys,IN,3,Democratic,Democrat,1874-04-16,62,264,62.7233
75,1937-01-05,A000244,Charles Oscar Andrews,FL,1,Democratic,Democrat,1877-03-07,59,304,59.8329
75,1937-01-05,A000342,Warren Robinson Austin,VT,1,Republican,Republican,1877-11-12,59,54,59.1479
75,1937-01-05,B000460,Theodore Gilmore Bilbo,MS,1,Democratic,Democrat,1877-10-13,59,84,59.2301
75,1937-01-05,G000141,Peter Goelet Gerry,RI,1,Democratic,Democrat,1879-09-18,57,109,57.2986
75,1937-01-05,G000519,Joseph F. Guffey,PA,1,Democratic,Democrat,1870-12-29,66,7,66.0192
75,1937-01-05,J000140,Hiram Warren Johnson,CA,1,Republican,Republican,1866-09-02,70,125,70.3425
75,1937-01-05,L000005,Robert Marion La Follette,WI,1,Other,Progressive,1895-02-06,41,334,41.9126
75,1937-01-05,M000088,Francis Thomas Maloney,CT,1,Democratic,Democrat,1894-03-31,42,280,42.7671
75,1937-01-05,R000006,George Lovic Pierce Radcliffe,MD,1,Democratic,Democrat,1877-08-22,59,136,59.3726
75,1937-01-05,S000369,Henrik Shipstead,MN,1,Republican,Republican,1881-01-08,55,363,55.9918
75,1937-01-05,W000097,David Ignatius Walsh,MA,1,Democratic,Democrat,1872-11-11,64,55,64.1507
75,1937-01-05,W000330,Burton Kendall Wheeler,MT,1,Democratic,Democrat,1882-02-27,54,313,54.8552
75,1937-01-05,B000046,Josiah William Bailey,NC,2,Democratic,Democrat,1873-09-14,63,113,63.3096
75,1937-01-05,B000111,John Hollis Bankhead,AL,2,Democratic,Democrat,1872-07-08,64,181,64.4959
75,1937-01-05,C000133,Arthur Capper,KS,2,Republican,Republican,1865-07-14,71,175,71.4795
75,1937-01-05,G000232,Carter Glass,VA,2,Democratic,Democrat,1858-01-04,79,1,79.0027
75,1937-01-05,H000334,Carl Atwood Hatch,NM,2,Democratic,Democrat,1889-11-27,47,39,47.1068
75,1937-01-05,M000583,Charles Linza McNary,OR,2,Republican,Republican,1874-06-12,62,207,62.5671
75,1937-01-05,W000396,Wallace Humphrey White,ME,2,Republican,Republican,1877-08-06,59,152,59.4164
75,1937-01-05,O000146,John Holmes Overton,LA,3,Democratic,Democrat,1875-09-17,61,110,61.3014
75,1937-01-05,T000164,Elbert Duncan Thomas,UT,3,Democratic,Democrat,1883-06-17,53,202,53.5534
75,1937-01-05,T000177,John William Elmer Thomas,OK,3,Democratic,Democrat,1876-09-08,60,119,60.326
75,1937-01-05,T000446,Millard Evelyn Tydings,MD,3,Democratic,Democrat,1890-04-06,46,274,46.7507
75,1937-01-05,W000021,Robert Ferdinand Wagner,NY,3,Democratic,Democrat,1877-06-08,59,211,59.5781
75,1937-01-05,T000387,Harry S. Truman,MO,1,Democratic,Democrat,1884-05-08,52,242,52.663
75,1937-01-05,C000684,Thomas Terry Connally,TX,1,Democratic,Democrat,1877-08-19,59,139,59.3808
75,1937-01-05,L000394,Henry Cabot Lodge,MA,2,Republican,Republican,1902-07-05,34,184,34.5041
75,1937-01-05,M000499,Kenneth Douglas McKellar,TN,1,Democratic,Democrat,1869-01-29,67,342,67.9344
75,1937-01-05,V000025,Arthur Hendrick Vandenberg,MI,1,Republican,Republican,1884-03-22,52,289,52.7918
75,1937-01-05,G000205,Guy Mark Gillette,IA,3,Democratic,Democrat,1879-02-03,57,337,57.9208
75,1937-01-05,J000127,Edwin Carl Johnson,CO,2,Democratic,Democrat,1884-01-01,53,4,53.011
75,1937-01-05,G000131,Walter Franklin George,GA,3,Democratic,Democrat,1878-01-29,58,342,58.9344
75,1937-01-05,M000308,Patrick Anthony McCarran,NV,3,Democratic,Democrat,1876-08-08,60,150,60.411
75,1937-01-05,O000088,Joseph Christopher O’Mahoney,WY,1,Democratic,Democrat,1884-11-05,52,61,52.1671
75,1937-01-05,B000145,Alben William Barkley,KY,3,Democratic,Democrat,1877-11-24,59,42,59.1151
75,1937-01-05,B000823,Henry Styles Bridges,NH,2,Republican,Republican,1898-09-09,38,118,38.3233
75,1937-01-05,G000418,Theodore Francis Green,RI,2,Democratic,Democrat,1867-10-02,69,95,69.2603
75,1937-01-05,M001108,James Edward Murray,MT,2,Democratic,Democrat,1876-05-03,60,247,60.6767
75,1937-01-05,N000023,Matthew Mansfield Neely,WV,2,Democratic,Democrat,1874-11-09,62,57,62.1562
75,1937-01-05,B001208,Harry Flood Byrd,VA,1,Democratic,Democrat,1887-06-10,49,209,49.5726
75,1937-01-05,C000338,Dennis Chavez,NM,1,Democratic,Democrat,1888-04-08,48,272,48.7452
75,1937-01-05,H000385,Carl Trumbull Hayden,AZ,3,Democratic,Democrat,1877-10-02,59,95,59.2603
75,1937-01-05,E000112,Allen Joseph Ellender,LA,2,Democratic,Democrat,1890-09-24,46,103,46.2822
75,1937-01-05,R000536,Richard Brevard Russell,GA,2,Democratic,Democrat,1897-11-02,39,64,39.1753
75,1937-01-05,P000218,Claude Denson Pepper,FL,3,Democratic,Democrat,1900-09-08,36,119,36.326
76,1939-01-03,A000319,Henry Fountain Ashurst,AZ,1,Democratic,Democrat,1874-09-13,64,112,64.3068
76,1939-01-03,B001089,Edward Raymond Burke,NE,1,Democratic,Democrat,1880-11-28,58,36,58.0986
76,1939-01-03,D000410,Alvin Victor Donahey,OH,1,Democratic,Democrat,1873-07-07,65,180,65.4932
76,1939-01-03,F000354,Lynn Joseph Frazier,ND,1,Republican,Republican,1874-12-21,64,13,64.0356
76,1939-01-03,H000031,Frederick Hale,ME,1,Republican,Republican,1874-10-07,64,88,64.2411
76,1939-01-03,H000749,Rush Dew Holt,WV,1,Democratic,Democrat,1905-06-19,33,198,33.5425
76,1939-01-03,K000216,William Henry King,UT,1,Democratic,Democrat,1863-06-03,75,214,75.5863
76,1939-01-03,M000800,Sherman Minton,IN,1,Democratic,Democrat,1890-10-20,48,75,48.2055
76,1939-01-03,P000372,Key Pittman,NV,1,Democratic,Democrat,1872-09-12,66,113,66.3096
76,1939-01-03,S000160,Lewis Baxter Schwellenbach,WA,1,Democratic,Democrat,1894-09-20,44,105,44.2877
76,1939-01-03,T000335,John Gillis Townsend,DE,1,Republican,Republican,1871-05-31,67,217,67.5945
76,1939-01-03,B000941,Prentiss Marsh Brown,MI,2,Democratic,Democrat,1889-06-18,49,199,49.5452
76,1939-01-03,B000634,William Edgar Borah,ID,2,Republican,Republican,1865-06-29,73,188,73.5151
76,1939-01-03,B001055,William John Bulow,SD,2,Democratic,Democrat,1869-01-13,69,355,69.9726
76,1939-01-03,B001215,James Francis Byrnes,SC,2,Democratic,Democrat,1882-05-02,56,246,56.674
76,1939-01-03,H000265,Byron Patton Harrison,MS,2,Democratic,Democrat,1881-08-29,57,127,57.3479
76,1939-01-03,H000543,Clyde LaVerne Herring,IA,2,Democratic,Democrat,1879-05-03,59,245,59.6712
76,1939-01-03,H000926,James Hurd Hughes,DE,2,Democratic,Democrat,1867-01-14,71,354,71.9699
76,1939-01-03,L000198,Joshua Bryan Lee,OK,2,Democratic,Democrat,1892-01-23,46,345,46.9452
76,1939-01-03,L000284,James Hamilton Lewis,IL,2,Democratic,Democrat,1863-05-18,75,230,75.6301
76,1939-01-03,L000404,Marvel Mills Logan,KY,2,Democratic,Democrat,1874-01-07,64,361,64.989
76,1939-01-03,L000514,Ernest Lundeen,MN,2,Other,Farmer-Labor,1878-08-04,60,152,60.4164
76,1939-01-03,M000738,John Elvis Miller,AR,2,Democratic,Democrat,1888-05-15,50,233,50.6384
76,1939-01-03,N000139,George William Norris,NE,2,Other,Independent,1861-07-11,77,176,77.4822
76,1939-01-03,S000157,Henry Herman Schwartz,WY,2,Democratic,Democrat,1869-05-18,69,230,69.6301
76,1939-01-03,S000337,Morris Sheppard,TX,2,Democratic,Democrat,1875-05-28,63,220,63.6027
76,1939-01-03,S000506,William Howell Smathers,NJ,2,Democratic,Democrat,1891-01-07,47,361,47.989
76,1939-01-03,A000028,Alva Blanchard Adams,CO,3,Democratic,Democrat,1875-10-29,63,66,63.1808
76,1939-01-03,B000614,Homer Truett Bone,WA,3,Democratic,Democrat,1883-01-25,55,343,55.9397
76,1939-01-03,C000138,Hattie Wyatt Caraway,AR,3,Democratic,Democrat,1878-02-01,60,336,60.9205
76,1939-01-03,C000428,David Worth Clark,ID,3,Democratic,Democrat,1902-04-02,36,276,36.7562
76,1939-01-03,C000440,Joel Bennett Clark,MO,3,Democratic,Democrat,1890-01-08,48,360,48.9863
76,1939-01-03,D000025,John Anthony Danaher,CT,3,Republican,Republican,1899-01-09,39,359,39.9836
76,1939-01-03,D000111,James John Davis,PA,3,Republican,Republican,1873-10-27,65,68,65.1863
76,1939-01-03,G000158,Ernest Willard Gibson,VT,3,Republican,Republican,1872-12-29,66,5,66.0137
76,1939-01-03,H000731,Rufus Cecil Holman,OR,3,Republican,Republican,1877-10-14,61,81,61.2219
76,1939-01-03,N000176,Gerald Prentice Nye,ND,3,Republican,Republican,1892-12-19,46,15,46.0411
76,1939-01-03,R000179,Robert Rice Reynolds,NC,3,Democratic,Democrat,1884-06-18,54,199,54.5452
76,1939-01-03,S000530,Ellison DuRant Smith,SC,3,Democratic,Democrat,1864-08-01,74,155,74.4247
76,1939-01-03,V000050,Frederick Van Nuys,IN,3,Democratic,Democrat,1874-04-16,64,262,64.7178
76,1939-01-03,A000244,Charles Oscar Andrews,FL,1,Democratic,Democrat,1877-03-07,61,302,61.8274
76,1939-01-03,A000342,Warren Robinson Austin,VT,1,Republican,Republican,1877-11-12,61,52,61.1425
76,1939-01-03,B000132,William Warren Barbour,NJ,1,Republican,Republican,1888-07-31,50,156,50.4274
76,1939-01-03,B000460,Theodore Gilmore Bilbo,MS,1,Democratic,Democrat,1877-10-13,61,82,61.2247
76,1939-01-03,G000141,Peter Goelet Gerry,RI,1,Democratic,Democrat,1879-09-18,59,107,59.2932
76,1939-01-03,G000519,Joseph F. Guffey,PA,1,Democratic,Democrat,1870-12-29,68,5,68.0137
76,1939-01-03,J000140,Hiram Warren Johnson,CA,1,Republican,Republican,1866-09-02,72,123,72.337
76,1939-01-03,L000005,Robert Marion La Follette,WI,1,Other,Progressive,1895-02-06,43,331,43.9068
76,1939-01-03,M000088,Francis Thomas Maloney,CT,1,Democratic,Democrat,1894-03-31,44,278,44.7616
76,1939-01-03,M000615,James Michael Mead,NY,1,Democratic,Democrat,1885-12-27,53,7,53.0192
76,1939-01-03,R000006,George Lovic Pierce Radcliffe,MD,1,Democratic,Democrat,1877-08-22,61,134,61.3671
76,1939-01-03,S000369,Henrik Shipstead,MN,1,Republican,Republican,1881-01-08,57,360,57.9863
76,1939-01-03,W000097,David Ignatius Walsh,MA,1,Democratic,Democrat,1872-11-11,66,53,66.1452
76,1939-01-03,W000330,Burton Kendall Wheeler,MT,1,Democratic,Democrat,1882-02-27,56,310,56.8493
76,1939-01-03,B000046,Josiah William Bailey,NC,2,Democratic,Democrat,1873-09-14,65,111,65.3041
76,1939-01-03,B000111,John Hollis Bankhead,AL,2,Democratic,Democrat,1872-07-08,66,179,66.4904
76,1939-01-03,C000133,Arthur Capper,KS,2,Republican,Republican,1865-07-14,73,173,73.474
76,1939-01-03,G000232,Carter Glass,VA,2,Democratic,Democrat,1858-01-04,80,364,80.9973
76,1939-01-03,H000334,Carl Atwood Hatch,NM,2,Democratic,Democrat,1889-11-27,49,37,49.1014
76,1939-01-03,M000583,Charles Linza McNary,OR,2,Republican,Republican,1874-06-12,64,205,64.5616
76,1939-01-03,S000901,Arthur Thomas Stewart,TN,2,Democratic,Democrat,1892-01-11,46,357,46.9781
76,1939-01-03,W000396,Wallace Humphrey White,ME,2,Republican,Republican,1877-08-06,61,150,61.411
76,1939-01-03,D000469,Sheridan Downey,CA,3,Democratic,Democrat,1884-03-11,54,298,54.8164
76,1939-01-03,G000532,John Chandler Gurney,SD,3,Republican,Republican,1896-05-21,42,227,42.6219
76,1939-01-03,L000493,Scott Wike Lucas,IL,3,Democratic,Democrat,1892-02-19,46,318,46.8712
76,1939-01-03,O000146,John Holmes Overton,LA,3,Democratic,Democrat,1875-09-17,63,108,63.2959
76,1939-01-03,R000112,Clyde Martin Reed,KS,3,Republican,Republican,1871-10-19,67,76,67.2082
76,1939-01-03,T000164,Elbert Duncan Thomas,UT,3,Democratic,Democrat,1883-06-17,55,200,55.5479
76,1939-01-03,T000177,John William Elmer Thomas,OK,3,Democratic,Democrat,1876-09-08,62,117,62.3205
76,1939-01-03,T000446,Millard Evelyn Tydings,MD,3,Democratic,Democrat,1890-04-06,48,272,48.7452
76,1939-01-03,W000021,Robert Ferdinand Wagner,NY,3,Democratic,Democrat,1877-06-08,61,209,61.5726
76,1939-01-03,T000387,Harry S. Truman,MO,1,Democratic,Democrat,1884-05-08,54,240,54.6575
76,1939-01-03,C000684,Thomas Terry Connally,TX,1,Democratic,Democrat,1877-08-19,61,137,61.3753
76,1939-01-03,L000394,Henry Cabot Lodge,MA,2,Republican,Republican,1902-07-05,36,182,36.4986
76,1939-01-03,M000499,Kenneth Douglas McKellar,TN,1,Democratic,Democrat,1869-01-29,69,339,69.9288
76,1939-01-03,V000025,Arthur Hendrick Vandenberg,MI,1,Republican,Republican,1884-03-22,54,287,54.7863
76,1939-01-03,G000205,Guy Mark Gillette,IA,3,Democratic,Democrat,1879-02-03,59,334,59.9151
76,1939-01-03,J000127,Edwin Carl Johnson,CO,2,Democratic,Democrat,1884-01-01,55,2,55.0055
76,1939-01-03,G000131,Walter Franklin George,GA,3,Democratic,Democrat,1878-01-29,60,339,60.9288
76,1939-01-03,M000308,Patrick Anthony McCarran,NV,3,Democratic,Democrat,1876-08-08,62,148,62.4055
76,1939-01-03,T000009,Robert Alphonso Taft,OH,3,Republican,Republican,1889-09-08,49,117,49.3205
76,1939-01-03,T000289,Charles William Tobey,NH,3,Republican,Republican,1880-07-22,58,165,58.4521
76,1939-01-03,O000088,Joseph Christopher O’Mahoney,WY,1,Democratic,Democrat,1884-11-05,54,59,54.1616
76,1939-01-03,B000145,Alben William Barkley,KY,3,Democratic,Democrat,1877-11-24,61,40,61.1096
76,1939-01-03,B000823,Henry Styles Bridges,NH,2,Republican,Republican,1898-09-09,40,116,40.3178
76,1939-01-03,G000418,Theodore Francis Green,RI,2,Democratic,Democrat,1867-10-02,71,93,71.2548
76,1939-01-03,M001108,James Edward Murray,MT,2,Democratic,Democrat,1876-05-03,62,245,62.6712
76,1939-01-03,N000023,Matthew Mansfield Neely,WV,2,Democratic,Democrat,1874-11-09,64,55,64.1507
76,1939-01-03,W000465,Alexander Wiley,WI,3,Republican,Republican,1884-05-26,54,222,54.6082
76,1939-01-03,B001208,Harry Flood Byrd,VA,1,Democratic,Democrat,1887-06-10,51,207,51.5671
76,1939-01-03,C000338,Dennis Chavez,NM,1,Democratic,Democrat,1888-04-08,50,270,50.7397
76,1939-01-03,H000385,Carl Trumbull Hayden,AZ,3,Democratic,Democrat,1877-10-02,61,93,61.2548
76,1939-01-03,H000598,Joseph Lister Hill,AL,3,Democratic,Democrat,1894-12-29,44,5,44.0137
76,1939-01-03,E000112,Allen Joseph Ellender,LA,2,Democratic,Democrat,1890-09-24,48,101,48.2767
76,1939-01-03,R000536,Richard Brevard Russell,GA,2,Democratic,Democrat,1897-11-02,41,62,41.1699
76,1939-01-03,P000218,Claude Denson Pepper,FL,3,Democratic,Democrat,1900-09-08,38,117,38.3205
77,1941-01-03,B000941,Prentiss Marsh Brown,MI,2,Democratic,Democrat,1889-06-18,51,199,51.5452
77,1941-01-03,B001055,William John Bulow,SD,2,Democratic,Democrat,1869-01-13,71,356,71.9727
77,1941-01-03,B001215,James Francis Byrnes,SC,2,Democratic,Democrat,1882-05-02,58,246,58.674
77,1941-01-03,H000265,Byron Patton Harrison,MS,2,Democratic,Democrat,1881-08-29,59,127,59.3479
77,1941-01-03,H000543,Clyde LaVerne Herring,IA,2,Democratic,Democrat,1879-05-03,61,245,61.6712
77,1941-01-03,H000926,James Hurd Hughes,DE,2,Democratic,Democrat,1867-01-14,73,355,73.9699
77,1941-01-03,L000198,Joshua Bryan Lee,OK,2,Democratic,Democrat,1892-01-23,48,346,48.9454
77,1941-01-03,M000738,John Elvis Miller,AR,2,Democratic,Democrat,1888-05-15,52,233,52.6384
77,1941-01-03,N000139,George William Norris,NE,2,Other,Independent,1861-07-11,79,176,79.4822
77,1941-01-03,S000157,Henry Herman Schwartz,WY,2,Democratic,Democrat,1869-05-18,71,230,71.6301
77,1941-01-03,S000337,Morris Sheppard,TX,2,Democratic,Democrat,1875-05-28,65,220,65.6027
77,1941-01-03,S000506,William Howell Smathers,NJ,2,Democratic,Democrat,1891-01-07,49,362,49.9891
77,1941-01-03,A000028,Alva Blanchard Adams,CO,3,Democratic,Democrat,1875-10-29,65,66,65.1808
77,1941-01-03,B000614,Homer Truett Bone,WA,3,Democratic,Democrat,1883-01-25,57,344,57.9399
77,1941-01-03,C000138,Hattie Wyatt Caraway,AR,3,Democratic,Democrat,1878-02-01,62,337,62.9208
77,1941-01-03,C000428,David Worth Clark,ID,3,Democratic,Democrat,1902-04-02,38,276,38.7562
77,1941-01-03,C000440,Joel Bennett Clark,MO,3,Democratic,Democrat,1890-01-08,50,361,50.9863
77,1941-01-03,D000025,John Anthony Danaher,CT,3,Republican,Republican,1899-01-09,41,360,41.9836
77,1941-01-03,D000111,James John Davis,PA,3,Republican,Republican,1873-10-27,67,68,67.1863
77,1941-01-03,H000731,Rufus Cecil Holman,OR,3,Republican,Republican,1877-10-14,63,81,63.2219
77,1941-01-03,N000176,Gerald Prentice Nye,ND,3,Republican,Republican,1892-12-19,48,15,48.0411
77,1941-01-03,R000179,Robert Rice Reynolds,NC,3,Democratic,Democrat,1884-06-18,56,199,56.5452
77,1941-01-03,S000530,Ellison DuRant Smith,SC,3,Democratic,Democrat,1864-08-01,76,155,76.4247
77,1941-01-03,V000050,Frederick Van Nuys,IN,3,Democratic,Democrat,1874-04-16,66,262,66.7178
77,1941-01-03,W000088,Monrad Charles Wallgren,WA,1,Democratic,Democrat,1891-04-17,49,261,49.7151
77,1941-01-03,A000244,Charles Oscar Andrews,FL,1,Democratic,Democrat,1877-03-07,63,302,63.8274
77,1941-01-03,A000342,Warren Robinson Austin,VT,1,Republican,Republican,1877-11-12,63,52,63.1425
77,1941-01-03,B000132,William Warren Barbour,NJ,1,Republican,Republican,1888-07-31,52,156,52.4274
77,1941-01-03,B000460,Theodore Gilmore Bilbo,MS,1,Democratic,Democrat,1877-10-13,63,82,63.2247
77,1941-01-03,B001150,Harold Hitz Burton,OH,1,Republican,Republican,1888-06-22,52,195,52.5342
77,1941-01-03,G000141,Peter Goelet Gerry,RI,1,Democratic,Democrat,1879-09-18,61,107,61.2932
77,1941-01-03,G000519,Joseph F. Guffey,PA,1,Democratic,Democrat,1870-12-29,70,5,70.0137
77,1941-01-03,J000140,Hiram Warren Johnson,CA,1,Republican,Republican,1866-09-02,74,123,74.337
77,1941-01-03,L000005,Robert Marion La Follette,WI,1,Other,Progressive,1895-02-06,45,332,45.9071
77,1941-01-03,M000088,Francis Thomas Maloney,CT,1,Democratic,Democrat,1894-03-31,46,278,46.7616
77,1941-01-03,M000615,James Michael Mead,NY,1,Democratic,Democrat,1885-12-27,55,7,55.0192
77,1941-01-03,M001082,Orrice Abram Murdock,UT,1,Democratic,Democrat,1893-07-18,47,169,47.463
77,1941-01-03,R000006,George Lovic Pierce Radcliffe,MD,1,Democratic,Democrat,1877-08-22,63,134,63.3671
77,1941-01-03,S000369,Henrik Shipstead,MN,1,Republican,Republican,1881-01-08,59,361,59.9863
77,1941-01-03,T000409,James Miller Tunnell,DE,1,Democratic,Democrat,1879-08-02,61,154,61.4219
77,1941-01-03,W000097,David Ignatius Walsh,MA,1,Democratic,Democrat,1872-11-11,68,53,68.1452
77,1941-01-03,W000330,Burton Kendall Wheeler,MT,1,Democratic,Democrat,1882-02-27,58,311,58.8497
77,1941-01-03,W000563,Raymond Eugene Willis,IN,1,Republican,Republican,1875-08-11,65,145,65.3973
77,1941-01-03,B000046,Josiah William Bailey,NC,2,Democratic,Democrat,1873-09-14,67,111,67.3041
77,1941-01-03,B000099,Joseph Hurst Ball,MN,2,Republican,Republican,1905-11-03,35,61,35.1671
77,1941-01-03,B000111,John Hollis Bankhead,AL,2,Democratic,Democrat,1872-07-08,68,179,68.4904
77,1941-01-03,B000874,Charles Wayland Brooks,IL,2,Republican,Republican,1897-03-08,43,301,43.8247
77,1941-01-03,C000133,Arthur Capper,KS,2,Republican,Republican,1865-07-14,75,173,75.474
77,1941-01-03,C000290,Albert Benjamin Chandler,KY,2,Democratic,Democrat,1898-07-14,42,173,42.474
77,1941-01-03,G000232,Carter Glass,VA,2,Democratic,Democrat,1858-01-04,82,365,82.9973
77,1941-01-03,H000334,Carl Atwood Hatch,NM,2,Democratic,Democrat,1889-11-27,51,37,51.1014
77,1941-01-03,M000583,Charles Linza McNary,OR,2,Republican,Republican,1874-06-12,66,205,66.5616
77,1941-01-03,S000901,Arthur Thomas Stewart,TN,2,Democratic,Democrat,1892-01-11,48,358,48.9781
77,1941-01-03,T000172,John Thomas,ID,2,Republican,Republican,1874-01-04,66,365,66.9973
77,1941-01-03,W000396,Wallace Humphrey White,ME,2,Republican,Republican,1877-08-06,63,150,63.411
77,1941-01-03,B001061,Berkeley Lloyd Bunker,NV,1,Democratic,Democrat,1906-08-12,34,144,34.3945
77,1941-01-03,D000469,Sheridan Downey,CA,3,Democratic,Democrat,1884-03-11,56,298,56.8164
77,1941-01-03,G000532,John Chandler Gurney,SD,3,Republican,Republican,1896-05-21,44,227,44.6219
77,1941-01-03,L000493,Scott Wike Lucas,IL,3,Democratic,Democrat,1892-02-19,48,319,48.8716
77,1941-01-03,O000146,John Holmes Overton,LA,3,Democratic,Democrat,1875-09-17,65,108,65.2959
77,1941-01-03,R000112,Clyde Martin Reed,KS,3,Republican,Republican,1871-10-19,69,76,69.2082
77,1941-01-03,T000164,Elbert Duncan Thomas,UT,3,Democratic,Democrat,1883-06-17,57,200,57.5479
77,1941-01-03,T000177,John William Elmer Thomas,OK,3,Democratic,Democrat,1876-09-08,64,117,64.3205
77,1941-01-03,T000446,Millard Evelyn Tydings,MD,3,Democratic,Democrat,1890-04-06,50,272,50.7452
77,1941-01-03,W000021,Robert Ferdinand Wagner,NY,3,Democratic,Democrat,1877-06-08,63,209,63.5726
77,1941-01-03,T000387,Harry S. Truman,MO,1,Democratic,Democrat,1884-05-08,56,240,56.6575
77,1941-01-03,B000816,Ralph Owen Brewster,ME,1,Republican,Republican,1888-02-22,52,316,52.8634
77,1941-01-03,C000684,Thomas Terry Connally,TX,1,Democratic,Democrat,1877-08-19,63,137,63.3753
77,1941-01-03,L000394,Henry Cabot Lodge,MA,2,Republican,Republican,1902-07-05,38,182,38.4986
77,1941-01-03,M000438,Ernest William McFarland,AZ,1,Democratic,Democrat,1894-10-09,46,86,46.2356
77,1941-01-03,M000499,Kenneth Douglas McKellar,TN,1,Democratic,Democrat,1869-01-29,71,340,71.929
77,1941-01-03,V000025,Arthur Hendrick Vandenberg,MI,1,Republican,Republican,1884-03-22,56,287,56.7863
77,1941-01-03,G000205,Guy Mark Gillette,IA,3,Democratic,Democrat,1879-02-03,61,335,61.9153
77,1941-01-03,J000127,Edwin Carl Johnson,CO,2,Democratic,Democrat,1884-01-01,57,2,57.0055
77,1941-01-03,G000131,Walter Franklin George,GA,3,Democratic,Democrat,1878-01-29,62,340,62.929
77,1941-01-03,M000308,Patrick Anthony McCarran,NV,3,Democratic,Democrat,1876-08-08,64,148,64.4055
77,1941-01-03,T000009,Robert Alphonso Taft,OH,3,Republican,Republican,1889-09-08,51,117,51.3205
77,1941-01-03,T000289,Charles William Tobey,NH,3,Republican,Republican,1880-07-22,60,165,60.4521
77,1941-01-03,B001177,Hugh Alfred Butler,NE,1,Republican,Republican,1878-02-28,62,310,62.847
77,1941-01-03,K000176,Harley Martin Kilgore,WV,1,Democratic,Democrat,1893-01-11,47,358,47.9781
77,1941-01-03,L000070,William Langer,ND,1,Republican,Republican,1886-09-30,54,95,54.2603
77,1941-01-03,O000088,Joseph Christopher O’Mahoney,WY,1,Democratic,Democrat,1884-11-05,56,59,56.1616
77,1941-01-03,B000145,Alben William Barkley,KY,3,Democratic,Democrat,1877-11-24,63,40,63.1096
77,1941-01-03,B000823,Henry Styles Bridges,NH,2,Republican,Republican,1898-09-09,42,116,42.3178
77,1941-01-03,G000418,Theodore Francis Green,RI,2,Democratic,Democrat,1867-10-02,73,93,73.2548
77,1941-01-03,M001108,James Edward Murray,MT,2,Democratic,Democrat,1876-05-03,64,245,64.6712
77,1941-01-03,N000023,Matthew Mansfield Neely,WV,2,Democratic,Democrat,1874-11-09,66,55,66.1507
77,1941-01-03,W000465,Alexander Wiley,WI,3,Republican,Republican,1884-05-26,56,222,56.6082
77,1941-01-03,B001208,Harry Flood Byrd,VA,1,Democratic,Democrat,1887-06-10,53,207,53.5671
77,1941-01-03,C000338,Dennis Chavez,NM,1,Democratic,Democrat,1888-04-08,52,270,52.7397
77,1941-01-03,H000385,Carl Trumbull Hayden,AZ,3,Democratic,Democrat,1877-10-02,63,93,63.2548
77,1941-01-03,H000598,Joseph Lister Hill,AL,3,Democratic,Democrat,1894-12-29,46,5,46.0137
77,1941-01-03,E000112,Allen Joseph Ellender,LA,2,Democratic,Democrat,1890-09-24,50,101,50.2767
77,1941-01-03,R000536,Richard Brevard Russell,GA,2,Democratic,Democrat,1897-11-02,43,62,43.1699
77,1941-01-03,P000218,Claude Denson Pepper,FL,3,Democratic,Democrat,1900-09-08,40,117,40.3205
78,1943-01-06,B000614,Homer Truett Bone,WA,3,Democratic,Democrat,1883-01-25,59,346,59.9479
78,1943-01-06,C000138,Hattie Wyatt Caraway,AR,3,Democratic,Democrat,1878-02-01,64,339,64.9288
78,1943-01-06,C000428,David Worth Clark,ID,3,Democratic,Democrat,1902-04-02,40,279,40.7644
78,1943-01-06,C000440,Joel Bennett Clark,MO,3,Democratic,Democrat,1890-01-08,52,363,52.9945
78,1943-01-06,D000025,John Anthony Danaher,CT,3,Republican,Republican,1899-01-09,43,362,43.9918
78,1943-01-06,D000111,James John Davis,PA,3,Republican,Republican,1873-10-27,69,71,69.1945
78,1943-01-06,H000731,Rufus Cecil Holman,OR,3,Republican,Republican,1877-10-14,65,84,65.2301
78,1943-01-06,N000176,Gerald Prentice Nye,ND,3,Republican,Republican,1892-12-19,50,18,50.0493
78,1943-01-06,R000179,Robert Rice Reynolds,NC,3,Democratic,Democrat,1884-06-18,58,202,58.5534
78,1943-01-06,S000530,Ellison DuRant Smith,SC,3,Democratic,Democrat,1864-08-01,78,158,78.4329
78,1943-01-06,V000050,Frederick Van Nuys,IN,3,Democratic,Democrat,1874-04-16,68,265,68.726
78,1943-01-06,W000088,Monrad Charles Wallgren,WA,1,Democratic,Democrat,1891-04-17,51,264,51.7233
78,1943-01-06,A000244,Charles Oscar Andrews,FL,1,Democratic,Democrat,1877-03-07,65,305,65.8356
78,1943-01-06,A000342,Warren Robinson Austin,VT,1,Republican,Republican,1877-11-12,65,55,65.1507
78,1943-01-06,B000132,William Warren Barbour,NJ,1,Republican,Republican,1888-07-31,54,159,54.4356
78,1943-01-06,B000460,Theodore Gilmore Bilbo,MS,1,Democratic,Democrat,1877-10-13,65,85,65.2329
78,1943-01-06,B001150,Harold Hitz Burton,OH,1,Republican,Republican,1888-06-22,54,198,54.5425
78,1943-01-06,G000141,Peter Goelet Gerry,RI,1,Democratic,Democrat,1879-09-18,63,110,63.3014
78,1943-01-06,G000519,Joseph F. Guffey,PA,1,Democratic,Democrat,1870-12-29,72,8,72.0219
78,1943-01-06,J000140,Hiram Warren Johnson,CA,1,Republican,Republican,1866-09-02,76,126,76.3452
78,1943-01-06,L000005,Robert Marion La Follette,WI,1,Other,Progressive,1895-02-06,47,334,47.9151
78,1943-01-06,M000088,Francis Thomas Maloney,CT,1,Democratic,Democrat,1894-03-31,48,281,48.7699
78,1943-01-06,M000615,James Michael Mead,NY,1,Democratic,Democrat,1885-12-27,57,10,57.0274
78,1943-01-06,M001082,Orrice Abram Murdock,UT,1,Democratic,Democrat,1893-07-18,49,172,49.4712
78,1943-01-06,R000006,George Lovic Pierce Radcliffe,MD,1,Democratic,Democrat,1877-08-22,65,137,65.3753
78,1943-01-06,S000369,Henrik Shipstead,MN,1,Republican,Republican,1881-01-08,61,363,61.9945
78,1943-01-06,T000409,James Miller Tunnell,DE,1,Democratic,Democrat,1879-08-02,63,157,63.4301
78,1943-01-06,W000097,David Ignatius Walsh,MA,1,Democratic,Democrat,1872-11-11,70,56,70.1534
78,1943-01-06,W000330,Burton Kendall Wheeler,MT,1,Democratic,Democrat,1882-02-27,60,313,60.8575
78,1943-01-06,W000563,Raymond Eugene Willis,IN,1,Republican,Republican,1875-08-11,67,148,67.4055
78,1943-01-06,S000196,James Graves Scrugham,NV,1,Democratic,Democrat,1880-01-19,62,352,62.9644
78,1943-01-06,B000046,Josiah William Bailey,NC,2,Democratic,Democrat,1873-09-14,69,114,69.3123
78,1943-01-06,B000099,Joseph Hurst Ball,MN,2,Republican,Republican,1905-11-03,37,64,37.1753
78,1943-01-06,B000111,John Hollis Bankhead,AL,2,Democratic,Democrat,1872-07-08,70,182,70.4986
78,1943-01-06,B000874,Charles Wayland Brooks,IL,2,Republican,Republican,1897-03-08,45,304,45.8329
78,1943-01-06,B001013,Clayton Douglass Buck,DE,2,Republican,Republican,1890-03-21,52,291,52.7973
78,1943-01-06,B001168,Harlan John Bushfield,SD,2,Republican,Republican,1882-08-06,60,153,60.4192
78,1943-01-06,C000133,Arthur Capper,KS,2,Republican,Republican,1865-07-14,77,176,77.4822
78,1943-01-06,C000290,Albert Benjamin Chandler,KY,2,Democratic,Democrat,1898-07-14,44,176,44.4822
78,1943-01-06,G000232,Carter Glass,VA,2,Democratic,Democrat,1858-01-04,85,2,85.0055
78,1943-01-06,H000334,Carl Atwood Hatch,NM,2,Democratic,Democrat,1889-11-27,53,40,53.1096
78,1943-01-06,H000365,Albert Wahl Hawkes,NJ,2,Republican,Republican,1878-11-20,64,47,64.1288
78,1943-01-06,M000583,Charles Linza McNary,OR,2,Republican,Republican,1874-06-12,68,208,68.5699
78,1943-01-06,M000895,Edward Hall Moore,OK,2,Republican,Republican,1871-11-19,71,48,71.1315
78,1943-01-06,O000034,Wilbert Lee O’Daniel,TX,2,Democratic,Democrat,1890-03-11,52,301,52.8247
78,1943-01-06,R000320,Edward Vivian Robertson,WY,2,Republican,Republican,1881-05-27,61,224,61.6137
78,1943-01-06,S000901,Arthur Thomas Stewart,TN,2,Democratic,Democrat,1892-01-11,50,360,50.9863
78,1943-01-06,T000172,John Thomas,ID,2,Republican,Republican,1874-01-04,69,2,69.0055
78,1943-01-06,W000396,Wallace Humphrey White,ME,2,Republican,Republican,1877-08-06,65,153,65.4192
78,1943-01-06,W000581,George Allison Wilson,IA,2,Republican,Republican,1884-04-01,58,280,58.7671
78,1943-01-06,D000469,Sheridan Downey,CA,3,Democratic,Democrat,1884-03-11,58,301,58.8247
78,1943-01-06,G000532,John Chandler Gurney,SD,3,Republican,Republican,1896-05-21,46,230,46.6301
78,1943-01-06,L000493,Scott Wike Lucas,IL,3,Democratic,Democrat,1892-02-19,50,321,50.8795
78,1943-01-06,O000146,John Holmes Overton,LA,3,Democratic,Democrat,1875-09-17,67,111,67.3041
78,1943-01-06,R000112,Clyde Martin Reed,KS,3,Republican,Republican,1871-10-19,71,79,71.2164
78,1943-01-06,T000164,Elbert Duncan Thomas,UT,3,Democratic,Democrat,1883-06-17,59,203,59.5562
78,1943-01-06,T000177,John William Elmer Thomas,OK,3,Democratic,Democrat,1876-09-08,66,120,66.3288
78,1943-01-06,T000446,Millard Evelyn Tydings,MD,3,Democratic,Democrat,1890-04-06,52,275,52.7534
78,1943-01-06,W000021,Robert Ferdinand Wagner,NY,3,Democratic,Democrat,1877-06-08,65,212,65.5808
78,1943-01-06,T000387,Harry S. Truman,MO,1,Democratic,Democrat,1884-05-08,58,243,58.6658
78,1943-01-06,B000816,Ralph Owen Brewster,ME,1,Republican,Republican,1888-02-22,54,318,54.8712
78,1943-01-06,C000684,Thomas Terry Connally,TX,1,Democratic,Democrat,1877-08-19,65,140,65.3836
78,1943-01-06,L000394,Henry Cabot Lodge,MA,2,Republican,Republican,1902-07-05,40,185,40.5068
78,1943-01-06,M000438,Ernest William McFarland,AZ,1,Democratic,Democrat,1894-10-09,48,89,48.2438
78,1943-01-06,M000499,Kenneth Douglas McKellar,TN,1,Democratic,Democrat,1869-01-29,73,342,73.937
78,1943-01-06,V000025,Arthur Hendrick Vandenberg,MI,1,Republican,Republican,1884-03-22,58,290,58.7945
78,1943-01-06,F000081,Homer Samuel Ferguson,MI,2,Republican,Republican,1889-02-25,53,315,53.863
78,1943-01-06,G000205,Guy Mark Gillette,IA,3,Democratic,Democrat,1879-02-03,63,337,63.9233
78,1943-01-06,J000127,Edwin Carl Johnson,CO,2,Democratic,Democrat,1884-01-01,59,5,59.0137
78,1943-01-06,M000279,Burnet Rhett Maybank,SC,2,Democratic,Democrat,1899-03-07,43,305,43.8356
78,1943-01-06,W000344,Kenneth Spicer Wherry,NE,2,Republican,Republican,1892-02-28,50,312,50.8548
78,1943-01-06,G000131,Walter Franklin George,GA,3,Democratic,Democrat,1878-01-29,64,342,64.937
78,1943-01-06,M000308,Patrick Anthony McCarran,NV,3,Democratic,Democrat,1876-08-08,66,151,66.4137
78,1943-01-06,M000771,Eugene Donald Millikin,CO,3,Republican,Republican,1891-02-12,51,328,51.8986
78,1943-01-06,T000009,Robert Alphonso Taft,OH,3,Republican,Republican,1889-09-08,53,120,53.3288
78,1943-01-06,T000289,Charles William Tobey,NH,3,Republican,Republican,1880-07-22,62,168,62.4603
78,1943-01-06,B001177,Hugh Alfred Butler,NE,1,Republican,Republican,1878-02-28,64,312,64.8548
78,1943-01-06,K000176,Harley Martin Kilgore,WV,1,Democratic,Democrat,1893-01-11,49,360,49.9863
78,1943-01-06,L000070,William Langer,ND,1,Republican,Republican,1886-09-30,56,98,56.2685
78,1943-01-06,O000088,Joseph Christopher O’Mahoney,WY,1,Democratic,Democrat,1884-11-05,58,62,58.1699
78,1943-01-06,B000145,Alben William Barkley,KY,3,Democratic,Democrat,1877-11-24,65,43,65.1178
78,1943-01-06,B000823,Henry Styles Bridges,NH,2,Republican,Republican,1898-09-09,44,119,44.326
78,1943-01-06,G000418,Theodore Francis Green,RI,2,Democratic,Democrat,1867-10-02,75,96,75.263
78,1943-01-06,M001108,James Edward Murray,MT,2,Democratic,Democrat,1876-05-03,66,248,66.6795
78,1943-01-06,R000167,William Chapman Revercomb,WV,2,Republican,Republican,1895-07-20,47,170,47.4658
78,1943-01-06,W000465,Alexander Wiley,WI,3,Republican,Republican,1884-05-26,58,225,58.6164
78,1943-01-06,B001208,Harry Flood Byrd,VA,1,Democratic,Democrat,1887-06-10,55,210,55.5753
78,1943-01-06,C000338,Dennis Chavez,NM,1,Democratic,Democrat,1888-04-08,54,273,54.7479
78,1943-01-06,H000385,Carl Trumbull Hayden,AZ,3,Democratic,Democrat,1877-10-02,65,96,65.263
78,1943-01-06,H000598,Joseph Lister Hill,AL,3,Democratic,Democrat,1894-12-29,48,8,48.0219
78,1943-01-06,E000112,Allen Joseph Ellender,LA,2,Democratic,Democrat,1890-09-24,52,104,52.2849
78,1943-01-06,R000536,Richard Brevard Russell,GA,2,Democratic,Democrat,1897-11-02,45,65,45.1781
78,1943-01-06,A000062,George David Aiken,VT,3,Republican,Republican,1892-08-20,50,139,50.3808
78,1943-01-06,E000018,James Oliver Eastland,MS,2,Democratic,Democrat,1904-11-28,38,39,38.1068
78,1943-01-06,M000332,John Little McClellan,AR,2,Democratic,Democrat,1896-02-25,46,315,46.863
78,1943-01-06,P000218,Claude Denson Pepper,FL,3,Democratic,Democrat,1900-09-08,42,120,42.3288
79,1945-01-03,W000088,Monrad Charles Wallgren,WA,1,Democratic,Democrat,1891-04-17,53,261,53.7151
79,1945-01-03,A000244,Charles Oscar Andrews,FL,1,Democratic,Democrat,1877-03-07,67,302,67.8274
79,1945-01-03,A000342,Warren Robinson Austin,VT,1,Republican,Republican,1877-11-12,67,52,67.1425
79,1945-01-03,B000460,Theodore Gilmore Bilbo,MS,1,Democratic,Democrat,1877-10-13,67,82,67.2247
79,1945-01-03,B001150,Harold Hitz Burton,OH,1,Republican,Republican,1888-06-22,56,195,56.5342
79,1945-01-03,G000141,Peter Goelet Gerry,RI,1,Democratic,Democrat,1879-09-18,65,107,65.2932
79,1945-01-03,G000519,Joseph F. Guffey,PA,1,Democratic,Democrat,1870-12-29,74,5,74.0137
79,1945-01-03,J000140,Hiram Warren Johnson,CA,1,Republican,Republican,1866-09-02,78,123,78.337
79,1945-01-03,L000005,Robert Marion La Follette,WI,1,Other,Progressive,1895-02-06,49,332,49.9071
79,1945-01-03,M000088,Francis Thomas Maloney,CT,1,Democratic,Democrat,1894-03-31,50,278,50.7616
79,1945-01-03,M000615,James Michael Mead,NY,1,Democratic,Democrat,1885-12-27,59,7,59.0192
79,1945-01-03,M001082,Orrice Abram Murdock,UT,1,Democratic,Democrat,1893-07-18,51,169,51.463
79,1945-01-03,R000006,George Lovic Pierce Radcliffe,MD,1,Democratic,Democrat,1877-08-22,67,134,67.3671
79,1945-01-03,S000369,Henrik Shipstead,MN,1,Republican,Republican,1881-01-08,63,361,63.9863
79,1945-01-03,T000409,James Miller Tunnell,DE,1,Democratic,Democrat,1879-08-02,65,154,65.4219
79,1945-01-03,W000097,David Ignatius Walsh,MA,1,Democratic,Democrat,1872-11-11,72,53,72.1452
79,1945-01-03,W000330,Burton Kendall Wheeler,MT,1,Democratic,Democrat,1882-02-27,62,311,62.8497
79,1945-01-03,W000563,Raymond Eugene Willis,IN,1,Republican,Republican,1875-08-11,69,145,69.3973
79,1945-01-03,S000196,James Graves Scrugham,NV,1,Democratic,Democrat,1880-01-19,64,350,64.9563
79,1945-01-03,B000046,Josiah William Bailey,NC,2,Democratic,Democrat,1873-09-14,71,111,71.3041
79,1945-01-03,B000099,Joseph Hurst Ball,MN,2,Republican,Republican,1905-11-03,39,61,39.1671
79,1945-01-03,B000111,John Hollis Bankhead,AL,2,Democratic,Democrat,1872-07-08,72,179,72.4904
79,1945-01-03,B000874,Charles Wayland Brooks,IL,2,Republican,Republican,1897-03-08,47,301,47.8247
79,1945-01-03,B001013,Clayton Douglass Buck,DE,2,Republican,Republican,1890-03-21,54,288,54.789
79,1945-01-03,B001168,Harlan John Bushfield,SD,2,Republican,Republican,1882-08-06,62,150,62.411
79,1945-01-03,C000133,Arthur Capper,KS,2,Republican,Republican,1865-07-14,79,173,79.474
79,1945-01-03,C000290,Albert Benjamin Chandler,KY,2,Democratic,Democrat,1898-07-14,46,173,46.474
79,1945-01-03,G000232,Carter Glass,VA,2,Democratic,Democrat,1858-01-04,86,365,86.9973
79,1945-01-03,H000334,Carl Atwood Hatch,NM,2,Democratic,Democrat,1889-11-27,55,37,55.1014
79,1945-01-03,H000365,Albert Wahl Hawkes,NJ,2,Republican,Republican,1878-11-20,66,44,66.1205
79,1945-01-03,M000895,Edward Hall Moore,OK,2,Republican,Republican,1871-11-19,73,45,73.1233
79,1945-01-03,O000034,Wilbert Lee O’Daniel,TX,2,Democratic,Democrat,1890-03-11,54,298,54.8164
79,1945-01-03,R000320,Edward Vivian Robertson,WY,2,Republican,Republican,1881-05-27,63,221,63.6055
79,1945-01-03,S000901,Arthur Thomas Stewart,TN,2,Democratic,Democrat,1892-01-11,52,358,52.9781
79,1945-01-03,T000172,John Thomas,ID,2,Republican,Republican,1874-01-04,70,365,70.9973
79,1945-01-03,W000396,Wallace Humphrey White,ME,2,Republican,Republican,1877-08-06,67,150,67.411
79,1945-01-03,W000581,George Allison Wilson,IA,2,Republican,Republican,1884-04-01,60,277,60.7589
79,1945-01-03,D000414,Forrest C. Donnell,MO,3,Republican,Republican,1884-08-20,60,136,60.3726
79,1945-01-03,D000469,Sheridan Downey,CA,3,Democratic,Democrat,1884-03-11,60,298,60.8164
79,1945-01-03,G000532,John Chandler Gurney,SD,3,Republican,Republican,1896-05-21,48,227,48.6219
79,1945-01-03,L000493,Scott Wike Lucas,IL,3,Democratic,Democrat,1892-02-19,52,319,52.8716
79,1945-01-03,M001029,John Moses,ND,3,Democratic,Democrat,1885-06-12,59,205,59.5616
79,1945-01-03,M001127,Francis John Myers,PA,3,Democratic,Democrat,1901-12-18,43,16,43.0438
79,1945-01-03,O000146,John Holmes Overton,LA,3,Democratic,Democrat,1875-09-17,69,108,69.2959
79,1945-01-03,R000112,Clyde Martin Reed,KS,3,Republican,Republican,1871-10-19,73,76,73.2082
79,1945-01-03,T000079,Glen Hearst Taylor,ID,3,Democratic,Democrat,1904-04-12,40,266,40.7288
79,1945-01-03,T000164,Elbert Duncan Thomas,UT,3,Democratic,Democrat,1883-06-17,61,200,61.5479
79,1945-01-03,T000177,John William Elmer Thomas,OK,3,Democratic,Democrat,1876-09-08,68,117,68.3205
79,1945-01-03,T000446,Millard Evelyn Tydings,MD,3,Democratic,Democrat,1890-04-06,54,272,54.7452
79,1945-01-03,W000021,Robert Ferdinand Wagner,NY,3,Democratic,Democrat,1877-06-08,67,209,67.5726
79,1945-01-03,T000387,Harry S. Truman,MO,1,Democratic,Democrat,1884-05-08,60,240,60.6575
79,1945-01-03,B000816,Ralph Owen Brewster,ME,1,Republican,Republican,1888-02-22,56,316,56.8634
79,1945-01-03,C000684,Thomas Terry Connally,TX,1,Democratic,Democrat,1877-08-19,67,137,67.3753
79,1945-01-03,M000438,Ernest William McFarland,AZ,1,Democratic,Democrat,1894-10-09,50,86,50.2356
79,1945-01-03,M000499,Kenneth Douglas McKellar,TN,1,Democratic,Democrat,1869-01-29,75,340,75.929
79,1945-01-03,V000025,Arthur Hendrick Vandenberg,MI,1,Republican,Republican,1884-03-22,60,287,60.7863
79,1945-01-03,C000774,Guy Cordon,OR,2,Republican,Republican,1890-04-24,54,254,54.6959
79,1945-01-03,F000081,Homer Samuel Ferguson,MI,2,Republican,Republican,1889-02-25,55,313,55.8552
79,1945-01-03,J000127,Edwin Carl Johnson,CO,2,Democratic,Democrat,1884-01-01,61,2,61.0055
79,1945-01-03,M000279,Burnet Rhett Maybank,SC,2,Democratic,Democrat,1899-03-07,45,302,45.8274
79,1945-01-03,W000344,Kenneth Spicer Wherry,NE,2,Republican,Republican,1892-02-28,52,310,52.847
79,1945-01-03,G000131,Walter Franklin George,GA,3,Democratic,Democrat,1878-01-29,66,340,66.929
79,1945-01-03,H000679,Clyde Roark Hoey,NC,3,Democratic,Democrat,1877-12-11,67,23,67.063
79,1945-01-03,M000308,Patrick Anthony McCarran,NV,3,Democratic,Democrat,1876-08-08,68,148,68.4055
79,1945-01-03,M000559,Brien McMahon,CT,3,Democratic,Democrat,1903-10-06,41,89,41.2438
79,1945-01-03,M000771,Eugene Donald Millikin,CO,3,Republican,Republican,1891-02-12,53,326,53.8907
79,1945-01-03,T000009,Robert Alphonso Taft,OH,3,Republican,Republican,1889-09-08,55,117,55.3205
79,1945-01-03,T000289,Charles William Tobey,NH,3,Republican,Republican,1880-07-22,64,165,64.4521
79,1945-01-03,B001177,Hugh Alfred Butler,NE,1,Republican,Republican,1878-02-28,66,310,66.847
79,1945-01-03,K000176,Harley Martin Kilgore,WV,1,Democratic,Democrat,1893-01-11,51,358,51.9781
79,1945-01-03,L000070,William Langer,ND,1,Republican,Republican,1886-09-30,58,95,58.2603
79,1945-01-03,S000553,Howard Alexander Smith,NJ,1,Republican,Republican,1880-01-30,64,339,64.9262
79,1945-01-03,O000088,Joseph Christopher O’Mahoney,WY,1,Democratic,Democrat,1884-11-05,60,59,60.1616
79,1945-01-03,B000145,Alben William Barkley,KY,3,Democratic,Democrat,1877-11-24,67,40,67.1096
79,1945-01-03,B000823,Henry Styles Bridges,NH,2,Republican,Republican,1898-09-09,46,116,46.3178
79,1945-01-03,G000418,Theodore Francis Green,RI,2,Democratic,Democrat,1867-10-02,77,93,77.2548
79,1945-01-03,M001108,James Edward Murray,MT,2,Democratic,Democrat,1876-05-03,68,245,68.6712
79,1945-01-03,R000167,William Chapman Revercomb,WV,2,Republican,Republican,1895-07-20,49,167,49.4575
79,1945-01-03,C000128,Homer Earl Capehart,IN,3,Republican,Republican,1897-06-06,47,211,47.5781
79,1945-01-03,W000465,Alexander Wiley,WI,3,Republican,Republican,1884-05-26,60,222,60.6082
79,1945-01-03,B001208,Harry Flood Byrd,VA,1,Democratic,Democrat,1887-06-10,57,207,57.5671
79,1945-01-03,C000338,Dennis Chavez,NM,1,Democratic,Democrat,1888-04-08,56,270,56.7397
79,1945-01-03,S000021,Leverett Saltonstall,MA,2,Republican,Republican,1892-09-01,52,124,52.3397
79,1945-01-03,H000385,Carl Trumbull Hayden,AZ,3,Democratic,Democrat,1877-10-02,67,93,67.2548
79,1945-01-03,H000559,Bourke Blakemore Hickenlooper,IA,3,Republican,Republican,1896-07-21,48,166,48.4548
79,1945-01-03,H000598,Joseph Lister Hill,AL,3,Democratic,Democrat,1894-12-29,50,5,50.0137
79,1945-01-03,J000195,Olin DeWitt Talmadge Johnston,SC,3,Democratic,Democrat,1896-11-18,48,46,48.126
79,1945-01-03,M001014,Wayne Lyman Morse,OR,3,Republican,Republican,1900-10-20,44,75,44.2055
79,1945-01-03,E000112,Allen Joseph Ellender,LA,2,Democratic,Democrat,1890-09-24,54,101,54.2767
79,1945-01-03,R000536,Richard Brevard Russell,GA,2,Democratic,Democrat,1897-11-02,47,62,47.1699
79,1945-01-03,A000062,George David Aiken,VT,3,Republican,Republican,1892-08-20,52,136,52.3726
79,1945-01-03,F000401,James William Fulbright,AR,3,Democratic,Democrat,1905-04-09,39,269,39.737
79,1945-01-03,E000018,James Oliver Eastland,MS,2,Democratic,Democrat,1904-11-28,40,36,40.0986
79,1945-01-03,M000332,John Little McClellan,AR,2,Democratic,Democrat,1896-02-25,48,313,48.8552
79,1945-01-03,M000053,Warren Grant Magnuson,WA,3,Democratic,Democrat,1905-04-12,39,266,39.7288
79,1945-01-03,P000218,Claude Denson Pepper,FL,3,Democratic,Democrat,1900-09-08,44,117,44.3205
80,1947-01-03,B000099,Joseph Hurst Ball,MN,2,Republican,Republican,1905-11-03,41,61,41.1671
80,1947-01-03,B000874,Charles Wayland Brooks,IL,2,Republican,Republican,1897-03-08,49,301,49.8247
80,1947-01-03,B001013,Clayton Douglass Buck,DE,2,Republican,Republican,1890-03-21,56,288,56.789
80,1947-01-03,B001168,Harlan John Bushfield,SD,2,Republican,Republican,1882-08-06,64,150,64.411
80,1947-01-03,C000133,Arthur Capper,KS,2,Republican,Republican,1865-07-14,81,173,81.474
80,1947-01-03,H000334,Carl Atwood Hatch,NM,2,Democratic,Democrat,1889-11-27,57,37,57.1014
80,1947-01-03,H000365,Albert Wahl Hawkes,NJ,2,Republican,Republican,1878-11-20,68,44,68.1205
80,1947-01-03,M000895,Edward Hall Moore,OK,2,Republican,Republican,1871-11-19,75,45,75.1233
80,1947-01-03,O000034,Wilbert Lee O’Daniel,TX,2,Democratic,Democrat,1890-03-11,56,298,56.8164
80,1947-01-03,R000320,Edward Vivian Robertson,WY,2,Republican,Republican,1881-05-27,65,221,65.6055
80,1947-01-03,S000901,Arthur Thomas Stewart,TN,2,Democratic,Democrat,1892-01-11,54,357,54.9781
80,1947-01-03,W000396,Wallace Humphrey White,ME,2,Republican,Republican,1877-08-06,69,150,69.411
80,1947-01-03,W000581,George Allison Wilson,IA,2,Republican,Republican,1884-04-01,62,277,62.7589
80,1947-01-03,D000414,Forrest C. Donnell,MO,3,Republican,Republican,1884-08-20,62,136,62.3726
80,1947-01-03,D000469,Sheridan Downey,CA,3,Democratic,Democrat,1884-03-11,62,298,62.8164
80,1947-01-03,G000532,John Chandler Gurney,SD,3,Republican,Republican,1896-05-21,50,227,50.6219
80,1947-01-03,L000493,Scott Wike Lucas,IL,3,Democratic,Democrat,1892-02-19,54,318,54.8712
80,1947-01-03,M001127,Francis John Myers,PA,3,Democratic,Democrat,1901-12-18,45,16,45.0438
80,1947-01-03,O000146,John Holmes Overton,LA,3,Democratic,Democrat,1875-09-17,71,108,71.2959
80,1947-01-03,R000112,Clyde Martin Reed,KS,3,Republican,Republican,1871-10-19,75,76,75.2082
80,1947-01-03,T000079,Glen Hearst Taylor,ID,3,Democratic,Democrat,1904-04-12,42,266,42.7288
80,1947-01-03,T000164,Elbert Duncan Thomas,UT,3,Democratic,Democrat,1883-06-17,63,200,63.5479
80,1947-01-03,T000177,John William Elmer Thomas,OK,3,Democratic,Democrat,1876-09-08,70,117,70.3205
80,1947-01-03,T000446,Millard Evelyn Tydings,MD,3,Democratic,Democrat,1890-04-06,56,272,56.7452
80,1947-01-03,W000021,Robert Ferdinand Wagner,NY,3,Democratic,Democrat,1877-06-08,69,209,69.5726
80,1947-01-03,B000095,Raymond Earl Baldwin,CT,1,Republican,Republican,1893-08-31,53,125,53.3425
80,1947-01-03,C000021,Harry Pulliam Cain,WA,1,Republican,Republican,1906-01-10,40,358,40.9808
80,1947-01-03,U000005,William Bradley Umstead,NC,2,Democratic,Democrat,1895-05-13,51,235,51.6438
80,1947-01-03,B000816,Ralph Owen Brewster,ME,1,Republican,Republican,1888-02-22,58,315,58.863
80,1947-01-03,C000684,Thomas Terry Connally,TX,1,Democratic,Democrat,1877-08-19,69,137,69.3753
80,1947-01-03,E000037,Zales Nelson Ecton,MT,1,Republican,Republican,1898-04-01,48,277,48.7589
80,1947-01-03,K000082,James Preston Kem,MO,1,Republican,Republican,1890-04-02,56,276,56.7562
80,1947-01-03,L000394,Henry Cabot Lodge,MA,1,Republican,Republican,1902-07-05,44,182,44.4986
80,1947-01-03,M000438,Ernest William McFarland,AZ,1,Democratic,Democrat,1894-10-09,52,86,52.2356
80,1947-01-03,M000456,James Howard McGrath,RI,1,Democratic,Democrat,1903-11-28,43,36,43.0986
80,1947-01-03,M000499,Kenneth Douglas McKellar,TN,1,Democratic,Democrat,1869-01-29,77,339,77.9288
80,1947-01-03,O000032,Herbert Romulus O’Conor,MD,1,Democratic,Democrat,1896-11-17,50,47,50.1288
80,1947-01-03,V000025,Arthur Hendrick Vandenberg,MI,1,Republican,Republican,1884-03-22,62,287,62.7863
80,1947-01-03,C000774,Guy Cordon,OR,2,Republican,Republican,1890-04-24,56,254,56.6959
80,1947-01-03,F000081,Homer Samuel Ferguson,MI,2,Republican,Republican,1889-02-25,57,312,57.8548
80,1947-01-03,J000127,Edwin Carl Johnson,CO,2,Democratic,Democrat,1884-01-01,63,2,63.0055
80,1947-01-03,M000279,Burnet Rhett Maybank,SC,2,Democratic,Democrat,1899-03-07,47,302,47.8274
80,1947-01-03,W000344,Kenneth Spicer Wherry,NE,2,Republican,Republican,1892-02-28,54,309,54.8466
80,1947-01-03,G000131,Walter Franklin George,GA,3,Democratic,Democrat,1878-01-29,68,339,68.9288
80,1947-01-03,H000679,Clyde Roark Hoey,NC,3,Democratic,Democrat,1877-12-11,69,23,69.063
80,1947-01-03,M000308,Patrick Anthony McCarran,NV,3,Democratic,Democrat,1876-08-08,70,148,70.4055
80,1947-01-03,M000559,Brien McMahon,CT,3,Democratic,Democrat,1903-10-06,43,89,43.2438
80,1947-01-03,M000771,Eugene Donald Millikin,CO,3,Republican,Republican,1891-02-12,55,325,55.8904
80,1947-01-03,T000009,Robert Alphonso Taft,OH,3,Republican,Republican,1889-09-08,57,117,57.3205
80,1947-01-03,T000289,Charles William Tobey,NH,3,Republican,Republican,1880-07-22,66,165,66.4521
80,1947-01-03,B000820,John William Bricker,OH,1,Republican,Republican,1893-09-06,53,119,53.326
80,1947-01-03,B001177,Hugh Alfred Butler,NE,1,Republican,Republican,1878-02-28,68,309,68.8466
80,1947-01-03,F000190,Ralph Edward Flanders,VT,1,Republican,Republican,1880-09-28,66,97,66.2658
80,1947-01-03,I000050,Irving McNeil Ives,NY,1,Republican,Republican,1896-01-24,50,344,50.9425
80,1947-01-03,J000093,William Ezra Jenner,IN,1,Republican,Republican,1908-07-21,38,166,38.4548
80,1947-01-03,K000176,Harley Martin Kilgore,WV,1,Democratic,Democrat,1893-01-11,53,357,53.9781
80,1947-01-03,K000292,William Fife Knowland,CA,1,Republican,Republican,1908-06-26,38,191,38.5233
80,1947-01-03,L000070,William Langer,ND,1,Republican,Republican,1886-09-30,60,95,60.2603
80,1947-01-03,M000086,George Wilson Malone,NV,1,Republican,Republican,1890-08-07,56,149,56.4082
80,1947-01-03,M000177,Edward Martin,PA,1,Republican,Republican,1879-09-18,67,107,67.2932
80,1947-01-03,M000315,Joseph Raymond McCarthy,WI,1,Republican,Republican,1908-11-14,38,50,38.137
80,1947-01-03,S000553,Howard Alexander Smith,NJ,1,Republican,Republican,1880-01-30,66,338,66.926
80,1947-01-03,T000259,Edward John Thye,MN,1,Republican,Republican,1896-04-26,50,252,50.6904
80,1947-01-03,W000190,Arthur Vivian Watkins,UT,1,Republican,Republican,1886-12-18,60,16,60.0438
80,1947-01-03,O000088,Joseph Christopher O’Mahoney,WY,1,Democratic,Democrat,1884-11-05,62,59,62.1616
80,1947-01-03,B000145,Alben William Barkley,KY,3,Democratic,Democrat,1877-11-24,69,40,69.1096
80,1947-01-03,B000823,Henry Styles Bridges,NH,2,Republican,Republican,1898-09-09,48,116,48.3178
80,1947-01-03,G000418,Theodore Francis Green,RI,2,Democratic,Democrat,1867-10-02,79,93,79.2548
80,1947-01-03,M001108,James Edward Murray,MT,2,Democratic,Democrat,1876-05-03,70,245,70.6712
80,1947-01-03,R000167,William Chapman Revercomb,WV,2,Republican,Republican,1895-07-20,51,167,51.4575
80,1947-01-03,C000128,Homer Earl Capehart,IN,3,Republican,Republican,1897-06-06,49,211,49.5781
80,1947-01-03,W000465,Alexander Wiley,WI,3,Republican,Republican,1884-05-26,62,222,62.6082
80,1947-01-03,B001208,Harry Flood Byrd,VA,1,Democratic,Democrat,1887-06-10,59,207,59.5671
80,1947-01-03,C000338,Dennis Chavez,NM,1,Democratic,Democrat,1888-04-08,58,270,58.7397
80,1947-01-03,D000585,Henry Clarence Dworshak,ID,2,Republican,Republican,1894-08-29,52,127,52.3479
80,1947-01-03,R000317,Absalom Willis Robertson,VA,2,Democratic,Democrat,1887-05-27,59,221,59.6055
80,1947-01-03,S000021,Leverett Saltonstall,MA,2,Republican,Republican,1892-09-01,54,124,54.3397
80,1947-01-03,H000385,Carl Trumbull Hayden,AZ,3,Democratic,Democrat,1877-10-02,69,93,69.2548
80,1947-01-03,H000559,Bourke Blakemore Hickenlooper,IA,3,Republican,Republican,1896-07-21,50,166,50.4548
80,1947-01-03,H000598,Joseph Lister Hill,AL,3,Democratic,Democrat,1894-12-29,52,5,52.0137
80,1947-01-03,J000195,Olin DeWitt Talmadge Johnston,SC,3,Democratic,Democrat,1896-11-18,50,46,50.126
80,1947-01-03,M001014,Wayne Lyman Morse,OR,3,Republican,Republican,1900-10-20,46,75,46.2055
80,1947-01-03,H000720,Spessard Lindsey Holland,FL,1,Democratic,Democrat,1892-07-10,54,177,54.4849
80,1947-01-03,W000518,John James Williams,DE,1,Republican,Republican,1904-05-17,42,231,42.6329
80,1947-01-03,C000758,John Sherman Cooper,KY,2,Republican,Republican,1901-08-23,45,133,45.3644
80,1947-01-03,E000112,Allen Joseph Ellender,LA,2,Democratic,Democrat,1890-09-24,56,101,56.2767
80,1947-01-03,R000536,Richard Brevard Russell,GA,2,Democratic,Democrat,1897-11-02,49,62,49.1699
80,1947-01-03,A000062,George David Aiken,VT,3,Republican,Republican,1892-08-20,54,136,54.3726
80,1947-01-03,F000401,James William Fulbright,AR,3,Democratic,Democrat,1905-04-09,41,269,41.737
80,1947-01-03,E000018,James Oliver Eastland,MS,2,Democratic,Democrat,1904-11-28,42,36,42.0986
80,1947-01-03,M000332,John Little McClellan,AR,2,Democratic,Democrat,1896-02-25,50,312,50.8548
80,1947-01-03,S000701,John Jackson Sparkman,AL,2,Democratic,Democrat,1899-12-20,47,14,47.0384
80,1947-01-03,M000053,Warren Grant Magnuson,WA,3,Democratic,Democrat,1905-04-12,41,266,41.7288
80,1947-01-03,Y000047,Milton Ruben Young,ND,3,Republican,Republican,1897-12-06,49,28,49.0767
80,1947-01-03,S000852,John Cornelius Stennis,MS,1,Democratic,Democrat,1901-08-03,45,153,45.4192
80,1947-01-03,P000218,Claude Denson Pepper,FL,3,Democratic,Democrat,1900-09-08,46,117,46.3205
81,1949-01-03,D000414,Forrest C. Donnell,MO,3,Republican,Republican,1884-08-20,64,136,64.3726
81,1949-01-03,D000469,Sheridan Downey,CA,3,Democratic,Democrat,1884-03-11,64,298,64.8164
81,1949-01-03,G000532,John Chandler Gurney,SD,3,Republican,Republican,1896-05-21,52,227,52.6219
81,1949-01-03,L000493,Scott Wike Lucas,IL,3,Democratic,Democrat,1892-02-19,56,319,56.8716
81,1949-01-03,M001127,Francis John Myers,PA,3,Democratic,Democrat,1901-12-18,47,16,47.0438
81,1949-01-03,R000112,Clyde Martin Reed,KS,3,Republican,Republican,1871-10-19,77,76,77.2082
81,1949-01-03,T000079,Glen Hearst Taylor,ID,3,Democratic,Democrat,1904-04-12,44,266,44.7288
81,1949-01-03,T000164,Elbert Duncan Thomas,UT,3,Democratic,Democrat,1883-06-17,65,200,65.5479
81,1949-01-03,T000177,John William Elmer Thomas,OK,3,Democratic,Democrat,1876-09-08,72,117,72.3205
81,1949-01-03,T000446,Millard Evelyn Tydings,MD,3,Democratic,Democrat,1890-04-06,58,272,58.7452
81,1949-01-03,W000021,Robert Ferdinand Wagner,NY,3,Democratic,Democrat,1877-06-08,71,209,71.5726
81,1949-01-03,B000095,Raymond Earl Baldwin,CT,1,Republican,Republican,1893-08-31,55,125,55.3425
81,1949-01-03,C000021,Harry Pulliam Cain,WA,1,Republican,Republican,1906-01-10,42,359,42.9809
81,1949-01-03,B000816,Ralph Owen Brewster,ME,1,Republican,Republican,1888-02-22,60,316,60.8634
81,1949-01-03,C000684,Thomas Terry Connally,TX,1,Democratic,Democrat,1877-08-19,71,137,71.3753
81,1949-01-03,E000037,Zales Nelson Ecton,MT,1,Republican,Republican,1898-04-01,50,277,50.7589
81,1949-01-03,K000082,James Preston Kem,MO,1,Republican,Republican,1890-04-02,58,276,58.7562
81,1949-01-03,L000394,Henry Cabot Lodge,MA,1,Republican,Republican,1902-07-05,46,182,46.4986
81,1949-01-03,M000438,Ernest William McFarland,AZ,1,Democratic,Democrat,1894-10-09,54,86,54.2356
81,1949-01-03,M000456,James Howard McGrath,RI,1,Democratic,Democrat,1903-11-28,45,36,45.0986
81,1949-01-03,M000499,Kenneth Douglas McKellar,TN,1,Democratic,Democrat,1869-01-29,79,340,79.929
81,1949-01-03,O000032,Herbert Romulus O’Conor,MD,1,Democratic,Democrat,1896-11-17,52,47,52.1288
81,1949-01-03,V000025,Arthur Hendrick Vandenberg,MI,1,Republican,Republican,1884-03-22,64,287,64.7863
81,1949-01-03,B000894,Joseph Melville Broughton,NC,2,Democratic,Democrat,1888-11-17,60,47,60.1288
81,1949-01-03,C000317,Virgil Munday Chapman,KY,2,Democratic,Democrat,1895-03-15,53,294,53.8055
81,1949-01-03,C000774,Guy Cordon,OR,2,Republican,Republican,1890-04-24,58,254,58.6959
81,1949-01-03,F000081,Homer Samuel Ferguson,MI,2,Republican,Republican,1889-02-25,59,313,59.8552
81,1949-01-03,G000205,Guy Mark Gillette,IA,2,Democratic,Democrat,1879-02-03,69,335,69.9153
81,1949-01-03,H000495,Robert Clymer Hendrickson,NJ,2,Republican,Republican,1898-08-12,50,144,50.3945
81,1949-01-03,H000975,Lester Callaway Hunt,WY,2,Democratic,Democrat,1892-07-08,56,179,56.4904
81,1949-01-03,J000127,Edwin Carl Johnson,CO,2,Democratic,Democrat,1884-01-01,65,2,65.0055
81,1949-01-03,M000279,Burnet Rhett Maybank,SC,2,Democratic,Democrat,1899-03-07,49,302,49.8274
81,1949-01-03,M000716,Bert Henry Miller,ID,2,Democratic,Democrat,1876-12-15,72,19,72.0521
81,1949-01-03,W000344,Kenneth Spicer Wherry,NE,2,Republican,Republican,1892-02-28,56,310,56.847
81,1949-01-03,G000131,Walter Franklin George,GA,3,Democratic,Democrat,1878-01-29,70,340,70.929
81,1949-01-03,H000679,Clyde Roark Hoey,NC,3,Democratic,Democrat,1877-12-11,71,23,71.063
81,1949-01-03,M000308,Patrick Anthony McCarran,NV,3,Democratic,Democrat,1876-08-08,72,148,72.4055
81,1949-01-03,M000559,Brien McMahon,CT,3,Democratic,Democrat,1903-10-06,45,89,45.2438
81,1949-01-03,M000771,Eugene Donald Millikin,CO,3,Republican,Republican,1891-02-12,57,326,57.8907
81,1949-01-03,T000009,Robert Alphonso Taft,OH,3,Republican,Republican,1889-09-08,59,117,59.3205
81,1949-01-03,T000289,Charles William Tobey,NH,3,Republican,Republican,1880-07-22,68,165,68.4521
81,1949-01-03,B000820,John William Bricker,OH,1,Republican,Republican,1893-09-06,55,119,55.326
81,1949-01-03,B001177,Hugh Alfred Butler,NE,1,Republican,Republican,1878-02-28,70,310,70.847
81,1949-01-03,F000190,Ralph Edward Flanders,VT,1,Republican,Republican,1880-09-28,68,97,68.2658
81,1949-01-03,I000050,Irving McNeil Ives,NY,1,Republican,Republican,1896-01-24,52,345,52.9426
81,1949-01-03,J000093,William Ezra Jenner,IN,1,Republican,Republican,1908-07-21,40,166,40.4548
81,1949-01-03,K000176,Harley Martin Kilgore,WV,1,Democratic,Democrat,1893-01-11,55,358,55.9781
81,1949-01-03,K000292,William Fife Knowland,CA,1,Republican,Republican,1908-06-26,40,191,40.5233
81,1949-01-03,L000070,William Langer,ND,1,Republican,Republican,1886-09-30,62,95,62.2603
81,1949-01-03,M000086,George Wilson Malone,NV,1,Republican,Republican,1890-08-07,58,149,58.4082
81,1949-01-03,M000177,Edward Martin,PA,1,Republican,Republican,1879-09-18,69,107,69.2932
81,1949-01-03,M000315,Joseph Raymond McCarthy,WI,1,Republican,Republican,1908-11-14,40,50,40.137
81,1949-01-03,S000553,Howard Alexander Smith,NJ,1,Republican,Republican,1880-01-30,68,339,68.9262
81,1949-01-03,T000259,Edward John Thye,MN,1,Republican,Republican,1896-04-26,52,252,52.6904
81,1949-01-03,W000190,Arthur Vivian Watkins,UT,1,Republican,Republican,1886-12-18,62,16,62.0438
81,1949-01-03,O000088,Joseph Christopher O’Mahoney,WY,1,Democratic,Democrat,1884-11-05,64,59,64.1616
81,1949-01-03,B000145,Alben William Barkley,KY,3,Democratic,Democrat,1877-11-24,71,40,71.1096
81,1949-01-03,B000823,Henry Styles Bridges,NH,2,Republican,Republican,1898-09-09,50,116,50.3178
81,1949-01-03,F000356,Joseph Allen Frear,DE,2,Democratic,Democrat,1903-03-07,45,302,45.8274
81,1949-01-03,G000418,Theodore Francis Green,RI,2,Democratic,Democrat,1867-10-02,81,93,81.2548
81,1949-01-03,M001108,James Edward Murray,MT,2,Democratic,Democrat,1876-05-03,72,245,72.6712
81,1949-01-03,N000023,Matthew Mansfield Neely,WV,2,Democratic,Democrat,1874-11-09,74,55,74.1507
81,1949-01-03,C000128,Homer Earl Capehart,IN,3,Republican,Republican,1897-06-06,51,211,51.5781
81,1949-01-03,W000465,Alexander Wiley,WI,3,Republican,Republican,1884-05-26,64,222,64.6082
81,1949-01-03,B001208,Harry Flood Byrd,VA,1,Democratic,Democrat,1887-06-10,61,207,61.5671
81,1949-01-03,C000338,Dennis Chavez,NM,1,Democratic,Democrat,1888-04-08,60,270,60.7397
81,1949-01-03,D000456,Paul Howard Douglas,IL,2,Democratic,Democrat,1892-03-26,56,283,56.7753
81,1949-01-03,K000044,Carey Estes Kefauver,TN,2,Democratic,Democrat,1903-07-26,45,161,45.4411
81,1949-01-03,K000144,Robert Samuel Kerr,OK,2,Democratic,Democrat,1896-09-11,52,114,52.3123
81,1949-01-03,R000317,Absalom Willis Robertson,VA,2,Democratic,Democrat,1887-05-27,61,221,61.6055
81,1949-01-03,S000021,Leverett Saltonstall,MA,2,Republican,Republican,1892-09-01,56,124,56.3397
81,1949-01-03,S000138,Andrew Frank Schoeppel,KS,2,Republican,Republican,1894-11-23,54,41,54.1123
81,1949-01-03,H000385,Carl Trumbull Hayden,AZ,3,Democratic,Democrat,1877-10-02,71,93,71.2548
81,1949-01-03,H000559,Bourke Blakemore Hickenlooper,IA,3,Republican,Republican,1896-07-21,52,166,52.4548
81,1949-01-03,H000598,Joseph Lister Hill,AL,3,Democratic,Democrat,1894-12-29,54,5,54.0137
81,1949-01-03,J000195,Olin DeWitt Talmadge Johnston,SC,3,Democratic,Democrat,1896-11-18,52,46,52.126
81,1949-01-03,M001014,Wayne Lyman Morse,OR,3,Republican,Republican,1900-10-20,48,75,48.2055
81,1949-01-03,J000160,Lyndon Baines Johnson,TX,2,Democratic,Democrat,1908-08-27,40,129,40.3534
81,1949-01-03,H000720,Spessard Lindsey Holland,FL,1,Democratic,Democrat,1892-07-10,56,177,56.4849
81,1949-01-03,W000518,John James Williams,DE,1,Republican,Republican,1904-05-17,44,231,44.6329
81,1949-01-03,A000186,Clinton Presba Anderson,NM,2,Democratic,Democrat,1895-10-23,53,72,53.1973
81,1949-01-03,E000112,Allen Joseph Ellender,LA,2,Democratic,Democrat,1890-09-24,58,101,58.2767
81,1949-01-03,M001078,Karl Earl Mundt,SD,2,Republican,Republican,1900-06-03,48,214,48.5863
81,1949-01-03,R000536,Richard Brevard Russell,GA,2,Democratic,Democrat,1897-11-02,51,62,51.1699
81,1949-01-03,S000590,Margaret Chase Smith,ME,2,Republican,Republican,1897-12-14,51,20,51.0548
81,1949-01-03,A000062,George David Aiken,VT,3,Republican,Republican,1892-08-20,56,136,56.3726
81,1949-01-03,F000401,James William Fulbright,AR,3,Democratic,Democrat,1905-04-09,43,269,43.737
81,1949-01-03,E000018,James Oliver Eastland,MS,2,Democratic,Democrat,1904-11-28,44,36,44.0986
81,1949-01-03,M000332,John Little McClellan,AR,2,Democratic,Democrat,1896-02-25,52,313,52.8552
81,1949-01-03,S000701,John Jackson Sparkman,AL,2,Democratic,Democrat,1899-12-20,49,14,49.0384
81,1949-01-03,M000053,Warren Grant Magnuson,WA,3,Democratic,Democrat,1905-04-12,43,266,43.7288
81,1949-01-03,Y000047,Milton Ruben Young,ND,3,Republican,Republican,1897-12-06,51,28,51.0767
81,1949-01-03,H000953,Hubert Horatio Humphrey,MN,2,Democratic,Democrat,1911-05-27,37,221,37.6055
81,1949-01-03,L000428,Russell Billiu Long,LA,3,Democratic,Democrat,1918-11-03,30,61,30.1671
81,1949-01-03,S000852,John Cornelius Stennis,MS,1,Democratic,Democrat,1901-08-03,47,153,47.4192
81,1949-01-03,P000218,Claude Denson Pepper,FL,3,Democratic,Democrat,1900-09-08,48,117,48.3205
82,1951-01-03,C000021,Harry Pulliam Cain,WA,1,Republican,Republican,1906-01-10,44,358,44.9808
82,1951-01-03,B000816,Ralph Owen Brewster,ME,1,Republican,Republican,1888-02-22,62,315,62.863
82,1951-01-03,C000684,Thomas Terry Connally,TX,1,Democratic,Democrat,1877-08-19,73,137,73.3753
82,1951-01-03,E000037,Zales Nelson Ecton,MT,1,Republican,Republican,1898-04-01,52,277,52.7589
82,1951-01-03,K000082,James Preston Kem,MO,1,Republican,Republican,1890-04-02,60,276,60.7562
82,1951-01-03,L000394,Henry Cabot Lodge,MA,1,Republican,Republican,1902-07-05,48,182,48.4986
82,1951-01-03,M000438,Ernest William McFarland,AZ,1,Democratic,Democrat,1894-10-09,56,86,56.2356
82,1951-01-03,M000499,Kenneth Douglas McKellar,TN,1,Democratic,Democrat,1869-01-29,81,339,81.9288
82,1951-01-03,O000032,Herbert Romulus O’Conor,MD,1,Democratic,Democrat,1896-11-17,54,47,54.1288
82,1951-01-03,V000025,Arthur Hendrick Vandenberg,MI,1,Republican,Republican,1884-03-22,66,287,66.7863
82,1951-01-03,B000399,William Benton,CT,1,Democratic,Democrat,1900-04-01,50,277,50.7589
82,1951-01-03,C000317,Virgil Munday Chapman,KY,2,Democratic,Democrat,1895-03-15,55,294,55.8055
82,1951-01-03,C000774,Guy Cordon,OR,2,Republican,Republican,1890-04-24,60,254,60.6959
82,1951-01-03,F000081,Homer Samuel Ferguson,MI,2,Republican,Republican,1889-02-25,61,312,61.8548
82,1951-01-03,G000205,Guy Mark Gillette,IA,2,Democratic,Democrat,1879-02-03,71,334,71.9151
82,1951-01-03,H000495,Robert Clymer Hendrickson,NJ,2,Republican,Republican,1898-08-12,52,144,52.3945
82,1951-01-03,H000975,Lester Callaway Hunt,WY,2,Democratic,Democrat,1892-07-08,58,179,58.4904
82,1951-01-03,J000127,Edwin Carl Johnson,CO,2,Democratic,Democrat,1884-01-01,67,2,67.0055
82,1951-01-03,M000279,Burnet Rhett Maybank,SC,2,Democratic,Democrat,1899-03-07,51,302,51.8274
82,1951-01-03,W000344,Kenneth Spicer Wherry,NE,2,Republican,Republican,1892-02-28,58,309,58.8466
82,1951-01-03,C000506,Earle C Clements,KY,3,Democratic,Democrat,1896-10-22,54,73,54.2
82,1951-01-03,S000639,Willis Smith,NC,2,Democratic,Democrat,1887-12-19,63,15,63.0411
82,1951-01-03,D000516,James Henderson Duff,PA,3,Republican,Republican,1883-01-21,67,347,67.9507
82,1951-01-03,G000131,Walter Franklin George,GA,3,Democratic,Democrat,1878-01-29,72,339,72.9288
82,1951-01-03,H000679,Clyde Roark Hoey,NC,3,Democratic,Democrat,1877-12-11,73,23,73.063
82,1951-01-03,L000224,Herbert Henry Lehman,NY,3,Democratic,Democrat,1878-03-28,72,281,72.7699
82,1951-01-03,M000308,Patrick Anthony McCarran,NV,3,Democratic,Democrat,1876-08-08,74,148,74.4055
82,1951-01-03,M000559,Brien McMahon,CT,3,Democratic,Democrat,1903-10-06,47,89,47.2438
82,1951-01-03,M000771,Eugene Donald Millikin,CO,3,Republican,Republican,1891-02-12,59,325,59.8904
82,1951-01-03,T000009,Robert Alphonso Taft,OH,3,Republican,Republican,1889-09-08,61,117,61.3205
82,1951-01-03,T000289,Charles William Tobey,NH,3,Republican,Republican,1880-07-22,70,165,70.4521
82,1951-01-03,W000269,Herman Welker,ID,3,Republican,Republican,1906-12-11,44,23,44.063
82,1951-01-03,B000820,John William Bricker,OH,1,Republican,Republican,1893-09-06,57,119,57.326
82,1951-01-03,B001177,Hugh Alfred Butler,NE,1,Republican,Republican,1878-02-28,72,309,72.8466
82,1951-01-03,F000190,Ralph Edward Flanders,VT,1,Republican,Republican,1880-09-28,70,97,70.2658
82,1951-01-03,I000050,Irving McNeil Ives,NY,1,Republican,Republican,1896-01-24,54,344,54.9425
82,1951-01-03,J000093,William Ezra Jenner,IN,1,Republican,Republican,1908-07-21,42,166,42.4548
82,1951-01-03,K000176,Harley Martin Kilgore,WV,1,Democratic,Democrat,1893-01-11,57,357,57.9781
82,1951-01-03,K000292,William Fife Knowland,CA,1,Republican,Republican,1908-06-26,42,191,42.5233
82,1951-01-03,L000070,William Langer,ND,1,Republican,Republican,1886-09-30,64,95,64.2603
82,1951-01-03,M000086,George Wilson Malone,NV,1,Republican,Republican,1890-08-07,60,149,60.4082
82,1951-01-03,M000177,Edward Martin,PA,1,Republican,Republican,1879-09-18,71,107,71.2932
82,1951-01-03,M000315,Joseph Raymond McCarthy,WI,1,Republican,Republican,1908-11-14,42,50,42.137
82,1951-01-03,S000553,Howard Alexander Smith,NJ,1,Republican,Republican,1880-01-30,70,338,70.926
82,1951-01-03,T000259,Edward John Thye,MN,1,Republican,Republican,1896-04-26,54,252,54.6904
82,1951-01-03,W000190,Arthur Vivian Watkins,UT,1,Republican,Republican,1886-12-18,64,16,64.0438
82,1951-01-03,O000088,Joseph Christopher O’Mahoney,WY,1,Democratic,Democrat,1884-11-05,66,59,66.1616
82,1951-01-03,B000823,Henry Styles Bridges,NH,2,Republican,Republican,1898-09-09,52,116,52.3178
82,1951-01-03,F000356,Joseph Allen Frear,DE,2,Democratic,Democrat,1903-03-07,47,302,47.8274
82,1951-01-03,G000418,Theodore Francis Green,RI,2,Democratic,Democrat,1867-10-02,83,93,83.2548
82,1951-01-03,M001108,James Edward Murray,MT,2,Democratic,Democrat,1876-05-03,74,245,74.6712
82,1951-01-03,N000023,Matthew Mansfield Neely,WV,2,Democratic,Democrat,1874-11-09,76,55,76.1507
82,1951-01-03,B001180,John Marshall Butler,MD,3,Republican,Republican,1897-07-21,53,166,53.4548
82,1951-01-03,C000128,Homer Earl Capehart,IN,3,Republican,Republican,1897-06-06,53,211,53.5781
82,1951-01-03,C000221,Francis Higbee Case,SD,3,Republican,Republican,1896-12-09,54,25,54.0685
82,1951-01-03,H000502,Thomas Carey Hennings,MO,3,Democratic,Democrat,1903-06-25,47,192,47.526
82,1951-01-03,W000465,Alexander Wiley,WI,3,Republican,Republican,1884-05-26,66,222,66.6082
82,1951-01-03,B001208,Harry Flood Byrd,VA,1,Democratic,Democrat,1887-06-10,63,207,63.5671
82,1951-01-03,C000338,Dennis Chavez,NM,1,Democratic,Democrat,1888-04-08,62,270,62.7397
82,1951-01-03,D000456,Paul Howard Douglas,IL,2,Democratic,Democrat,1892-03-26,58,283,58.7753
82,1951-01-03,D000585,Henry Clarence Dworshak,ID,2,Republican,Republican,1894-08-29,56,127,56.3479
82,1951-01-03,K000044,Carey Estes Kefauver,TN,2,Democratic,Democrat,1903-07-26,47,161,47.4411
82,1951-01-03,K000144,Robert Samuel Kerr,OK,2,Democratic,Democrat,1896-09-11,54,114,54.3123
82,1951-01-03,R000317,Absalom Willis Robertson,VA,2,Democratic,Democrat,1887-05-27,63,221,63.6055
82,1951-01-03,S000021,Leverett Saltonstall,MA,2,Republican,Republican,1892-09-01,58,124,58.3397
82,1951-01-03,S000138,Andrew Frank Schoeppel,KS,2,Republican,Republican,1894-11-23,56,41,56.1123
82,1951-01-03,C000154,Frank Carlson,KS,3,Republican,Republican,1893-01-23,57,345,57.9452
82,1951-01-03,D000360,Everett McKinley Dirksen,IL,3,Republican,Republican,1896-01-04,54,364,54.9973
82,1951-01-03,H000385,Carl Trumbull Hayden,AZ,3,Democratic,Democrat,1877-10-02,73,93,73.2548
82,1951-01-03,H000559,Bourke Blakemore Hickenlooper,IA,3,Republican,Republican,1896-07-21,54,166,54.4548
82,1951-01-03,H000598,Joseph Lister Hill,AL,3,Democratic,Democrat,1894-12-29,56,5,56.0137
82,1951-01-03,J000195,Olin DeWitt Talmadge Johnston,SC,3,Democratic,Democrat,1896-11-18,54,46,54.126
82,1951-01-03,M000859,Almer Stillwell Mike Monroney,OK,3,Democratic,Democrat,1902-03-02,48,307,48.8411
82,1951-01-03,M001014,Wayne Lyman Morse,OR,3,Other,Independent,1900-10-20,50,75,50.2055
82,1951-01-03,S000505,George Armistead Smathers,FL,3,Democratic,Democrat,1913-11-14,37,50,37.137
82,1951-01-03,J000160,Lyndon Baines Johnson,TX,2,Democratic,Democrat,1908-08-27,42,129,42.3534
82,1951-01-03,H000720,Spessard Lindsey Holland,FL,1,Democratic,Democrat,1892-07-10,58,177,58.4849
82,1951-01-03,W000518,John James Williams,DE,1,Republican,Republican,1904-05-17,46,231,46.6329
82,1951-01-03,A000186,Clinton Presba Anderson,NM,2,Democratic,Democrat,1895-10-23,55,72,55.1973
82,1951-01-03,E000112,Allen Joseph Ellender,LA,2,Democratic,Democrat,1890-09-24,60,101,60.2767
82,1951-01-03,M001078,Karl Earl Mundt,SD,2,Republican,Republican,1900-06-03,50,214,50.5863
82,1951-01-03,R000536,Richard Brevard Russell,GA,2,Democratic,Democrat,1897-11-02,53,62,53.1699
82,1951-01-03,S000590,Margaret Chase Smith,ME,2,Republican,Republican,1897-12-14,53,20,53.0548
82,1951-01-03,A000062,George David Aiken,VT,3,Republican,Republican,1892-08-20,58,136,58.3726
82,1951-01-03,B000384,Wallace Foster Bennett,UT,3,Republican,Republican,1898-11-13,52,51,52.1397
82,1951-01-03,F000401,James William Fulbright,AR,3,Democratic,Democrat,1905-04-09,45,269,45.737
82,1951-01-03,N000116,Richard Milhous Nixon,CA,3,Republican,Republican,1913-01-09,37,359,37.9836
82,1951-01-03,P000100,John Orlando Pastore,RI,1,Democratic,Democrat,1907-03-17,43,292,43.8
82,1951-01-03,E000018,James Oliver Eastland,MS,2,Democratic,Democrat,1904-11-28,46,36,46.0986
82,1951-01-03,M000332,John Little McClellan,AR,2,Democratic,Democrat,1896-02-25,54,312,54.8548
82,1951-01-03,S000701,John Jackson Sparkman,AL,2,Democratic,Democrat,1899-12-20,51,14,51.0384
82,1951-01-03,M000053,Warren Grant Magnuson,WA,3,Democratic,Democrat,1905-04-12,45,266,45.7288
82,1951-01-03,Y000047,Milton Ruben Young,ND,3,Republican,Republican,1897-12-06,53,28,53.0767
82,1951-01-03,H000953,Hubert Horatio Humphrey,MN,2,Democratic,Democrat,1911-05-27,39,221,39.6055
82,1951-01-03,L000428,Russell Billiu Long,LA,3,Democratic,Democrat,1918-11-03,32,61,32.1671
82,1951-01-03,S000852,John Cornelius Stennis,MS,1,Democratic,Democrat,1901-08-03,49,153,49.4192
83,1953-01-03,C000774,Guy Cordon,OR,2,Republican,Republican,1890-04-24,62,254,62.6959
83,1953-01-03,F000081,Homer Samuel Ferguson,MI,2,Republican,Republican,1889-02-25,63,313,63.8552
83,1953-01-03,G000205,Guy Mark Gillette,IA,2,Democratic,Democrat,1879-02-03,73,335,73.9153
83,1953-01-03,H000495,Robert Clymer Hendrickson,NJ,2,Republican,Republican,1898-08-12,54,144,54.3945
83,1953-01-03,H000975,Lester Callaway Hunt,WY,2,Democratic,Democrat,1892-07-08,60,179,60.4904
83,1953-01-03,J000127,Edwin Carl Johnson,CO,2,Democratic,Democrat,1884-01-01,69,2,69.0055
83,1953-01-03,M000279,Burnet Rhett Maybank,SC,2,Democratic,Democrat,1899-03-07,53,302,53.8274
83,1953-01-03,C000506,Earle C Clements,KY,3,Democratic,Democrat,1896-10-22,56,73,56.2
83,1953-01-03,S000639,Willis Smith,NC,2,Democratic,Democrat,1887-12-19,65,15,65.0411
83,1953-01-03,D000516,James Henderson Duff,PA,3,Republican,Republican,1883-01-21,69,348,69.9508
83,1953-01-03,G000131,Walter Franklin George,GA,3,Democratic,Democrat,1878-01-29,74,340,74.929
83,1953-01-03,H000679,Clyde Roark Hoey,NC,3,Democratic,Democrat,1877-12-11,75,23,75.063
83,1953-01-03,L000224,Herbert Henry Lehman,NY,3,Democratic,Democrat,1878-03-28,74,281,74.7699
83,1953-01-03,M000308,Patrick Anthony McCarran,NV,3,Democratic,Democrat,1876-08-08,76,148,76.4055
83,1953-01-03,M000771,Eugene Donald Millikin,CO,3,Republican,Republican,1891-02-12,61,326,61.8907
83,1953-01-03,T000009,Robert Alphonso Taft,OH,3,Republican,Republican,1889-09-08,63,117,63.3205
83,1953-01-03,T000289,Charles William Tobey,NH,3,Republican,Republican,1880-07-22,72,165,72.4521
83,1953-01-03,W000269,Herman Welker,ID,3,Republican,Republican,1906-12-11,46,23,46.063
83,1953-01-03,G000481,Dwight Palmer Griswold,NE,2,Republican,Republican,1893-11-27,59,37,59.1014
83,1953-01-03,P000460,Charles Edward Potter,MI,1,Republican,Republican,1916-10-30,36,65,36.1781
83,1953-01-03,B000176,Frank Aloysius Barrett,WY,1,Republican,Republican,1892-11-10,60,54,60.1479
83,1953-01-03,B000820,John William Bricker,OH,1,Republican,Republican,1893-09-06,59,119,59.326
83,1953-01-03,B001177,Hugh Alfred Butler,NE,1,Republican,Republican,1878-02-28,74,310,74.847
83,1953-01-03,D000036,Marion Price Daniel,TX,1,Democratic,Democrat,1910-10-10,42,85,42.2329
83,1953-01-03,F000190,Ralph Edward Flanders,VT,1,Republican,Republican,1880-09-28,72,97,72.2658
83,1953-01-03,I000050,Irving McNeil Ives,NY,1,Republican,Republican,1896-01-24,56,345,56.9426
83,1953-01-03,J000093,William Ezra Jenner,IN,1,Republican,Republican,1908-07-21,44,166,44.4548
83,1953-01-03,K000176,Harley Martin Kilgore,WV,1,Democratic,Democrat,1893-01-11,59,358,59.9781
83,1953-01-03,K000292,William Fife Knowland,CA,1,Republican,Republican,1908-06-26,44,191,44.5233
83,1953-01-03,L000070,William Langer,ND,1,Republican,Republican,1886-09-30,66,95,66.2603
83,1953-01-03,M000086,George Wilson Malone,NV,1,Republican,Republican,1890-08-07,62,149,62.4082
83,1953-01-03,M000177,Edward Martin,PA,1,Republican,Republican,1879-09-18,73,107,73.2932
83,1953-01-03,M000315,Joseph Raymond McCarthy,WI,1,Republican,Republican,1908-11-14,44,50,44.137
83,1953-01-03,P000150,Frederick George Payne,ME,1,Republican,Republican,1904-07-24,48,163,48.4466
83,1953-01-03,P000575,William Arthur Purtell,CT,1,Republican,Republican,1897-05-06,55,242,55.663
83,1953-01-03,S000553,Howard Alexander Smith,NJ,1,Republican,Republican,1880-01-30,72,339,72.9262
83,1953-01-03,T000259,Edward John Thye,MN,1,Republican,Republican,1896-04-26,56,252,56.6904
83,1953-01-03,W000190,Arthur Vivian Watkins,UT,1,Republican,Republican,1886-12-18,66,16,66.0438
83,1953-01-03,B000823,Henry Styles Bridges,NH,2,Republican,Republican,1898-09-09,54,116,54.3178
83,1953-01-03,F000356,Joseph Allen Frear,DE,2,Democratic,Democrat,1903-03-07,49,302,49.8274
83,1953-01-03,G000418,Theodore Francis Green,RI,2,Democratic,Democrat,1867-10-02,85,93,85.2548
83,1953-01-03,M001108,James Edward Murray,MT,2,Democratic,Democrat,1876-05-03,76,245,76.6712
83,1953-01-03,N000023,Matthew Mansfield Neely,WV,2,Democratic,Democrat,1874-11-09,78,55,78.1507
83,1953-01-03,B001167,Prescott Sheldon Bush,CT,3,Republican,Republican,1895-05-15,57,233,57.6384
83,1953-01-03,B001180,John Marshall Butler,MD,3,Republican,Republican,1897-07-21,55,166,55.4548
83,1953-01-03,C000128,Homer Earl Capehart,IN,3,Republican,Republican,1897-06-06,55,211,55.5781
83,1953-01-03,C000221,Francis Higbee Case,SD,3,Republican,Republican,1896-12-09,56,25,56.0685
83,1953-01-03,H000502,Thomas Carey Hennings,MO,3,Democratic,Democrat,1903-06-25,49,192,49.526
83,1953-01-03,W000465,Alexander Wiley,WI,3,Republican,Republican,1884-05-26,68,222,68.6082
83,1953-01-03,B000271,James Glenn Beall,MD,1,Republican,Republican,1894-06-05,58,212,58.5808
83,1953-01-03,B001208,Harry Flood Byrd,VA,1,Democratic,Democrat,1887-06-10,65,207,65.5671
83,1953-01-03,C000338,Dennis Chavez,NM,1,Democratic,Democrat,1888-04-08,64,270,64.7397
83,1953-01-03,D000456,Paul Howard Douglas,IL,2,Democratic,Democrat,1892-03-26,60,283,60.7753
83,1953-01-03,D000585,Henry Clarence Dworshak,ID,2,Republican,Republican,1894-08-29,58,127,58.3479
83,1953-01-03,K000044,Carey Estes Kefauver,TN,2,Democratic,Democrat,1903-07-26,49,161,49.4411
83,1953-01-03,K000144,Robert Samuel Kerr,OK,2,Democratic,Democrat,1896-09-11,56,114,56.3123
83,1953-01-03,R000317,Absalom Willis Robertson,VA,2,Democratic,Democrat,1887-05-27,65,221,65.6055
83,1953-01-03,S000021,Leverett Saltonstall,MA,2,Republican,Republican,1892-09-01,60,124,60.3397
83,1953-01-03,S000138,Andrew Frank Schoeppel,KS,2,Republican,Republican,1894-11-23,58,41,58.1123
83,1953-01-03,K000107,John Fitzgerald Kennedy,MA,1,Democratic,Democrat,1917-05-29,35,219,35.6
83,1953-01-03,C000154,Frank Carlson,KS,3,Republican,Republican,1893-01-23,59,346,59.9454
83,1953-01-03,D000360,Everett McKinley Dirksen,IL,3,Republican,Republican,1896-01-04,56,365,56.9973
83,1953-01-03,H000385,Carl Trumbull Hayden,AZ,3,Democratic,Democrat,1877-10-02,75,93,75.2548
83,1953-01-03,H000559,Bourke Blakemore Hickenlooper,IA,3,Republican,Republican,1896-07-21,56,166,56.4548
83,1953-01-03,H000598,Joseph Lister Hill,AL,3,Democratic,Democrat,1894-12-29,58,5,58.0137
83,1953-01-03,J000195,Olin DeWitt Talmadge Johnston,SC,3,Democratic,Democrat,1896-11-18,56,46,56.126
83,1953-01-03,K000335,Thomas Henry Kuchel,CA,3,Republican,Republican,1910-08-15,42,141,42.3863
83,1953-01-03,M000859,Almer Stillwell Mike Monroney,OK,3,Democratic,Democrat,1902-03-02,50,307,50.8411
83,1953-01-03,M001014,Wayne Lyman Morse,OR,3,Other,Independent,1900-10-20,52,75,52.2055
83,1953-01-03,S000505,George Armistead Smathers,FL,3,Democratic,Democrat,1913-11-14,39,50,39.137
83,1953-01-03,J000160,Lyndon Baines Johnson,TX,2,Democratic,Democrat,1908-08-27,44,129,44.3534
83,1953-01-03,G000320,Albert Arnold Gore,TN,1,Democratic,Democrat,1907-12-26,45,8,45.0219
83,1953-01-03,H000720,Spessard Lindsey Holland,FL,1,Democratic,Democrat,1892-07-10,60,177,60.4849
83,1953-01-03,W000518,John James Williams,DE,1,Republican,Republican,1904-05-17,48,231,48.6329
83,1953-01-03,A000186,Clinton Presba Anderson,NM,2,Democratic,Democrat,1895-10-23,57,72,57.1973
83,1953-01-03,C000758,John Sherman Cooper,KY,2,Republican,Republican,1901-08-23,51,133,51.3644
83,1953-01-03,E000112,Allen Joseph Ellender,LA,2,Democratic,Democrat,1890-09-24,62,101,62.2767
83,1953-01-03,M001078,Karl Earl Mundt,SD,2,Republican,Republican,1900-06-03,52,214,52.5863
83,1953-01-03,R000536,Richard Brevard Russell,GA,2,Democratic,Democrat,1897-11-02,55,62,55.1699
83,1953-01-03,S000590,Margaret Chase Smith,ME,2,Republican,Republican,1897-12-14,55,20,55.0548
83,1953-01-03,A000062,George David Aiken,VT,3,Republican,Republican,1892-08-20,60,136,60.3726
83,1953-01-03,B000384,Wallace Foster Bennett,UT,3,Republican,Republican,1898-11-13,54,51,54.1397
83,1953-01-03,F000401,James William Fulbright,AR,3,Democratic,Democrat,1905-04-09,47,269,47.737
83,1953-01-03,M000113,Michael Joseph Mansfield,MT,1,Democratic,Democrat,1903-03-16,49,293,49.8027
83,1953-01-03,P000100,John Orlando Pastore,RI,1,Democratic,Democrat,1907-03-17,45,292,45.8
83,1953-01-03,S001136,William Stuart Symington,MO,1,Democratic,Democrat,1901-06-26,51,191,51.5233
83,1953-01-03,E000018,James Oliver Eastland,MS,2,Democratic,Democrat,1904-11-28,48,36,48.0986
83,1953-01-03,M000332,John Little McClellan,AR,2,Democratic,Democrat,1896-02-25,56,313,56.8552
83,1953-01-03,S000701,John Jackson Sparkman,AL,2,Democratic,Democrat,1899-12-20,53,14,53.0384
83,1953-01-03,M000053,Warren Grant Magnuson,WA,3,Democratic,Democrat,1905-04-12,47,266,47.7288
83,1953-01-03,Y000047,Milton Ruben Young,ND,3,Republican,Republican,1897-12-06,55,28,55.0767
83,1953-01-03,H000953,Hubert Horatio Humphrey,MN,2,Democratic,Democrat,1911-05-27,41,221,41.6055
83,1953-01-03,G000267,Barry Morris Goldwater,AZ,1,Republican,Republican,1909-01-01,44,2,44.0055
83,1953-01-03,L000428,Russell Billiu Long,LA,3,Democratic,Democrat,1918-11-03,34,61,34.1671
83,1953-01-03,J000013,Henry Martin Jackson,WA,1,Democratic,Democrat,1912-05-31,40,217,40.5945
83,1953-01-03,S000852,John Cornelius Stennis,MS,1,Democratic,Democrat,1901-08-03,51,153,51.4192
84,1955-01-05,C000506,Earle C Clements,KY,3,Democratic,Democrat,1896-10-22,58,75,58.2055
84,1955-01-05,D000516,James Henderson Duff,PA,3,Republican,Republican,1883-01-21,71,349,71.9562
84,1955-01-05,G000131,Walter Franklin George,GA,3,Democratic,Democrat,1878-01-29,76,341,76.9342
84,1955-01-05,L000224,Herbert Henry Lehman,NY,3,Democratic,Democrat,1878-03-28,76,283,76.7753
84,1955-01-05,M000771,Eugene Donald Millikin,CO,3,Republican,Republican,1891-02-12,63,327,63.8959
84,1955-01-05,W000269,Herman Welker,ID,3,Republican,Republican,1906-12-11,48,25,48.0685
84,1955-01-05,P000460,Charles Edward Potter,MI,1,Republican,Republican,1916-10-30,38,67,38.1836
84,1955-01-05,B000176,Frank Aloysius Barrett,WY,1,Republican,Republican,1892-11-10,62,56,62.1534
84,1955-01-05,B000820,John William Bricker,OH,1,Republican,Republican,1893-09-06,61,121,61.3315
84,1955-01-05,D000036,Marion Price Daniel,TX,1,Democratic,Democrat,1910-10-10,44,87,44.2384
84,1955-01-05,F000190,Ralph Edward Flanders,VT,1,Republican,Republican,1880-09-28,74,99,74.2712
84,1955-01-05,I000050,Irving McNeil Ives,NY,1,Republican,Republican,1896-01-24,58,346,58.9479
84,1955-01-05,J000093,William Ezra Jenner,IN,1,Republican,Republican,1908-07-21,46,168,46.4603
84,1955-01-05,K000176,Harley Martin Kilgore,WV,1,Democratic,Democrat,1893-01-11,61,359,61.9836
84,1955-01-05,K000292,William Fife Knowland,CA,1,Republican,Republican,1908-06-26,46,193,46.5288
84,1955-01-05,L000070,William Langer,ND,1,Republican,Republican,1886-09-30,68,97,68.2658
84,1955-01-05,M000086,George Wilson Malone,NV,1,Republican,Republican,1890-08-07,64,151,64.4137
84,1955-01-05,M000177,Edward Martin,PA,1,Republican,Republican,1879-09-18,75,109,75.2986
84,1955-01-05,M000315,Joseph Raymond McCarthy,WI,1,Republican,Republican,1908-11-14,46,52,46.1425
84,1955-01-05,P000150,Frederick George Payne,ME,1,Republican,Republican,1904-07-24,50,165,50.4521
84,1955-01-05,P000575,William Arthur Purtell,CT,1,Republican,Republican,1897-05-06,57,244,57.6685
84,1955-01-05,S000553,Howard Alexander Smith,NJ,1,Republican,Republican,1880-01-30,74,340,74.9315
84,1955-01-05,T000259,Edward John Thye,MN,1,Republican,Republican,1896-04-26,58,254,58.6959
84,1955-01-05,W000190,Arthur Vivian Watkins,UT,1,Republican,Republican,1886-12-18,68,18,68.0493
84,1955-01-05,B000356,George Harrison Bender,OH,3,Republican,Republican,1896-09-29,58,98,58.2685
84,1955-01-05,O000088,Joseph Christopher O’Mahoney,WY,2,Democratic,Democrat,1884-11-05,70,61,70.1671
84,1955-01-05,S000187,William Kerr Scott,NC,2,Democratic,Democrat,1896-04-17,58,263,58.7205
84,1955-01-05,B000145,Alben William Barkley,KY,2,Democratic,Democrat,1877-11-24,77,42,77.1151
84,1955-01-05,B000823,Henry Styles Bridges,NH,2,Republican,Republican,1898-09-09,56,118,56.3233
84,1955-01-05,F000356,Joseph Allen Frear,DE,2,Democratic,Democrat,1903-03-07,51,304,51.8329
84,1955-01-05,G000418,Theodore Francis Green,RI,2,Democratic,Democrat,1867-10-02,87,95,87.2603
84,1955-01-05,M000199,Thomas Ellsworth Martin,IA,2,Republican,Republican,1893-01-18,61,352,61.9644
84,1955-01-05,M001108,James Edward Murray,MT,2,Democratic,Democrat,1876-05-03,78,247,78.6767
84,1955-01-05,N000023,Matthew Mansfield Neely,WV,2,Democratic,Democrat,1874-11-09,80,57,80.1562
84,1955-01-05,N000053,Richard Lewis Neuberger,OR,2,Democratic,Democrat,1912-12-26,42,10,42.0274
84,1955-01-05,B001167,Prescott Sheldon Bush,CT,3,Republican,Republican,1895-05-15,59,235,59.6438
84,1955-01-05,B001180,John Marshall Butler,MD,3,Republican,Republican,1897-07-21,57,168,57.4603
84,1955-01-05,C000128,Homer Earl Capehart,IN,3,Republican,Republican,1897-06-06,57,213,57.5836
84,1955-01-05,C000221,Francis Higbee Case,SD,3,Republican,Republican,1896-12-09,58,27,58.074
84,1955-01-05,H000502,Thomas Carey Hennings,MO,3,Democratic,Democrat,1903-06-25,51,194,51.5315
84,1955-01-05,W000465,Alexander Wiley,WI,3,Republican,Republican,1884-05-26,70,224,70.6137
84,1955-01-05,B000271,James Glenn Beall,MD,1,Republican,Republican,1894-06-05,60,214,60.5863
84,1955-01-05,B001208,Harry Flood Byrd,VA,1,Democratic,Democrat,1887-06-10,67,209,67.5726
84,1955-01-05,C000338,Dennis Chavez,NM,1,Democratic,Democrat,1888-04-08,66,272,66.7452
84,1955-01-05,D000456,Paul Howard Douglas,IL,2,Democratic,Democrat,1892-03-26,62,285,62.7808
84,1955-01-05,D000585,Henry Clarence Dworshak,ID,2,Republican,Republican,1894-08-29,60,129,60.3534
84,1955-01-05,K000044,Carey Estes Kefauver,TN,2,Democratic,Democrat,1903-07-26,51,163,51.4466
84,1955-01-05,K000144,Robert Samuel Kerr,OK,2,Democratic,Democrat,1896-09-11,58,116,58.3178
84,1955-01-05,M000582,Patrick Vincent McNamara,MI,2,Democratic,Democrat,1894-10-04,60,93,60.2548
84,1955-01-05,R000317,Absalom Willis Robertson,VA,2,Democratic,Democrat,1887-05-27,67,223,67.611
84,1955-01-05,S000021,Leverett Saltonstall,MA,2,Republican,Republican,1892-09-01,62,126,62.3452
84,1955-01-05,S000138,Andrew Frank Schoeppel,KS,2,Republican,Republican,1894-11-23,60,43,60.1178
84,1955-01-05,K000107,John Fitzgerald Kennedy,MA,1,Democratic,Democrat,1917-05-29,37,221,37.6055
84,1955-01-05,C000154,Frank Carlson,KS,3,Republican,Republican,1893-01-23,61,347,61.9507
84,1955-01-05,D000360,Everett McKinley Dirksen,IL,3,Republican,Republican,1896-01-04,59,1,59.0027
84,1955-01-05,H000385,Carl Trumbull Hayden,AZ,3,Democratic,Democrat,1877-10-02,77,95,77.2603
84,1955-01-05,H000559,Bourke Blakemore Hickenlooper,IA,3,Republican,Republican,1896-07-21,58,168,58.4603
84,1955-01-05,H000598,Joseph Lister Hill,AL,3,Democratic,Democrat,1894-12-29,60,7,60.0192
84,1955-01-05,J000195,Olin DeWitt Talmadge Johnston,SC,3,Democratic,Democrat,1896-11-18,58,48,58.1315
84,1955-01-05,K000335,Thomas Henry Kuchel,CA,3,Republican,Republican,1910-08-15,44,143,44.3918
84,1955-01-05,M000859,Almer Stillwell Mike Monroney,OK,3,Democratic,Democrat,1902-03-02,52,309,52.8466
84,1955-01-05,M001014,Wayne Lyman Morse,OR,3,Other,Independent,1900-10-20,54,77,54.211
84,1955-01-05,S000505,George Armistead Smathers,FL,3,Democratic,Democrat,1913-11-14,41,52,41.1425
84,1955-01-05,J000160,Lyndon Baines Johnson,TX,2,Democratic,Democrat,1908-08-27,46,131,46.3589
84,1955-01-05,G000320,Albert Arnold Gore,TN,1,Democratic,Democrat,1907-12-26,47,10,47.0274
84,1955-01-05,H000720,Spessard Lindsey Holland,FL,1,Democratic,Democrat,1892-07-10,62,179,62.4904
84,1955-01-05,W000518,John James Williams,DE,1,Republican,Republican,1904-05-17,50,233,50.6384
84,1955-01-05,A000161,Gordon Llewellyn Allott,CO,2,Republican,Republican,1907-01-02,48,3,48.0082
84,1955-01-05,A000186,Clinton Presba Anderson,NM,2,Democratic,Democrat,1895-10-23,59,74,59.2027
84,1955-01-05,E000112,Allen Joseph Ellender,LA,2,Democratic,Democrat,1890-09-24,64,103,64.2822
84,1955-01-05,M001078,Karl Earl Mundt,SD,2,Republican,Republican,1900-06-03,54,216,54.5918
84,1955-01-05,R000536,Richard Brevard Russell,GA,2,Democratic,Democrat,1897-11-02,57,64,57.1753
84,1955-01-05,S000590,Margaret Chase Smith,ME,2,Republican,Republican,1897-12-14,57,22,57.0603
84,1955-01-05,A000062,George David Aiken,VT,3,Republican,Republican,1892-08-20,62,138,62.3781
84,1955-01-05,B000384,Wallace Foster Bennett,UT,3,Republican,Republican,1898-11-13,56,53,56.1452
84,1955-01-05,B000436,Alan Harvey Bible,NV,3,Democratic,Democrat,1909-11-20,45,46,45.126
84,1955-01-05,E000211,Samuel James Ervin,NC,3,Democratic,Democrat,1896-09-27,58,100,58.274
84,1955-01-05,F000401,James William Fulbright,AR,3,Democratic,Democrat,1905-04-09,49,271,49.7425
84,1955-01-05,H000875,Roman Lee Hruska,NE,1,Republican,Republican,1904-08-16,50,142,50.389
84,1955-01-05,M000113,Michael Joseph Mansfield,MT,1,Democratic,Democrat,1903-03-16,51,295,51.8082
84,1955-01-05,P000100,John Orlando Pastore,RI,1,Democratic,Democrat,1907-03-17,47,294,47.8055
84,1955-01-05,S001136,William Stuart Symington,MO,1,Democratic,Democrat,1901-06-26,53,193,53.5288
84,1955-01-05,C000220,Clifford Philip Case,NJ,2,Republican,Republican,1904-04-16,50,264,50.7233
84,1955-01-05,C001006,Carl Thomas Curtis,NE,2,Republican,Republican,1905-03-15,49,296,49.811
84,1955-01-05,E000018,James Oliver Eastland,MS,2,Democratic,Democrat,1904-11-28,50,38,50.1041
84,1955-01-05,M000332,John Little McClellan,AR,2,Democratic,Democrat,1896-02-25,58,314,58.8603
84,1955-01-05,S000701,John Jackson Sparkman,AL,2,Democratic,Democrat,1899-12-20,55,16,55.0438
84,1955-01-05,C000802,Norris H. Cotton,NH,3,Republican,Republican,1900-05-11,54,239,54.6548
84,1955-01-05,M000053,Warren Grant Magnuson,WA,3,Democratic,Democrat,1905-04-12,49,268,49.7342
84,1955-01-05,Y000047,Milton Ruben Young,ND,3,Republican,Republican,1897-12-06,57,30,57.0822
84,1955-01-05,H000953,Hubert Horatio Humphrey,MN,2,Democratic,Democrat,1911-05-27,43,223,43.611
84,1955-01-05,G000267,Barry Morris Goldwater,AZ,1,Republican,Republican,1909-01-01,46,4,46.011
84,1955-01-05,L000428,Russell Billiu Long,LA,3,Democratic,Democrat,1918-11-03,36,63,36.1726
84,1955-01-05,J000013,Henry Martin Jackson,WA,1,Democratic,Democrat,1912-05-31,42,219,42.6
84,1955-01-05,S000852,John Cornelius Stennis,MS,1,Democratic,Democrat,1901-08-03,53,155,53.4247
84,1955-01-05,T000254,J. Strom Thurmond,SC,2,Democratic,Democrat,1902-12-05,52,31,52.0849
85,1957-01-03,P000460,Charles Edward Potter,MI,1,Republican,Republican,1916-10-30,40,65,40.1781
85,1957-01-03,B000176,Frank Aloysius Barrett,WY,1,Republican,Republican,1892-11-10,64,54,64.1479
85,1957-01-03,B000820,John William Bricker,OH,1,Republican,Republican,1893-09-06,63,119,63.326
85,1957-01-03,D000036,Marion Price Daniel,TX,1,Democratic,Democrat,1910-10-10,46,85,46.2329
85,1957-01-03,F000190,Ralph Edward Flanders,VT,1,Republican,Republican,1880-09-28,76,97,76.2658
85,1957-01-03,I000050,Irving McNeil Ives,NY,1,Republican,Republican,1896-01-24,60,345,60.9426
85,1957-01-03,J000093,William Ezra Jenner,IN,1,Republican,Republican,1908-07-21,48,166,48.4548
85,1957-01-03,K000292,William Fife Knowland,CA,1,Republican,Republican,1908-06-26,48,191,48.5233
85,1957-01-03,L000070,William Langer,ND,1,Republican,Republican,1886-09-30,70,95,70.2603
85,1957-01-03,M000086,George Wilson Malone,NV,1,Republican,Republican,1890-08-07,66,149,66.4082
85,1957-01-03,M000177,Edward Martin,PA,1,Republican,Republican,1879-09-18,77,107,77.2932
85,1957-01-03,M000315,Joseph Raymond McCarthy,WI,1,Republican,Republican,1908-11-14,48,50,48.137
85,1957-01-03,P000150,Frederick George Payne,ME,1,Republican,Republican,1904-07-24,52,163,52.4466
85,1957-01-03,P000575,William Arthur Purtell,CT,1,Republican,Republican,1897-05-06,59,242,59.663
85,1957-01-03,S000553,Howard Alexander Smith,NJ,1,Republican,Republican,1880-01-30,76,339,76.9262
85,1957-01-03,T000259,Edward John Thye,MN,1,Republican,Republican,1896-04-26,60,252,60.6904
85,1957-01-03,W000190,Arthur Vivian Watkins,UT,1,Republican,Republican,1886-12-18,70,16,70.0438
85,1957-01-03,O000088,Joseph Christopher O’Mahoney,WY,2,Democratic,Democrat,1884-11-05,72,59,72.1616
85,1957-01-03,S000187,William Kerr Scott,NC,2,Democratic,Democrat,1896-04-17,60,261,60.7151
85,1957-01-03,B000823,Henry Styles Bridges,NH,2,Republican,Republican,1898-09-09,58,116,58.3178
85,1957-01-03,F000356,Joseph Allen Frear,DE,2,Democratic,Democrat,1903-03-07,53,302,53.8274
85,1957-01-03,G000418,Theodore Francis Green,RI,2,Democratic,Democrat,1867-10-02,89,93,89.2548
85,1957-01-03,M000199,Thomas Ellsworth Martin,IA,2,Republican,Republican,1893-01-18,63,351,63.959
85,1957-01-03,M001108,James Edward Murray,MT,2,Democratic,Democrat,1876-05-03,80,245,80.6712
85,1957-01-03,N000023,Matthew Mansfield Neely,WV,2,Democratic,Democrat,1874-11-09,82,55,82.1507
85,1957-01-03,N000053,Richard Lewis Neuberger,OR,2,Democratic,Democrat,1912-12-26,44,8,44.0219
85,1957-01-03,R000167,William Chapman Revercomb,WV,1,Republican,Republican,1895-07-20,61,167,61.4575
85,1957-01-03,B001167,Prescott Sheldon Bush,CT,3,Republican,Republican,1895-05-15,61,233,61.6384
85,1957-01-03,B001180,John Marshall Butler,MD,3,Republican,Republican,1897-07-21,59,166,59.4548
85,1957-01-03,C000128,Homer Earl Capehart,IN,3,Republican,Republican,1897-06-06,59,211,59.5781
85,1957-01-03,C000189,John Albert Carroll,CO,3,Democratic,Democrat,1901-07-30,55,157,55.4301
85,1957-01-03,C000221,Francis Higbee Case,SD,3,Republican,Republican,1896-12-09,60,25,60.0685
85,1957-01-03,H000502,Thomas Carey Hennings,MO,3,Democratic,Democrat,1903-06-25,53,192,53.526
85,1957-01-03,W000465,Alexander Wiley,WI,3,Republican,Republican,1884-05-26,72,222,72.6082
85,1957-01-03,B000271,James Glenn Beall,MD,1,Republican,Republican,1894-06-05,62,212,62.5808
85,1957-01-03,B001208,Harry Flood Byrd,VA,1,Democratic,Democrat,1887-06-10,69,207,69.5671
85,1957-01-03,C000338,Dennis Chavez,NM,1,Democratic,Democrat,1888-04-08,68,270,68.7397
85,1957-01-03,D000456,Paul Howard Douglas,IL,2,Democratic,Democrat,1892-03-26,64,283,64.7753
85,1957-01-03,D000585,Henry Clarence Dworshak,ID,2,Republican,Republican,1894-08-29,62,127,62.3479
85,1957-01-03,K000044,Carey Estes Kefauver,TN,2,Democratic,Democrat,1903-07-26,53,161,53.4411
85,1957-01-03,K000144,Robert Samuel Kerr,OK,2,Democratic,Democrat,1896-09-11,60,114,60.3123
85,1957-01-03,M000582,Patrick Vincent McNamara,MI,2,Democratic,Democrat,1894-10-04,62,91,62.2493
85,1957-01-03,R000317,Absalom Willis Robertson,VA,2,Democratic,Democrat,1887-05-27,69,221,69.6055
85,1957-01-03,S000021,Leverett Saltonstall,MA,2,Republican,Republican,1892-09-01,64,124,64.3397
85,1957-01-03,S000138,Andrew Frank Schoeppel,KS,2,Republican,Republican,1894-11-23,62,41,62.1123
85,1957-01-03,K000107,John Fitzgerald Kennedy,MA,1,Democratic,Democrat,1917-05-29,39,219,39.6
85,1957-01-03,C000154,Frank Carlson,KS,3,Republican,Republican,1893-01-23,63,346,63.9454
85,1957-01-03,C000444,Joseph Sill Clark,PA,3,Democratic,Democrat,1901-10-21,55,74,55.2027
85,1957-01-03,D000360,Everett McKinley Dirksen,IL,3,Republican,Republican,1896-01-04,60,365,60.9973
85,1957-01-03,H000385,Carl Trumbull Hayden,AZ,3,Democratic,Democrat,1877-10-02,79,93,79.2548
85,1957-01-03,H000559,Bourke Blakemore Hickenlooper,IA,3,Republican,Republican,1896-07-21,60,166,60.4548
85,1957-01-03,H000598,Joseph Lister Hill,AL,3,Democratic,Democrat,1894-12-29,62,5,62.0137
85,1957-01-03,J000195,Olin DeWitt Talmadge Johnston,SC,3,Democratic,Democrat,1896-11-18,60,46,60.126
85,1957-01-03,K000335,Thomas Henry Kuchel,CA,3,Republican,Republican,1910-08-15,46,141,46.3863
85,1957-01-03,L000122,Frank John Lausche,OH,3,Democratic,Democrat,1895-11-14,61,50,61.137
85,1957-01-03,M000859,Almer Stillwell Mike Monroney,OK,3,Democratic,Democrat,1902-03-02,54,307,54.8411
85,1957-01-03,M001014,Wayne Lyman Morse,OR,3,Democratic,Democrat,1900-10-20,56,75,56.2055
85,1957-01-03,M001022,Thruston Ballard Morton,KY,3,Republican,Republican,1907-08-19,49,137,49.3753
85,1957-01-03,S000505,George Armistead Smathers,FL,3,Democratic,Democrat,1913-11-14,43,50,43.137
85,1957-01-03,J000160,Lyndon Baines Johnson,TX,2,Democratic,Democrat,1908-08-27,48,129,48.3534
85,1957-01-03,G000320,Albert Arnold Gore,TN,1,Democratic,Democrat,1907-12-26,49,8,49.0219
85,1957-01-03,H000720,Spessard Lindsey Holland,FL,1,Democratic,Democrat,1892-07-10,64,177,64.4849
85,1957-01-03,W000518,John James Williams,DE,1,Republican,Republican,1904-05-17,52,231,52.6329
85,1957-01-03,A000161,Gordon Llewellyn Allott,CO,2,Republican,Republican,1907-01-02,50,1,50.0027
85,1957-01-03,A000186,Clinton Presba Anderson,NM,2,Democratic,Democrat,1895-10-23,61,72,61.1973
85,1957-01-03,C000758,John Sherman Cooper,KY,2,Republican,Republican,1901-08-23,55,133,55.3644
85,1957-01-03,E000112,Allen Joseph Ellender,LA,2,Democratic,Democrat,1890-09-24,66,101,66.2767
85,1957-01-03,M001078,Karl Earl Mundt,SD,2,Republican,Republican,1900-06-03,56,214,56.5863
85,1957-01-03,R000536,Richard Brevard Russell,GA,2,Democratic,Democrat,1897-11-02,59,62,59.1699
85,1957-01-03,S000590,Margaret Chase Smith,ME,2,Republican,Republican,1897-12-14,59,20,59.0548
85,1957-01-03,A000062,George David Aiken,VT,3,Republican,Republican,1892-08-20,64,136,64.3726
85,1957-01-03,B000384,Wallace Foster Bennett,UT,3,Republican,Republican,1898-11-13,58,51,58.1397
85,1957-01-03,B000436,Alan Harvey Bible,NV,3,Democratic,Democrat,1909-11-20,47,44,47.1205
85,1957-01-03,E000211,Samuel James Ervin,NC,3,Democratic,Democrat,1896-09-27,60,98,60.2685
85,1957-01-03,F000401,James William Fulbright,AR,3,Democratic,Democrat,1905-04-09,51,269,51.737
85,1957-01-03,H000875,Roman Lee Hruska,NE,1,Republican,Republican,1904-08-16,52,140,52.3836
85,1957-01-03,M000113,Michael Joseph Mansfield,MT,1,Democratic,Democrat,1903-03-16,53,293,53.8027
85,1957-01-03,P000100,John Orlando Pastore,RI,1,Democratic,Democrat,1907-03-17,49,292,49.8
85,1957-01-03,S001136,William Stuart Symington,MO,1,Democratic,Democrat,1901-06-26,55,191,55.5233
85,1957-01-03,C000220,Clifford Philip Case,NJ,2,Republican,Republican,1904-04-16,52,262,52.7178
85,1957-01-03,C001006,Carl Thomas Curtis,NE,2,Republican,Republican,1905-03-15,51,294,51.8055
85,1957-01-03,E000018,James Oliver Eastland,MS,2,Democratic,Democrat,1904-11-28,52,36,52.0986
85,1957-01-03,M000332,John Little McClellan,AR,2,Democratic,Democrat,1896-02-25,60,313,60.8552
85,1957-01-03,S000701,John Jackson Sparkman,AL,2,Democratic,Democrat,1899-12-20,57,14,57.0384
85,1957-01-03,C000388,Frank Forrester Church,ID,3,Democratic,Democrat,1924-07-25,32,162,32.4438
85,1957-01-03,C000802,Norris H. Cotton,NH,3,Republican,Republican,1900-05-11,56,237,56.6493
85,1957-01-03,J000064,Jacob Koppel Javits,NY,3,Republican,Republican,1904-05-18,52,230,52.6301
85,1957-01-03,M000053,Warren Grant Magnuson,WA,3,Democratic,Democrat,1905-04-12,51,266,51.7288
85,1957-01-03,T000035,Herman Eugene Talmadge,GA,3,Democratic,Democrat,1913-08-09,43,147,43.4027
85,1957-01-03,Y000047,Milton Ruben Young,ND,3,Republican,Republican,1897-12-06,59,28,59.0767
85,1957-01-03,H000953,Hubert Horatio Humphrey,MN,2,Democratic,Democrat,1911-05-27,45,221,45.6055
85,1957-01-03,G000267,Barry Morris Goldwater,AZ,1,Republican,Republican,1909-01-01,48,2,48.0055
85,1957-01-03,L000428,Russell Billiu Long,LA,3,Democratic,Democrat,1918-11-03,38,61,38.1671
85,1957-01-03,J000013,Henry Martin Jackson,WA,1,Democratic,Democrat,1912-05-31,44,217,44.5945
85,1957-01-03,S000852,John Cornelius Stennis,MS,1,Democratic,Democrat,1901-08-03,55,153,55.4192
85,1957-01-03,T000254,J. Strom Thurmond,SC,2,Democratic,Democrat,1902-12-05,54,29,54.0795
86,1959-01-07,L000070,William Langer,ND,1,Republican,Republican,1886-09-30,72,99,72.2712
86,1959-01-07,O000088,Joseph Christopher O’Mahoney,WY,2,Democratic,Democrat,1884-11-05,74,63,74.1726
86,1959-01-07,B000823,Henry Styles Bridges,NH,2,Republican,Republican,1898-09-09,60,120,60.3288
86,1959-01-07,F000356,Joseph Allen Frear,DE,2,Democratic,Democrat,1903-03-07,55,306,55.8384
86,1959-01-07,G000418,Theodore Francis Green,RI,2,Democratic,Democrat,1867-10-02,91,97,91.2658
86,1959-01-07,M000199,Thomas Ellsworth Martin,IA,2,Republican,Republican,1893-01-18,65,354,65.9699
86,1959-01-07,M001108,James Edward Murray,MT,2,Democratic,Democrat,1876-05-03,82,249,82.6822
86,1959-01-07,N000053,Richard Lewis Neuberger,OR,2,Democratic,Democrat,1912-12-26,46,12,46.0329
86,1959-01-07,B001167,Prescott Sheldon Bush,CT,3,Republican,Republican,1895-05-15,63,237,63.6493
86,1959-01-07,B001180,John Marshall Butler,MD,3,Republican,Republican,1897-07-21,61,170,61.4658
86,1959-01-07,C000128,Homer Earl Capehart,IN,3,Republican,Republican,1897-06-06,61,215,61.589
86,1959-01-07,C000189,John Albert Carroll,CO,3,Democratic,Democrat,1901-07-30,57,161,57.4411
86,1959-01-07,C000221,Francis Higbee Case,SD,3,Republican,Republican,1896-12-09,62,29,62.0795
86,1959-01-07,H000502,Thomas Carey Hennings,MO,3,Democratic,Democrat,1903-06-25,55,196,55.537
86,1959-01-07,W000465,Alexander Wiley,WI,3,Republican,Republican,1884-05-26,74,226,74.6192
86,1959-01-07,B000271,James Glenn Beall,MD,1,Republican,Republican,1894-06-05,64,216,64.5918
86,1959-01-07,B001208,Harry Flood Byrd,VA,1,Democratic,Democrat,1887-06-10,71,211,71.5781
86,1959-01-07,C000338,Dennis Chavez,NM,1,Democratic,Democrat,1888-04-08,70,274,70.7507
86,1959-01-07,E000181,Clair Engle,CA,1,Democratic,Democrat,1911-09-21,47,108,47.2959
86,1959-01-07,K000036,Kenneth Barnard Keating,NY,1,Republican,Republican,1900-05-18,58,234,58.6411
86,1959-01-07,L000425,Oren Ethelbirt Long,HI,3,Democratic,Democrat,1889-03-04,69,309,69.8466
86,1959-01-07,D000456,Paul Howard Douglas,IL,2,Democratic,Democrat,1892-03-26,66,287,66.7863
86,1959-01-07,D000585,Henry Clarence Dworshak,ID,2,Republican,Republican,1894-08-29,64,131,64.3589
86,1959-01-07,K000044,Carey Estes Kefauver,TN,2,Democratic,Democrat,1903-07-26,55,165,55.4521
86,1959-01-07,K000144,Robert Samuel Kerr,OK,2,Democratic,Democrat,1896-09-11,62,118,62.3233
86,1959-01-07,M000582,Patrick Vincent McNamara,MI,2,Democratic,Democrat,1894-10-04,64,95,64.2603
86,1959-01-07,R000317,Absalom Willis Robertson,VA,2,Democratic,Democrat,1887-05-27,71,225,71.6164
86,1959-01-07,S000021,Leverett Saltonstall,MA,2,Republican,Republican,1892-09-01,66,128,66.3507
86,1959-01-07,S000138,Andrew Frank Schoeppel,KS,2,Republican,Republican,1894-11-23,64,45,64.1233
86,1959-01-07,K000107,John Fitzgerald Kennedy,MA,1,Democratic,Democrat,1917-05-29,41,223,41.611
86,1959-01-07,C000154,Frank Carlson,KS,3,Republican,Republican,1893-01-23,65,349,65.9562
86,1959-01-07,C000444,Joseph Sill Clark,PA,3,Democratic,Democrat,1901-10-21,57,78,57.2137
86,1959-01-07,D000360,Everett McKinley Dirksen,IL,3,Republican,Republican,1896-01-04,63,3,63.0082
86,1959-01-07,G000508,Ernest Gruening,AK,3,Democratic,Democrat,1887-02-06,71,335,71.9178
86,1959-01-07,H000385,Carl Trumbull Hayden,AZ,3,Democratic,Democrat,1877-10-02,81,97,81.2658
86,1959-01-07,H000559,Bourke Blakemore Hickenlooper,IA,3,Republican,Republican,1896-07-21,62,170,62.4658
86,1959-01-07,H000598,Joseph Lister Hill,AL,3,Democratic,Democrat,1894-12-29,64,9,64.0247
86,1959-01-07,J000195,Olin DeWitt Talmadge Johnston,SC,3,Democratic,Democrat,1896-11-18,62,50,62.137
86,1959-01-07,K000335,Thomas Henry Kuchel,CA,3,Republican,Republican,1910-08-15,48,145,48.3973
86,1959-01-07,L000122,Frank John Lausche,OH,3,Democratic,Democrat,1895-11-14,63,54,63.1479
86,1959-01-07,M000859,Almer Stillwell Mike Monroney,OK,3,Democratic,Democrat,1902-03-02,56,311,56.8521
86,1959-01-07,M001014,Wayne Lyman Morse,OR,3,Democratic,Democrat,1900-10-20,58,79,58.2164
86,1959-01-07,M001022,Thruston Ballard Morton,KY,3,Republican,Republican,1907-08-19,51,141,51.3863
86,1959-01-07,S000505,George Armistead Smathers,FL,3,Democratic,Democrat,1913-11-14,45,54,45.1479
86,1959-01-07,J000160,Lyndon Baines Johnson,TX,2,Democratic,Democrat,1908-08-27,50,133,50.3644
86,1959-01-07,D000390,Thomas Joseph Dodd,CT,1,Democratic,Democrat,1907-05-15,51,237,51.6493
86,1959-01-07,G000320,Albert Arnold Gore,TN,1,Democratic,Democrat,1907-12-26,51,12,51.0329
86,1959-01-07,H000720,Spessard Lindsey Holland,FL,1,Democratic,Democrat,1892-07-10,66,181,66.4959
86,1959-01-07,M000311,Eugene Joseph McCarthy,MN,1,Democratic,Democrat,1916-03-29,42,284,42.7781
86,1959-01-07,P000552,Winston Lewis Prouty,VT,1,Republican,Republican,1906-09-01,52,128,52.3507
86,1959-01-07,W000518,John James Williams,DE,1,Republican,Republican,1904-05-17,54,235,54.6438
86,1959-01-07,Y000006,Ralph Webster Yarborough,TX,1,Democratic,Democrat,1903-06-08,55,213,55.5836
86,1959-01-07,Y000053,Stephen Marvin Young,OH,1,Democratic,Democrat,1889-05-04,69,248,69.6795
86,1959-01-07,A000161,Gordon Llewellyn Allott,CO,2,Republican,Republican,1907-01-02,52,5,52.0137
86,1959-01-07,A000186,Clinton Presba Anderson,NM,2,Democratic,Democrat,1895-10-23,63,76,63.2082
86,1959-01-07,B000201,Edward Lewis Bartlett,AK,2,Democratic,Democrat,1904-04-20,54,262,54.7178
86,1959-01-07,C000758,John Sherman Cooper,KY,2,Republican,Republican,1901-08-23,57,137,57.3753
86,1959-01-07,E000112,Allen Joseph Ellender,LA,2,Democratic,Democrat,1890-09-24,68,105,68.2877
86,1959-01-07,J000267,Benjamin Everett Jordan,NC,2,Democratic,Democrat,1896-09-08,62,121,62.3315
86,1959-01-07,M001078,Karl Earl Mundt,SD,2,Republican,Republican,1900-06-03,58,218,58.5973
86,1959-01-07,R000536,Richard Brevard Russell,GA,2,Democratic,Democrat,1897-11-02,61,66,61.1808
86,1959-01-07,S000590,Margaret Chase Smith,ME,2,Republican,Republican,1897-12-14,61,24,61.0658
86,1959-01-07,A000062,George David Aiken,VT,3,Republican,Republican,1892-08-20,66,140,66.3836
86,1959-01-07,B000384,Wallace Foster Bennett,UT,3,Republican,Republican,1898-11-13,60,55,60.1507
86,1959-01-07,B000436,Alan Harvey Bible,NV,3,Democratic,Democrat,1909-11-20,49,48,49.1315
86,1959-01-07,E000211,Samuel James Ervin,NC,3,Democratic,Democrat,1896-09-27,62,102,62.2795
86,1959-01-07,F000401,James William Fulbright,AR,3,Democratic,Democrat,1905-04-09,53,273,53.7479
86,1959-01-07,F000245,Hiram Leong Fong,HI,1,Republican,Republican,1906-10-15,52,84,52.2301
86,1959-01-07,H000291,Philip Aloysius Hart,MI,1,Democratic,Democrat,1912-12-10,46,28,46.0767
86,1959-01-07,H000297,Rupert Vance Hartke,IN,1,Democratic,Democrat,1919-05-31,39,221,39.6055
86,1959-01-07,H000875,Roman Lee Hruska,NE,1,Republican,Republican,1904-08-16,54,144,54.3945
86,1959-01-07,M000113,Michael Joseph Mansfield,MT,1,Democratic,Democrat,1903-03-16,55,297,55.8137
86,1959-01-07,M000445,Gale William McGee,WY,1,Democratic,Democrat,1915-03-17,43,296,43.811
86,1959-01-07,M001033,Frank Edward Moss,UT,1,Democratic,Democrat,1911-09-23,47,106,47.2904
86,1959-01-07,P000100,John Orlando Pastore,RI,1,Democratic,Democrat,1907-03-17,51,296,51.811
86,1959-01-07,S000174,Hugh Doggett Scott,PA,1,Republican,Republican,1900-11-11,58,57,58.1562
86,1959-01-07,S001136,William Stuart Symington,MO,1,Democratic,Democrat,1901-06-26,57,195,57.5342
86,1959-01-07,C000220,Clifford Philip Case,NJ,2,Republican,Republican,1904-04-16,54,266,54.7288
86,1959-01-07,C001006,Carl Thomas Curtis,NE,2,Republican,Republican,1905-03-15,53,298,53.8164
86,1959-01-07,E000018,James Oliver Eastland,MS,2,Democratic,Democrat,1904-11-28,54,40,54.1096
86,1959-01-07,M000332,John Little McClellan,AR,2,Democratic,Democrat,1896-02-25,62,316,62.8658
86,1959-01-07,S000701,John Jackson Sparkman,AL,2,Democratic,Democrat,1899-12-20,59,18,59.0493
86,1959-01-07,C000388,Frank Forrester Church,ID,3,Democratic,Democrat,1924-07-25,34,166,34.4548
86,1959-01-07,C000802,Norris H. Cotton,NH,3,Republican,Republican,1900-05-11,58,241,58.6603
86,1959-01-07,J000064,Jacob Koppel Javits,NY,3,Republican,Republican,1904-05-18,54,234,54.6411
86,1959-01-07,M000053,Warren Grant Magnuson,WA,3,Democratic,Democrat,1905-04-12,53,270,53.7397
86,1959-01-07,T000035,Herman Eugene Talmadge,GA,3,Democratic,Democrat,1913-08-09,45,151,45.4137
86,1959-01-07,Y000047,Milton Ruben Young,ND,3,Republican,Republican,1897-12-06,61,32,61.0877
86,1959-01-07,C000120,Howard Walter Cannon,NV,1,Democratic,Democrat,1912-01-26,46,346,46.9479
86,1959-01-07,H000953,Hubert Horatio Humphrey,MN,2,Democratic,Democrat,1911-05-27,47,225,47.6164
86,1959-01-07,M001121,Edmund Sixtus Muskie,ME,1,Democratic,Democrat,1914-03-28,44,285,44.7808
86,1959-01-07,W000502,Harrison Arlington Williams,NJ,1,Democratic,Democrat,1919-12-10,39,28,39.0767
86,1959-01-07,R000046,Jennings Randolph,WV,2,Democratic,Democrat,1902-03-08,56,305,56.8356
86,1959-01-07,G000267,Barry Morris Goldwater,AZ,1,Republican,Republican,1909-01-01,50,6,50.0164
86,1959-01-07,L000428,Russell Billiu Long,LA,3,Democratic,Democrat,1918-11-03,40,65,40.1781
86,1959-01-07,J000013,Henry Martin Jackson,WA,1,Democratic,Democrat,1912-05-31,46,221,46.6055
86,1959-01-07,P000553,William Proxmire,WI,1,Democratic,Democrat,1915-11-11,43,57,43.1562
86,1959-01-07,S000852,John Cornelius Stennis,MS,1,Democratic,Democrat,1901-08-03,57,157,57.4301
86,1959-01-07,T000254,J. Strom Thurmond,SC,2,Democratic,Democrat,1902-12-05,56,33,56.0904
86,1959-01-07,B001210,Robert C. Byrd,WV,1,Democratic,Democrat,1917-11-20,41,48,41.1315
87,1961-01-03,B000823,Henry Styles Bridges,NH,2,Republican,Republican,1898-09-09,62,116,62.3178
87,1961-01-03,B001167,Prescott Sheldon Bush,CT,3,Republican,Republican,1895-05-15,65,233,65.6384
87,1961-01-03,B001180,John Marshall Butler,MD,3,Republican,Republican,1897-07-21,63,166,63.4548
87,1961-01-03,C000128,Homer Earl Capehart,IN,3,Republican,Republican,1897-06-06,63,211,63.5781
87,1961-01-03,C000189,John Albert Carroll,CO,3,Democratic,Democrat,1901-07-30,59,157,59.4301
87,1961-01-03,C000221,Francis Higbee Case,SD,3,Republican,Republican,1896-12-09,64,25,64.0685
87,1961-01-03,W000465,Alexander Wiley,WI,3,Republican,Republican,1884-05-26,76,222,76.6082
87,1961-01-03,B000271,James Glenn Beall,MD,1,Republican,Republican,1894-06-05,66,212,66.5808
87,1961-01-03,B001208,Harry Flood Byrd,VA,1,Democratic,Democrat,1887-06-10,73,207,73.5671
87,1961-01-03,C000338,Dennis Chavez,NM,1,Democratic,Democrat,1888-04-08,72,270,72.7397
87,1961-01-03,E000181,Clair Engle,CA,1,Democratic,Democrat,1911-09-21,49,104,49.2849
87,1961-01-03,K000036,Kenneth Barnard Keating,NY,1,Republican,Republican,1900-05-18,60,230,60.6301
87,1961-01-03,L000425,Oren Ethelbirt Long,HI,3,Democratic,Democrat,1889-03-04,71,305,71.8356
87,1961-01-03,N000052,Maurine Brown Neuberger,OR,2,Democratic,Democrat,1907-01-09,53,360,53.9836
87,1961-01-03,S000517,Benjamin A. Smith,MA,1,Democratic,Democrat,1916-03-26,44,283,44.7753
87,1961-01-03,B000536,William Arvis Blakley,TX,2,Democratic,Democrat,1898-11-17,62,47,62.1288
87,1961-01-03,D000456,Paul Howard Douglas,IL,2,Democratic,Democrat,1892-03-26,68,283,68.7753
87,1961-01-03,D000585,Henry Clarence Dworshak,ID,2,Republican,Republican,1894-08-29,66,127,66.3479
87,1961-01-03,H000561,John Joseph Hickey,WY,2,Democratic,Democrat,1911-08-22,49,134,49.3671
87,1961-01-03,K000044,Carey Estes Kefauver,TN,2,Democratic,Democrat,1903-07-26,57,161,57.4411
87,1961-01-03,K000144,Robert Samuel Kerr,OK,2,Democratic,Democrat,1896-09-11,64,114,64.3123
87,1961-01-03,M000582,Patrick Vincent McNamara,MI,2,Democratic,Democrat,1894-10-04,66,91,66.2493
87,1961-01-03,R000317,Absalom Willis Robertson,VA,2,Democratic,Democrat,1887-05-27,73,221,73.6055
87,1961-01-03,S000021,Leverett Saltonstall,MA,2,Republican,Republican,1892-09-01,68,124,68.3397
87,1961-01-03,S000138,Andrew Frank Schoeppel,KS,2,Republican,Republican,1894-11-23,66,41,66.1123
87,1961-01-03,C000154,Frank Carlson,KS,3,Republican,Republican,1893-01-23,67,346,67.9454
87,1961-01-03,C000444,Joseph Sill Clark,PA,3,Democratic,Democrat,1901-10-21,59,74,59.2027
87,1961-01-03,D000360,Everett McKinley Dirksen,IL,3,Republican,Republican,1896-01-04,64,365,64.9973
87,1961-01-03,G000508,Ernest Gruening,AK,3,Democratic,Democrat,1887-02-06,73,332,73.9071
87,1961-01-03,H000385,Carl Trumbull Hayden,AZ,3,Democratic,Democrat,1877-10-02,83,93,83.2548
87,1961-01-03,H000559,Bourke Blakemore Hickenlooper,IA,3,Republican,Republican,1896-07-21,64,166,64.4548
87,1961-01-03,H000598,Joseph Lister Hill,AL,3,Democratic,Democrat,1894-12-29,66,5,66.0137
87,1961-01-03,J000195,Olin DeWitt Talmadge Johnston,SC,3,Democratic,Democrat,1896-11-18,64,46,64.126
87,1961-01-03,K000335,Thomas Henry Kuchel,CA,3,Republican,Republican,1910-08-15,50,141,50.3863
87,1961-01-03,L000122,Frank John Lausche,OH,3,Democratic,Democrat,1895-11-14,65,50,65.137
87,1961-01-03,L000415,Edward Vaughn Long,MO,3,Democratic,Democrat,1908-07-18,52,169,52.463
87,1961-01-03,M000859,Almer Stillwell Mike Monroney,OK,3,Democratic,Democrat,1902-03-02,58,307,58.8411
87,1961-01-03,M001014,Wayne Lyman Morse,OR,3,Democratic,Democrat,1900-10-20,60,75,60.2055
87,1961-01-03,M001022,Thruston Ballard Morton,KY,3,Republican,Republican,1907-08-19,53,137,53.3753
87,1961-01-03,S000505,George Armistead Smathers,FL,3,Democratic,Democrat,1913-11-14,47,50,47.137
87,1961-01-03,D000390,Thomas Joseph Dodd,CT,1,Democratic,Democrat,1907-05-15,53,233,53.6384
87,1961-01-03,G000320,Albert Arnold Gore,TN,1,Democratic,Democrat,1907-12-26,53,8,53.0219
87,1961-01-03,H000720,Spessard Lindsey Holland,FL,1,Democratic,Democrat,1892-07-10,68,177,68.4849
87,1961-01-03,M000311,Eugene Joseph McCarthy,MN,1,Democratic,Democrat,1916-03-29,44,280,44.7671
87,1961-01-03,P000552,Winston Lewis Prouty,VT,1,Republican,Republican,1906-09-01,54,124,54.3397
87,1961-01-03,W000518,John James Williams,DE,1,Republican,Republican,1904-05-17,56,231,56.6329
87,1961-01-03,Y000006,Ralph Webster Yarborough,TX,1,Democratic,Democrat,1903-06-08,57,209,57.5726
87,1961-01-03,Y000053,Stephen Marvin Young,OH,1,Democratic,Democrat,1889-05-04,71,244,71.6685
87,1961-01-03,A000161,Gordon Llewellyn Allott,CO,2,Republican,Republican,1907-01-02,54,1,54.0027
87,1961-01-03,A000186,Clinton Presba Anderson,NM,2,Democratic,Democrat,1895-10-23,65,72,65.1973
87,1961-01-03,B000201,Edward Lewis Bartlett,AK,2,Democratic,Democrat,1904-04-20,56,258,56.7068
87,1961-01-03,B000593,James Caleb Boggs,DE,2,Republican,Republican,1909-05-15,51,233,51.6384
87,1961-01-03,C000758,John Sherman Cooper,KY,2,Republican,Republican,1901-08-23,59,133,59.3644
87,1961-01-03,E000112,Allen Joseph Ellender,LA,2,Democratic,Democrat,1890-09-24,70,101,70.2767
87,1961-01-03,J000267,Benjamin Everett Jordan,NC,2,Democratic,Democrat,1896-09-08,64,117,64.3205
87,1961-01-03,M000730,Jack Richard Miller,IA,2,Republican,Republican,1916-06-06,44,211,44.5781
87,1961-01-03,M001078,Karl Earl Mundt,SD,2,Republican,Republican,1900-06-03,60,214,60.5863
87,1961-01-03,R000536,Richard Brevard Russell,GA,2,Democratic,Democrat,1897-11-02,63,62,63.1699
87,1961-01-03,S000590,Margaret Chase Smith,ME,2,Republican,Republican,1897-12-14,63,20,63.0548
87,1961-01-03,A000062,George David Aiken,VT,3,Republican,Republican,1892-08-20,68,136,68.3726
87,1961-01-03,B000384,Wallace Foster Bennett,UT,3,Republican,Republican,1898-11-13,62,51,62.1397
87,1961-01-03,B000436,Alan Harvey Bible,NV,3,Democratic,Democrat,1909-11-20,51,44,51.1205
87,1961-01-03,E000211,Samuel James Ervin,NC,3,Democratic,Democrat,1896-09-27,64,98,64.2685
87,1961-01-03,F000401,James William Fulbright,AR,3,Democratic,Democrat,1905-04-09,55,269,55.737
87,1961-01-03,F000245,Hiram Leong Fong,HI,1,Republican,Republican,1906-10-15,54,80,54.2192
87,1961-01-03,H000291,Philip Aloysius Hart,MI,1,Democratic,Democrat,1912-12-10,48,24,48.0658
87,1961-01-03,H000297,Rupert Vance Hartke,IN,1,Democratic,Democrat,1919-05-31,41,217,41.5945
87,1961-01-03,H000875,Roman Lee Hruska,NE,1,Republican,Republican,1904-08-16,56,140,56.3836
87,1961-01-03,M000113,Michael Joseph Mansfield,MT,1,Democratic,Democrat,1903-03-16,57,293,57.8027
87,1961-01-03,M000445,Gale William McGee,WY,1,Democratic,Democrat,1915-03-17,45,292,45.8
87,1961-01-03,M001033,Frank Edward Moss,UT,1,Democratic,Democrat,1911-09-23,49,102,49.2795
87,1961-01-03,P000100,John Orlando Pastore,RI,1,Democratic,Democrat,1907-03-17,53,292,53.8
87,1961-01-03,S000174,Hugh Doggett Scott,PA,1,Republican,Republican,1900-11-11,60,53,60.1452
87,1961-01-03,S001136,William Stuart Symington,MO,1,Democratic,Democrat,1901-06-26,59,191,59.5233
87,1961-01-03,C000220,Clifford Philip Case,NJ,2,Republican,Republican,1904-04-16,56,262,56.7178
87,1961-01-03,C001006,Carl Thomas Curtis,NE,2,Republican,Republican,1905-03-15,55,294,55.8055
87,1961-01-03,E000018,James Oliver Eastland,MS,2,Democratic,Democrat,1904-11-28,56,36,56.0986
87,1961-01-03,M000332,John Little McClellan,AR,2,Democratic,Democrat,1896-02-25,64,313,64.8552
87,1961-01-03,M000671,Lee Warren Metcalf,MT,2,Democratic,Democrat,1911-01-28,49,341,49.9317
87,1961-01-03,S000701,John Jackson Sparkman,AL,2,Democratic,Democrat,1899-12-20,61,14,61.0384
87,1961-01-03,C000388,Frank Forrester Church,ID,3,Democratic,Democrat,1924-07-25,36,162,36.4438
87,1961-01-03,C000802,Norris H. Cotton,NH,3,Republican,Republican,1900-05-11,60,237,60.6493
87,1961-01-03,J000064,Jacob Koppel Javits,NY,3,Republican,Republican,1904-05-18,56,230,56.6301
87,1961-01-03,M000053,Warren Grant Magnuson,WA,3,Democratic,Democrat,1905-04-12,55,266,55.7288
87,1961-01-03,T000035,Herman Eugene Talmadge,GA,3,Democratic,Democrat,1913-08-09,47,147,47.4027
87,1961-01-03,Y000047,Milton Ruben Young,ND,3,Republican,Republican,1897-12-06,63,28,63.0767
87,1961-01-03,C000120,Howard Walter Cannon,NV,1,Democratic,Democrat,1912-01-26,48,343,48.9372
87,1961-01-03,H000953,Hubert Horatio Humphrey,MN,2,Democratic,Democrat,1911-05-27,49,221,49.6055
87,1961-01-03,M001121,Edmund Sixtus Muskie,ME,1,Democratic,Democrat,1914-03-28,46,281,46.7699
87,1961-01-03,W000502,Harrison Arlington Williams,NJ,1,Democratic,Democrat,1919-12-10,41,24,41.0658
87,1961-01-03,R000046,Jennings Randolph,WV,2,Democratic,Democrat,1902-03-08,58,301,58.8247
87,1961-01-03,G000267,Barry Morris Goldwater,AZ,1,Republican,Republican,1909-01-01,52,2,52.0055
87,1961-01-03,L000428,Russell Billiu Long,LA,3,Democratic,Democrat,1918-11-03,42,61,42.1671
87,1961-01-03,J000013,Henry Martin Jackson,WA,1,Democratic,Democrat,1912-05-31,48,217,48.5945
87,1961-01-03,P000553,William Proxmire,WI,1,Democratic,Democrat,1915-11-11,45,53,45.1452
87,1961-01-03,S000852,John Cornelius Stennis,MS,1,Democratic,Democrat,1901-08-03,59,153,59.4192
87,1961-01-03,B001077,Quentin Northrup Burdick,ND,1,Democratic,Democrat,1908-06-19,52,198,52.5425
87,1961-01-03,P000193,Claiborne de Borda Pell,RI,2,Democratic,Democrat,1918-11-22,42,42,42.1151
87,1961-01-03,T000254,J. Strom Thurmond,SC,2,Republican,Republican,1902-12-05,58,29,58.0795
87,1961-01-03,B001210,Robert C. Byrd,WV,1,Democratic,Democrat,1917-11-20,43,44,43.1205
88,1963-01-09,B000271,James Glenn Beall,MD,1,Republican,Republican,1894-06-05,68,218,68.5973
88,1963-01-09,B001208,Harry Flood Byrd,VA,1,Democratic,Democrat,1887-06-10,75,213,75.5836
88,1963-01-09,E000181,Clair Engle,CA,1,Democratic,Democrat,1911-09-21,51,110,51.3014
88,1963-01-09,K000036,Kenneth Barnard Keating,NY,1,Republican,Republican,1900-05-18,62,236,62.6466
88,1963-01-09,N000052,Maurine Brown Neuberger,OR,2,Democratic,Democrat,1907-01-09,56,0,56.0
88,1963-01-09,D000456,Paul Howard Douglas,IL,2,Democratic,Democrat,1892-03-26,70,289,70.7918
88,1963-01-09,K000044,Carey Estes Kefauver,TN,2,Democratic,Democrat,1903-07-26,59,167,59.4575
88,1963-01-09,M000582,Patrick Vincent McNamara,MI,2,Democratic,Democrat,1894-10-04,68,97,68.2658
88,1963-01-09,R000317,Absalom Willis Robertson,VA,2,Democratic,Democrat,1887-05-27,75,227,75.6219
88,1963-01-09,S000021,Leverett Saltonstall,MA,2,Republican,Republican,1892-09-01,70,130,70.3562
88,1963-01-09,M000623,Edwin Leard Mechem,NM,1,Republican,Republican,1912-07-02,50,191,50.5233
88,1963-01-09,S000434,Milward Lee Simpson,WY,2,Republican,Republican,1897-11-12,65,58,65.1589
88,1963-01-09,B000813,Daniel Baugh Brewster,MD,3,Democratic,Democrat,1923-11-23,39,47,39.1288
88,1963-01-09,C000154,Frank Carlson,KS,3,Republican,Republican,1893-01-23,69,351,69.9616
88,1963-01-09,C000444,Joseph Sill Clark,PA,3,Democratic,Democrat,1901-10-21,61,80,61.2192
88,1963-01-09,D000360,Everett McKinley Dirksen,IL,3,Republican,Republican,1896-01-04,67,5,67.0137
88,1963-01-09,E000055,James Howard Edmondson,OK,2,Democratic,Democrat,1925-09-27,37,104,37.2849
88,1963-01-09,G000508,Ernest Gruening,AK,3,Democratic,Democrat,1887-02-06,75,337,75.9233
88,1963-01-09,H000385,Carl Trumbull Hayden,AZ,3,Democratic,Democrat,1877-10-02,85,99,85.2712
88,1963-01-09,H000559,Bourke Blakemore Hickenlooper,IA,3,Republican,Republican,1896-07-21,66,172,66.4712
88,1963-01-09,H000598,Joseph Lister Hill,AL,3,Democratic,Democrat,1894-12-29,68,11,68.0301
88,1963-01-09,J000195,Olin DeWitt Talmadge Johnston,SC,3,Democratic,Democrat,1896-11-18,66,52,66.1425
88,1963-01-09,K000335,Thomas Henry Kuchel,CA,3,Republican,Republican,1910-08-15,52,147,52.4027
88,1963-01-09,L000122,Frank John Lausche,OH,3,Democratic,Democrat,1895-11-14,67,56,67.1534
88,1963-01-09,L000415,Edward Vaughn Long,MO,3,Democratic,Democrat,1908-07-18,54,175,54.4795
88,1963-01-09,M000859,Almer Stillwell Mike Monroney,OK,3,Democratic,Democrat,1902-03-02,60,313,60.8575
88,1963-01-09,M001014,Wayne Lyman Morse,OR,3,Democratic,Democrat,1900-10-20,62,81,62.2219
88,1963-01-09,M001022,Thruston Ballard Morton,KY,3,Republican,Republican,1907-08-19,55,143,55.3918
88,1963-01-09,S000505,George Armistead Smathers,FL,3,Democratic,Democrat,1913-11-14,49,56,49.1534
88,1963-01-09,D000390,Thomas Joseph Dodd,CT,1,Democratic,Democrat,1907-05-15,55,239,55.6548
88,1963-01-09,G000320,Albert Arnold Gore,TN,1,Democratic,Democrat,1907-12-26,55,14,55.0384
88,1963-01-09,H000720,Spessard Lindsey Holland,FL,1,Democratic,Democrat,1892-07-10,70,183,70.5014
88,1963-01-09,M000311,Eugene Joseph McCarthy,MN,1,Democratic,Democrat,1916-03-29,46,286,46.7836
88,1963-01-09,P000552,Winston Lewis Prouty,VT,1,Republican,Republican,1906-09-01,56,130,56.3562
88,1963-01-09,W000518,John James Williams,DE,1,Republican,Republican,1904-05-17,58,237,58.6493
88,1963-01-09,Y000006,Ralph Webster Yarborough,TX,1,Democratic,Democrat,1903-06-08,59,215,59.589
88,1963-01-09,Y000053,Stephen Marvin Young,OH,1,Democratic,Democrat,1889-05-04,73,250,73.6849
88,1963-01-09,A000161,Gordon Llewellyn Allott,CO,2,Republican,Republican,1907-01-02,56,7,56.0192
88,1963-01-09,A000186,Clinton Presba Anderson,NM,2,Democratic,Democrat,1895-10-23,67,78,67.2137
88,1963-01-09,B000201,Edward Lewis Bartlett,AK,2,Democratic,Democrat,1904-04-20,58,264,58.7233
88,1963-01-09,B000593,James Caleb Boggs,DE,2,Republican,Republican,1909-05-15,53,239,53.6548
88,1963-01-09,C000758,John Sherman Cooper,KY,2,Republican,Republican,1901-08-23,61,139,61.3808
88,1963-01-09,E000112,Allen Joseph Ellender,LA,2,Democratic,Democrat,1890-09-24,72,107,72.2932
88,1963-01-09,J000267,Benjamin Everett Jordan,NC,2,Democratic,Democrat,1896-09-08,66,123,66.337
88,1963-01-09,J000269,Leonard Beck Jordan,ID,2,Republican,Republican,1899-05-15,63,239,63.6548
88,1963-01-09,M000730,Jack Richard Miller,IA,2,Republican,Republican,1916-06-06,46,217,46.5945
88,1963-01-09,M001078,Karl Earl Mundt,SD,2,Republican,Republican,1900-06-03,62,220,62.6027
88,1963-01-09,R000536,Richard Brevard Russell,GA,2,Democratic,Democrat,1897-11-02,65,68,65.1863
88,1963-01-09,S000590,Margaret Chase Smith,ME,2,Republican,Republican,1897-12-14,65,26,65.0712
88,1963-01-09,A000062,George David Aiken,VT,3,Republican,Republican,1892-08-20,70,142,70.389
88,1963-01-09,B000384,Wallace Foster Bennett,UT,3,Republican,Republican,1898-11-13,64,57,64.1562
88,1963-01-09,B000436,Alan Harvey Bible,NV,3,Democratic,Democrat,1909-11-20,53,50,53.137
88,1963-01-09,D000409,Peter Hoyt Dominick,CO,3,Republican,Republican,1915-07-07,47,186,47.5096
88,1963-01-09,E000211,Samuel James Ervin,NC,3,Democratic,Democrat,1896-09-27,66,104,66.2849
88,1963-01-09,F000401,James William Fulbright,AR,3,Democratic,Democrat,1905-04-09,57,275,57.7534
88,1963-01-09,F000245,Hiram Leong Fong,HI,1,Republican,Republican,1906-10-15,56,86,56.2356
88,1963-01-09,H000291,Philip Aloysius Hart,MI,1,Democratic,Democrat,1912-12-10,50,30,50.0822
88,1963-01-09,H000297,Rupert Vance Hartke,IN,1,Democratic,Democrat,1919-05-31,43,223,43.611
88,1963-01-09,H000875,Roman Lee Hruska,NE,1,Republican,Republican,1904-08-16,58,146,58.4
88,1963-01-09,M000113,Michael Joseph Mansfield,MT,1,Democratic,Democrat,1903-03-16,59,299,59.8192
88,1963-01-09,M000445,Gale William McGee,WY,1,Democratic,Democrat,1915-03-17,47,298,47.8164
88,1963-01-09,M001033,Frank Edward Moss,UT,1,Democratic,Democrat,1911-09-23,51,108,51.2959
88,1963-01-09,P000100,John Orlando Pastore,RI,1,Democratic,Democrat,1907-03-17,55,298,55.8164
88,1963-01-09,S000174,Hugh Doggett Scott,PA,1,Republican,Republican,1900-11-11,62,59,62.1616
88,1963-01-09,S001136,William Stuart Symington,MO,1,Democratic,Democrat,1901-06-26,61,197,61.5397
88,1963-01-09,C000220,Clifford Philip Case,NJ,2,Republican,Republican,1904-04-16,58,268,58.7342
88,1963-01-09,C001006,Carl Thomas Curtis,NE,2,Republican,Republican,1905-03-15,57,300,57.8219
88,1963-01-09,E000018,James Oliver Eastland,MS,2,Democratic,Democrat,1904-11-28,58,42,58.1151
88,1963-01-09,M000332,John Little McClellan,AR,2,Democratic,Democrat,1896-02-25,66,318,66.8712
88,1963-01-09,M000486,Thomas James McIntyre,NH,2,Democratic,Democrat,1915-02-20,47,323,47.8849
88,1963-01-09,M000671,Lee Warren Metcalf,MT,2,Democratic,Democrat,1911-01-28,51,346,51.9479
88,1963-01-09,P000166,James Blackwood Pearson,KS,2,Republican,Republican,1920-05-07,42,247,42.6767
88,1963-01-09,S000701,John Jackson Sparkman,AL,2,Democratic,Democrat,1899-12-20,63,20,63.0548
88,1963-01-09,B000254,Birch Evans Bayh,IN,3,Democratic,Democrat,1928-01-22,34,352,34.9644
88,1963-01-09,C000388,Frank Forrester Church,ID,3,Democratic,Democrat,1924-07-25,38,168,38.4603
88,1963-01-09,C000802,Norris H. Cotton,NH,3,Republican,Republican,1900-05-11,62,243,62.6658
88,1963-01-09,J000064,Jacob Koppel Javits,NY,3,Republican,Republican,1904-05-18,58,236,58.6466
88,1963-01-09,M000053,Warren Grant Magnuson,WA,3,Democratic,Democrat,1905-04-12,57,272,57.7452
88,1963-01-09,M000452,George Stanley McGovern,SD,3,Democratic,Democrat,1922-07-19,40,174,40.4767
88,1963-01-09,N000033,Gaylord Anton Nelson,WI,3,Democratic,Democrat,1916-06-04,46,219,46.6
88,1963-01-09,R000191,Abraham Alexander Ribicoff,CT,3,Democratic,Democrat,1910-04-09,52,275,52.7534
88,1963-01-09,T000035,Herman Eugene Talmadge,GA,3,Democratic,Democrat,1913-08-09,49,153,49.4192
88,1963-01-09,Y000047,Milton Ruben Young,ND,3,Republican,Republican,1897-12-06,65,34,65.0932
88,1963-01-09,C000120,Howard Walter Cannon,NV,1,Democratic,Democrat,1912-01-26,50,348,50.9534
88,1963-01-09,H000953,Hubert Horatio Humphrey,MN,2,Democratic,Democrat,1911-05-27,51,227,51.6219
88,1963-01-09,M001121,Edmund Sixtus Muskie,ME,1,Democratic,Democrat,1914-03-28,48,287,48.7863
88,1963-01-09,W000502,Harrison Arlington Williams,NJ,1,Democratic,Democrat,1919-12-10,43,30,43.0822
88,1963-01-09,R000046,Jennings Randolph,WV,2,Democratic,Democrat,1902-03-08,60,307,60.8411
88,1963-01-09,T000322,John Goodwin Tower,TX,2,Republican,Republican,1925-09-29,37,102,37.2795
88,1963-01-09,G000267,Barry Morris Goldwater,AZ,1,Republican,Republican,1909-01-01,54,8,54.0219
88,1963-01-09,L000428,Russell Billiu Long,LA,3,Democratic,Democrat,1918-11-03,44,67,44.1836
88,1963-01-09,J000013,Henry Martin Jackson,WA,1,Democratic,Democrat,1912-05-31,50,223,50.611
88,1963-01-09,P000553,William Proxmire,WI,1,Democratic,Democrat,1915-11-11,47,59,47.1616
88,1963-01-09,S000852,John Cornelius Stennis,MS,1,Democratic,Democrat,1901-08-03,61,159,61.4356
88,1963-01-09,B001077,Quentin Northrup Burdick,ND,1,Democratic,Democrat,1908-06-19,54,204,54.5589
88,1963-01-09,P000193,Claiborne de Borda Pell,RI,2,Democratic,Democrat,1918-11-22,44,48,44.1315
88,1963-01-09,T000254,J. Strom Thurmond,SC,2,Republican,Republican,1902-12-05,60,35,60.0959
88,1963-01-09,B001210,Robert C. Byrd,WV,1,Democratic,Democrat,1917-11-20,45,50,45.137
88,1963-01-09,K000105,Edward M. Kennedy,MA,1,Democratic,Democrat,1932-02-22,30,321,30.8795
88,1963-01-09,I000025,Daniel K. Inouye,HI,3,Democratic,Democrat,1924-09-07,38,124,38.3397
89,1965-01-04,B001208,Harry Flood Byrd,VA,1,Democratic,Democrat,1887-06-10,77,208,77.5699
89,1965-01-04,N000052,Maurine Brown Neuberger,OR,2,Democratic,Democrat,1907-01-09,57,361,57.9863
89,1965-01-04,D000456,Paul Howard Douglas,IL,2,Democratic,Democrat,1892-03-26,72,284,72.7781
89,1965-01-04,M000582,Patrick Vincent McNamara,MI,2,Democratic,Democrat,1894-10-04,70,92,70.2521
89,1965-01-04,R000317,Absalom Willis Robertson,VA,2,Democratic,Democrat,1887-05-27,77,222,77.6082
89,1965-01-04,S000021,Leverett Saltonstall,MA,2,Republican,Republican,1892-09-01,72,125,72.3425
89,1965-01-04,S000434,Milward Lee Simpson,WY,2,Republican,Republican,1897-11-12,67,53,67.1452
89,1965-01-04,B000813,Daniel Baugh Brewster,MD,3,Democratic,Democrat,1923-11-23,41,42,41.1151
89,1965-01-04,C000154,Frank Carlson,KS,3,Republican,Republican,1893-01-23,71,347,71.9481
89,1965-01-04,C000444,Joseph Sill Clark,PA,3,Democratic,Democrat,1901-10-21,63,75,63.2055
89,1965-01-04,D000360,Everett McKinley Dirksen,IL,3,Republican,Republican,1896-01-04,69,0,69.0
89,1965-01-04,G000508,Ernest Gruening,AK,3,Democratic,Democrat,1887-02-06,77,333,77.9098
89,1965-01-04,H000385,Carl Trumbull Hayden,AZ,3,Democratic,Democrat,1877-10-02,87,94,87.2575
89,1965-01-04,H000559,Bourke Blakemore Hickenlooper,IA,3,Republican,Republican,1896-07-21,68,167,68.4575
89,1965-01-04,H000598,Joseph Lister Hill,AL,3,Democratic,Democrat,1894-12-29,70,6,70.0164
89,1965-01-04,J000195,Olin DeWitt Talmadge Johnston,SC,3,Democratic,Democrat,1896-11-18,68,47,68.1288
89,1965-01-04,K000335,Thomas Henry Kuchel,CA,3,Republican,Republican,1910-08-15,54,142,54.389
89,1965-01-04,L000122,Frank John Lausche,OH,3,Democratic,Democrat,1895-11-14,69,51,69.1397
89,1965-01-04,L000415,Edward Vaughn Long,MO,3,Democratic,Democrat,1908-07-18,56,170,56.4658
89,1965-01-04,M000859,Almer Stillwell Mike Monroney,OK,3,Democratic,Democrat,1902-03-02,62,308,62.8438
89,1965-01-04,M001014,Wayne Lyman Morse,OR,3,Democratic,Democrat,1900-10-20,64,76,64.2082
89,1965-01-04,M001022,Thruston Ballard Morton,KY,3,Republican,Republican,1907-08-19,57,138,57.3781
89,1965-01-04,S000505,George Armistead Smathers,FL,3,Democratic,Democrat,1913-11-14,51,51,51.1397
89,1965-01-04,B000223,Ross Bass,TN,2,Democratic,Democrat,1918-03-17,46,293,46.8027
89,1965-01-04,D000390,Thomas Joseph Dodd,CT,1,Democratic,Democrat,1907-05-15,57,234,57.6411
89,1965-01-04,G000320,Albert Arnold Gore,TN,1,Democratic,Democrat,1907-12-26,57,9,57.0247
89,1965-01-04,H000720,Spessard Lindsey Holland,FL,1,Democratic,Democrat,1892-07-10,72,178,72.4877
89,1965-01-04,K000114,Robert Francis Kennedy,NY,1,Democratic,Democrat,1925-11-20,39,45,39.1233
89,1965-01-04,M000311,Eugene Joseph McCarthy,MN,1,Democratic,Democrat,1916-03-29,48,281,48.7699
89,1965-01-04,M001092,George Lloyd Murphy,CA,1,Republican,Republican,1902-07-04,62,184,62.5041
89,1965-01-04,P000552,Winston Lewis Prouty,VT,1,Republican,Republican,1906-09-01,58,125,58.3425
89,1965-01-04,T000445,Joseph Davies Tydings,MD,1,Democratic,Democrat,1928-05-04,36,245,36.6712
89,1965-01-04,W000518,John James Williams,DE,1,Republican,Republican,1904-05-17,60,232,60.6356
89,1965-01-04,Y000006,Ralph Webster Yarborough,TX,1,Democratic,Democrat,1903-06-08,61,210,61.5753
89,1965-01-04,Y000053,Stephen Marvin Young,OH,1,Democratic,Democrat,1889-05-04,75,245,75.6712
89,1965-01-04,A000161,Gordon Llewellyn Allott,CO,2,Republican,Republican,1907-01-02,58,2,58.0055
89,1965-01-04,A000186,Clinton Presba Anderson,NM,2,Democratic,Democrat,1895-10-23,69,73,69.2
89,1965-01-04,B000201,Edward Lewis Bartlett,AK,2,Democratic,Democrat,1904-04-20,60,259,60.7096
89,1965-01-04,B000593,James Caleb Boggs,DE,2,Republican,Republican,1909-05-15,55,234,55.6411
89,1965-01-04,C000758,John Sherman Cooper,KY,2,Republican,Republican,1901-08-23,63,134,63.3671
89,1965-01-04,E000112,Allen Joseph Ellender,LA,2,Democratic,Democrat,1890-09-24,74,102,74.2795
89,1965-01-04,H000237,Fred Roy Harris,OK,2,Democratic,Democrat,1930-11-13,34,52,34.1425
89,1965-01-04,J000267,Benjamin Everett Jordan,NC,2,Democratic,Democrat,1896-09-08,68,118,68.3233
89,1965-01-04,J000269,Leonard Beck Jordan,ID,2,Republican,Republican,1899-05-15,65,234,65.6411
89,1965-01-04,M000730,Jack Richard Miller,IA,2,Republican,Republican,1916-06-06,48,212,48.5808
89,1965-01-04,M001078,Karl Earl Mundt,SD,2,Republican,Republican,1900-06-03,64,215,64.589
89,1965-01-04,R000536,Richard Brevard Russell,GA,2,Democratic,Democrat,1897-11-02,67,63,67.1726
89,1965-01-04,S000590,Margaret Chase Smith,ME,2,Republican,Republican,1897-12-14,67,21,67.0575
89,1965-01-04,A000062,George David Aiken,VT,3,Republican,Republican,1892-08-20,72,137,72.3753
89,1965-01-04,B000384,Wallace Foster Bennett,UT,3,Republican,Republican,1898-11-13,66,52,66.1425
89,1965-01-04,B000436,Alan Harvey Bible,NV,3,Democratic,Democrat,1909-11-20,55,45,55.1233
89,1965-01-04,D000409,Peter Hoyt Dominick,CO,3,Republican,Republican,1915-07-07,49,181,49.4959
89,1965-01-04,E000211,Samuel James Ervin,NC,3,Democratic,Democrat,1896-09-27,68,99,68.2712
89,1965-01-04,F000401,James William Fulbright,AR,3,Democratic,Democrat,1905-04-09,59,270,59.7397
89,1965-01-04,F000013,Paul Jones Fannin,AZ,1,Republican,Republican,1907-01-29,57,341,57.9317
89,1965-01-04,F000245,Hiram Leong Fong,HI,1,Republican,Republican,1906-10-15,58,81,58.2219
89,1965-01-04,H000291,Philip Aloysius Hart,MI,1,Democratic,Democrat,1912-12-10,52,25,52.0685
89,1965-01-04,H000297,Rupert Vance Hartke,IN,1,Democratic,Democrat,1919-05-31,45,218,45.5973
89,1965-01-04,H000875,Roman Lee Hruska,NE,1,Republican,Republican,1904-08-16,60,141,60.3863
89,1965-01-04,M000113,Michael Joseph Mansfield,MT,1,Democratic,Democrat,1903-03-16,61,294,61.8055
89,1965-01-04,M000445,Gale William McGee,WY,1,Democratic,Democrat,1915-03-17,49,293,49.8027
89,1965-01-04,M000876,Joseph Manuel Montoya,NM,1,Democratic,Democrat,1915-09-24,49,102,49.2795
89,1965-01-04,M001033,Frank Edward Moss,UT,1,Democratic,Democrat,1911-09-23,53,103,53.2822
89,1965-01-04,P000100,John Orlando Pastore,RI,1,Democratic,Democrat,1907-03-17,57,293,57.8027
89,1965-01-04,S000174,Hugh Doggett Scott,PA,1,Republican,Republican,1900-11-11,64,54,64.1479
89,1965-01-04,S001136,William Stuart Symington,MO,1,Democratic,Democrat,1901-06-26,63,192,63.526
89,1965-01-04,C000220,Clifford Philip Case,NJ,2,Republican,Republican,1904-04-16,60,263,60.7205
89,1965-01-04,C001006,Carl Thomas Curtis,NE,2,Republican,Republican,1905-03-15,59,295,59.8082
89,1965-01-04,E000018,James Oliver Eastland,MS,2,Democratic,Democrat,1904-11-28,60,37,60.1014
89,1965-01-04,M000332,John Little McClellan,AR,2,Democratic,Democrat,1896-02-25,68,314,68.8579
89,1965-01-04,M000486,Thomas James McIntyre,NH,2,Democratic,Democrat,1915-02-20,49,319,49.8716
89,1965-01-04,M000671,Lee Warren Metcalf,MT,2,Democratic,Democrat,1911-01-28,53,342,53.9344
89,1965-01-04,M000851,Walter Frederick Mondale,MN,2,Democratic,Democrat,1928-01-05,36,365,36.9973
89,1965-01-04,P000166,James Blackwood Pearson,KS,2,Republican,Republican,1920-05-07,44,242,44.663
89,1965-01-04,S000701,John Jackson Sparkman,AL,2,Democratic,Democrat,1899-12-20,65,15,65.0411
89,1965-01-04,B000254,Birch Evans Bayh,IN,3,Democratic,Democrat,1928-01-22,36,348,36.9508
89,1965-01-04,C000388,Frank Forrester Church,ID,3,Democratic,Democrat,1924-07-25,40,163,40.4466
89,1965-01-04,C000802,Norris H. Cotton,NH,3,Republican,Republican,1900-05-11,64,238,64.6521
89,1965-01-04,J000064,Jacob Koppel Javits,NY,3,Republican,Republican,1904-05-18,60,231,60.6329
89,1965-01-04,M000053,Warren Grant Magnuson,WA,3,Democratic,Democrat,1905-04-12,59,267,59.7315
89,1965-01-04,M000452,George Stanley McGovern,SD,3,Democratic,Democrat,1922-07-19,42,169,42.463
89,1965-01-04,N000033,Gaylord Anton Nelson,WI,3,Democratic,Democrat,1916-06-04,48,214,48.5863
89,1965-01-04,R000191,Abraham Alexander Ribicoff,CT,3,Democratic,Democrat,1910-04-09,54,270,54.7397
89,1965-01-04,T000035,Herman Eugene Talmadge,GA,3,Democratic,Democrat,1913-08-09,51,148,51.4055
89,1965-01-04,Y000047,Milton Ruben Young,ND,3,Republican,Republican,1897-12-06,67,29,67.0795
89,1965-01-04,C000120,Howard Walter Cannon,NV,1,Democratic,Democrat,1912-01-26,52,344,52.9399
89,1965-01-04,M001121,Edmund Sixtus Muskie,ME,1,Democratic,Democrat,1914-03-28,50,282,50.7726
89,1965-01-04,W000502,Harrison Arlington Williams,NJ,1,Democratic,Democrat,1919-12-10,45,25,45.0685
89,1965-01-04,R000046,Jennings Randolph,WV,2,Democratic,Democrat,1902-03-08,62,302,62.8274
89,1965-01-04,T000322,John Goodwin Tower,TX,2,Republican,Republican,1925-09-29,39,97,39.2658
89,1965-01-04,L000428,Russell Billiu Long,LA,3,Democratic,Democrat,1918-11-03,46,62,46.1699
89,1965-01-04,J000013,Henry Martin Jackson,WA,1,Democratic,Democrat,1912-05-31,52,218,52.5973
89,1965-01-04,P000553,William Proxmire,WI,1,Democratic,Democrat,1915-11-11,49,54,49.1479
89,1965-01-04,S000852,John Cornelius Stennis,MS,1,Democratic,Democrat,1901-08-03,63,154,63.4219
89,1965-01-04,B001077,Quentin Northrup Burdick,ND,1,Democratic,Democrat,1908-06-19,56,199,56.5452
89,1965-01-04,P000193,Claiborne de Borda Pell,RI,2,Democratic,Democrat,1918-11-22,46,43,46.1178
89,1965-01-04,T000254,J. Strom Thurmond,SC,2,Republican,Republican,1902-12-05,62,30,62.0822
89,1965-01-04,B001210,Robert C. Byrd,WV,1,Democratic,Democrat,1917-11-20,47,45,47.1233
89,1965-01-04,K000105,Edward M. Kennedy,MA,1,Democratic,Democrat,1932-02-22,32,317,32.8661
89,1965-01-04,I000025,Daniel K. Inouye,HI,3,Democratic,Democrat,1924-09-07,40,119,40.326
90,1967-01-10,B000813,Daniel Baugh Brewster,MD,3,Democratic,Democrat,1923-11-23,43,48,43.1315
90,1967-01-10,C000154,Frank Carlson,KS,3,Republican,Republican,1893-01-23,73,352,73.9644
90,1967-01-10,C000444,Joseph Sill Clark,PA,3,Democratic,Democrat,1901-10-21,65,81,65.2219
90,1967-01-10,D000360,Everett McKinley Dirksen,IL,3,Republican,Republican,1896-01-04,71,6,71.0164
90,1967-01-10,G000508,Ernest Gruening,AK,3,Democratic,Democrat,1887-02-06,79,338,79.926
90,1967-01-10,H000385,Carl Trumbull Hayden,AZ,3,Democratic,Democrat,1877-10-02,89,100,89.274
90,1967-01-10,H000559,Bourke Blakemore Hickenlooper,IA,3,Republican,Republican,1896-07-21,70,173,70.474
90,1967-01-10,H000598,Joseph Lister Hill,AL,3,Democratic,Democrat,1894-12-29,72,12,72.0329
90,1967-01-10,K000335,Thomas Henry Kuchel,CA,3,Republican,Republican,1910-08-15,56,148,56.4055
90,1967-01-10,L000122,Frank John Lausche,OH,3,Democratic,Democrat,1895-11-14,71,57,71.1562
90,1967-01-10,L000415,Edward Vaughn Long,MO,3,Democratic,Democrat,1908-07-18,58,176,58.4822
90,1967-01-10,M000859,Almer Stillwell Mike Monroney,OK,3,Democratic,Democrat,1902-03-02,64,314,64.8603
90,1967-01-10,M001014,Wayne Lyman Morse,OR,3,Democratic,Democrat,1900-10-20,66,82,66.2247
90,1967-01-10,M001022,Thruston Ballard Morton,KY,3,Republican,Republican,1907-08-19,59,144,59.3945
90,1967-01-10,S000505,George Armistead Smathers,FL,3,Democratic,Democrat,1913-11-14,53,57,53.1562
90,1967-01-10,D000390,Thomas Joseph Dodd,CT,1,Democratic,Democrat,1907-05-15,59,240,59.6575
90,1967-01-10,G000320,Albert Arnold Gore,TN,1,Democratic,Democrat,1907-12-26,59,15,59.0411
90,1967-01-10,H000720,Spessard Lindsey Holland,FL,1,Democratic,Democrat,1892-07-10,74,184,74.5041
90,1967-01-10,K000114,Robert Francis Kennedy,NY,1,Democratic,Democrat,1925-11-20,41,51,41.1397
90,1967-01-10,M000311,Eugene Joseph McCarthy,MN,1,Democratic,Democrat,1916-03-29,50,287,50.7863
90,1967-01-10,M001092,George Lloyd Murphy,CA,1,Republican,Republican,1902-07-04,64,190,64.5205
90,1967-01-10,P000552,Winston Lewis Prouty,VT,1,Republican,Republican,1906-09-01,60,131,60.3589
90,1967-01-10,T000445,Joseph Davies Tydings,MD,1,Democratic,Democrat,1928-05-04,38,251,38.6877
90,1967-01-10,W000518,John James Williams,DE,1,Republican,Republican,1904-05-17,62,238,62.6521
90,1967-01-10,Y000006,Ralph Webster Yarborough,TX,1,Democratic,Democrat,1903-06-08,63,216,63.5918
90,1967-01-10,Y000053,Stephen Marvin Young,OH,1,Democratic,Democrat,1889-05-04,77,251,77.6877
90,1967-01-10,S000739,William Belser Spong,VA,2,Democratic,Democrat,1920-09-29,46,103,46.2822
90,1967-01-10,A000161,Gordon Llewellyn Allott,CO,2,Republican,Republican,1907-01-02,60,8,60.0219
90,1967-01-10,A000186,Clinton Presba Anderson,NM,2,Democratic,Democrat,1895-10-23,71,79,71.2164
90,1967-01-10,B000201,Edward Lewis Bartlett,AK,2,Democratic,Democrat,1904-04-20,62,265,62.726
90,1967-01-10,B000593,James Caleb Boggs,DE,2,Republican,Republican,1909-05-15,57,240,57.6575
90,1967-01-10,C000758,John Sherman Cooper,KY,2,Republican,Republican,1901-08-23,65,140,65.3836
90,1967-01-10,E000112,Allen Joseph Ellender,LA,2,Democratic,Democrat,1890-09-24,76,108,76.2959
90,1967-01-10,H000237,Fred Roy Harris,OK,2,Democratic,Democrat,1930-11-13,36,58,36.1589
90,1967-01-10,J000267,Benjamin Everett Jordan,NC,2,Democratic,Democrat,1896-09-08,70,124,70.3397
90,1967-01-10,J000269,Leonard Beck Jordan,ID,2,Republican,Republican,1899-05-15,67,240,67.6575
90,1967-01-10,M000730,Jack Richard Miller,IA,2,Republican,Republican,1916-06-06,50,218,50.5973
90,1967-01-10,M001078,Karl Earl Mundt,SD,2,Republican,Republican,1900-06-03,66,221,66.6055
90,1967-01-10,R000536,Richard Brevard Russell,GA,2,Democratic,Democrat,1897-11-02,69,69,69.189
90,1967-01-10,S000590,Margaret Chase Smith,ME,2,Republican,Republican,1897-12-14,69,27,69.074
90,1967-01-10,A000062,George David Aiken,VT,3,Republican,Republican,1892-08-20,74,143,74.3918
90,1967-01-10,B000384,Wallace Foster Bennett,UT,3,Republican,Republican,1898-11-13,68,58,68.1589
90,1967-01-10,B000436,Alan Harvey Bible,NV,3,Democratic,Democrat,1909-11-20,57,51,57.1397
90,1967-01-10,D000409,Peter Hoyt Dominick,CO,3,Republican,Republican,1915-07-07,51,187,51.5123
90,1967-01-10,E000211,Samuel James Ervin,NC,3,Democratic,Democrat,1896-09-27,70,105,70.2877
90,1967-01-10,F000401,James William Fulbright,AR,3,Democratic,Democrat,1905-04-09,61,276,61.7562
90,1967-01-10,F000013,Paul Jones Fannin,AZ,1,Republican,Republican,1907-01-29,59,346,59.9479
90,1967-01-10,F000245,Hiram Leong Fong,HI,1,Republican,Republican,1906-10-15,60,87,60.2384
90,1967-01-10,H000291,Philip Aloysius Hart,MI,1,Democratic,Democrat,1912-12-10,54,31,54.0849
90,1967-01-10,H000297,Rupert Vance Hartke,IN,1,Democratic,Democrat,1919-05-31,47,224,47.6137
90,1967-01-10,H000875,Roman Lee Hruska,NE,1,Republican,Republican,1904-08-16,62,147,62.4027
90,1967-01-10,M000113,Michael Joseph Mansfield,MT,1,Democratic,Democrat,1903-03-16,63,300,63.8219
90,1967-01-10,M000445,Gale William McGee,WY,1,Democratic,Democrat,1915-03-17,51,299,51.8192
90,1967-01-10,M000876,Joseph Manuel Montoya,NM,1,Democratic,Democrat,1915-09-24,51,108,51.2959
90,1967-01-10,M001033,Frank Edward Moss,UT,1,Democratic,Democrat,1911-09-23,55,109,55.2986
90,1967-01-10,P000100,John Orlando Pastore,RI,1,Democratic,Democrat,1907-03-17,59,299,59.8192
90,1967-01-10,S000174,Hugh Doggett Scott,PA,1,Republican,Republican,1900-11-11,66,60,66.1644
90,1967-01-10,S001136,William Stuart Symington,MO,1,Democratic,Democrat,1901-06-26,65,198,65.5425
90,1967-01-10,B000871,Edward William Brooke,MA,2,Republican,Republican,1919-10-26,47,76,47.2082
90,1967-01-10,C000220,Clifford Philip Case,NJ,2,Republican,Republican,1904-04-16,62,269,62.737
90,1967-01-10,C001006,Carl Thomas Curtis,NE,2,Republican,Republican,1905-03-15,61,301,61.8247
90,1967-01-10,E000018,James Oliver Eastland,MS,2,Democratic,Democrat,1904-11-28,62,43,62.1178
90,1967-01-10,G000465,Robert Paul Griffin,MI,2,Republican,Republican,1923-11-06,43,65,43.1781
90,1967-01-10,H000170,Clifford Peter Hansen,WY,2,Republican,Republican,1912-10-16,54,86,54.2356
90,1967-01-10,M000332,John Little McClellan,AR,2,Democratic,Democrat,1896-02-25,70,319,70.874
90,1967-01-10,M000486,Thomas James McIntyre,NH,2,Democratic,Democrat,1915-02-20,51,324,51.8877
90,1967-01-10,M000671,Lee Warren Metcalf,MT,2,Democratic,Democrat,1911-01-28,55,347,55.9507
90,1967-01-10,M000851,Walter Frederick Mondale,MN,2,Democratic,Democrat,1928-01-05,39,5,39.0137
90,1967-01-10,P000166,James Blackwood Pearson,KS,2,Republican,Republican,1920-05-07,46,248,46.6795
90,1967-01-10,S000701,John Jackson Sparkman,AL,2,Democratic,Democrat,1899-12-20,67,21,67.0575
90,1967-01-10,B000254,Birch Evans Bayh,IN,3,Democratic,Democrat,1928-01-22,38,353,38.9671
90,1967-01-10,C000388,Frank Forrester Church,ID,3,Democratic,Democrat,1924-07-25,42,169,42.463
90,1967-01-10,C000802,Norris H. Cotton,NH,3,Republican,Republican,1900-05-11,66,244,66.6685
90,1967-01-10,J000064,Jacob Koppel Javits,NY,3,Republican,Republican,1904-05-18,62,237,62.6493
90,1967-01-10,M000053,Warren Grant Magnuson,WA,3,Democratic,Democrat,1905-04-12,61,273,61.7479
90,1967-01-10,M000452,George Stanley McGovern,SD,3,Democratic,Democrat,1922-07-19,44,175,44.4795
90,1967-01-10,N000033,Gaylord Anton Nelson,WI,3,Democratic,Democrat,1916-06-04,50,220,50.6027
90,1967-01-10,R000191,Abraham Alexander Ribicoff,CT,3,Democratic,Democrat,1910-04-09,56,276,56.7562
90,1967-01-10,T000035,Herman Eugene Talmadge,GA,3,Democratic,Democrat,1913-08-09,53,154,53.4219
90,1967-01-10,Y000047,Milton Ruben Young,ND,3,Republican,Republican,1897-12-06,69,35,69.0959
90,1967-01-10,B001209,Harry Flood Byrd,VA,1,Democratic,Democrat,1914-12-20,52,21,52.0575
90,1967-01-10,C000120,Howard Walter Cannon,NV,1,Democratic,Democrat,1912-01-26,54,349,54.9562
90,1967-01-10,M001121,Edmund Sixtus Muskie,ME,1,Democratic,Democrat,1914-03-28,52,288,52.789
90,1967-01-10,W000502,Harrison Arlington Williams,NJ,1,Democratic,Democrat,1919-12-10,47,31,47.0849
90,1967-01-10,B000063,Howard Henry Baker,TN,2,Republican,Republican,1925-11-15,41,56,41.1534
90,1967-01-10,P000222,Charles Harting Percy,IL,2,Republican,Republican,1919-09-27,47,105,47.2877
90,1967-01-10,R000046,Jennings Randolph,WV,2,Democratic,Democrat,1902-03-08,64,308,64.8438
90,1967-01-10,T000322,John Goodwin Tower,TX,2,Republican,Republican,1925-09-29,41,103,41.2822
90,1967-01-10,L000428,Russell Billiu Long,LA,3,Democratic,Democrat,1918-11-03,48,68,48.1863
90,1967-01-10,J000013,Henry Martin Jackson,WA,1,Democratic,Democrat,1912-05-31,54,224,54.6137
90,1967-01-10,P000553,William Proxmire,WI,1,Democratic,Democrat,1915-11-11,51,60,51.1644
90,1967-01-10,S000852,John Cornelius Stennis,MS,1,Democratic,Democrat,1901-08-03,65,160,65.4384
90,1967-01-10,B001077,Quentin Northrup Burdick,ND,1,Democratic,Democrat,1908-06-19,58,205,58.5616
90,1967-01-10,H000343,Mark Odom Hatfield,OR,2,Republican,Republican,1922-07-12,44,182,44.4986
90,1967-01-10,P000193,Claiborne de Borda Pell,RI,2,Democratic,Democrat,1918-11-22,48,49,48.1342
90,1967-01-10,T000254,J. Strom Thurmond,SC,2,Republican,Republican,1902-12-05,64,36,64.0986
90,1967-01-10,H000725,Ernest F. Hollings,SC,3,Democratic,Democrat,1922-01-01,45,9,45.0247
90,1967-01-10,B001210,Robert C. Byrd,WV,1,Democratic,Democrat,1917-11-20,49,51,49.1397
90,1967-01-10,K000105,Edward M. Kennedy,MA,1,Democratic,Democrat,1932-02-22,34,322,34.8822
90,1967-01-10,I000025,Daniel K. Inouye,HI,3,Democratic,Democrat,1924-09-07,42,125,42.3425
91,1969-01-03,D000390,Thomas Joseph Dodd,CT,1,Democratic,Democrat,1907-05-15,61,233,61.6384
91,1969-01-03,G000320,Albert Arnold Gore,TN,1,Democratic,Democrat,1907-12-26,61,8,61.0219
91,1969-01-03,H000720,Spessard Lindsey Holland,FL,1,Democratic,Democrat,1892-07-10,76,177,76.4849
91,1969-01-03,M000311,Eugene Joseph McCarthy,MN,1,Democratic,Democrat,1916-03-29,52,280,52.7671
91,1969-01-03,M001092,George Lloyd Murphy,CA,1,Republican,Republican,1902-07-04,66,183,66.5014
91,1969-01-03,P000552,Winston Lewis Prouty,VT,1,Republican,Republican,1906-09-01,62,124,62.3397
91,1969-01-03,T000445,Joseph Davies Tydings,MD,1,Democratic,Democrat,1928-05-04,40,244,40.6685
91,1969-01-03,W000518,John James Williams,DE,1,Republican,Republican,1904-05-17,64,231,64.6329
91,1969-01-03,Y000006,Ralph Webster Yarborough,TX,1,Democratic,Democrat,1903-06-08,65,209,65.5726
91,1969-01-03,Y000053,Stephen Marvin Young,OH,1,Democratic,Democrat,1889-05-04,79,244,79.6685
91,1969-01-03,S000739,William Belser Spong,VA,2,Democratic,Democrat,1920-09-29,48,96,48.263
91,1969-01-03,A000161,Gordon Llewellyn Allott,CO,2,Republican,Republican,1907-01-02,62,1,62.0027
91,1969-01-03,A000186,Clinton Presba Anderson,NM,2,Democratic,Democrat,1895-10-23,73,72,73.1973
91,1969-01-03,B000593,James Caleb Boggs,DE,2,Republican,Republican,1909-05-15,59,233,59.6384
91,1969-01-03,C000758,John Sherman Cooper,KY,2,Republican,Republican,1901-08-23,67,133,67.3644
91,1969-01-03,E000112,Allen Joseph Ellender,LA,2,Democratic,Democrat,1890-09-24,78,101,78.2767
91,1969-01-03,H000237,Fred Roy Harris,OK,2,Democratic,Democrat,1930-11-13,38,51,38.1397
91,1969-01-03,J000267,Benjamin Everett Jordan,NC,2,Democratic,Democrat,1896-09-08,72,117,72.3205
91,1969-01-03,J000269,Leonard Beck Jordan,ID,2,Republican,Republican,1899-05-15,69,233,69.6384
91,1969-01-03,M000730,Jack Richard Miller,IA,2,Republican,Republican,1916-06-06,52,211,52.5781
91,1969-01-03,M001078,Karl Earl Mundt,SD,2,Republican,Republican,1900-06-03,68,214,68.5863
91,1969-01-03,R000536,Richard Brevard Russell,GA,2,Democratic,Democrat,1897-11-02,71,62,71.1699
91,1969-01-03,S000590,Margaret Chase Smith,ME,2,Republican,Republican,1897-12-14,71,20,71.0548
91,1969-01-03,C000721,Marlow Webster Cook,KY,3,Republican,Republican,1926-07-27,42,160,42.4384
91,1969-01-03,G000282,Charles Ellsworth Goodell,NY,1,Republican,Republican,1926-03-16,42,293,42.8027
91,1969-01-03,A000062,George David Aiken,VT,3,Republican,Republican,1892-08-20,76,136,76.3726
91,1969-01-03,B000384,Wallace Foster Bennett,UT,3,Republican,Republican,1898-11-13,70,51,70.1397
91,1969-01-03,B000436,Alan Harvey Bible,NV,3,Democratic,Democrat,1909-11-20,59,44,59.1205
91,1969-01-03,D000409,Peter Hoyt Dominick,CO,3,Republican,Republican,1915-07-07,53,180,53.4932
91,1969-01-03,E000211,Samuel James Ervin,NC,3,Democratic,Democrat,1896-09-27,72,98,72.2685
91,1969-01-03,F000401,James William Fulbright,AR,3,Democratic,Democrat,1905-04-09,63,269,63.737
91,1969-01-03,G000531,Edward John Gurney,FL,3,Republican,Republican,1914-01-12,54,357,54.9754
91,1969-01-03,H000922,Harold Everett Hughes,IA,3,Democratic,Democrat,1922-02-10,46,328,46.8962
91,1969-01-03,S000096,William Bart Saxbe,OH,3,Republican,Republican,1916-06-24,52,193,52.5288
91,1969-01-03,F000013,Paul Jones Fannin,AZ,1,Republican,Republican,1907-01-29,61,340,61.929
91,1969-01-03,F000245,Hiram Leong Fong,HI,1,Republican,Republican,1906-10-15,62,80,62.2192
91,1969-01-03,H000291,Philip Aloysius Hart,MI,1,Democratic,Democrat,1912-12-10,56,24,56.0658
91,1969-01-03,H000297,Rupert Vance Hartke,IN,1,Democratic,Democrat,1919-05-31,49,217,49.5945
91,1969-01-03,H000875,Roman Lee Hruska,NE,1,Republican,Republican,1904-08-16,64,140,64.3836
91,1969-01-03,M000113,Michael Joseph Mansfield,MT,1,Democratic,Democrat,1903-03-16,65,293,65.8027
91,1969-01-03,M000445,Gale William McGee,WY,1,Democratic,Democrat,1915-03-17,53,292,53.8
91,1969-01-03,M000876,Joseph Manuel Montoya,NM,1,Democratic,Democrat,1915-09-24,53,101,53.2767
91,1969-01-03,M001033,Frank Edward Moss,UT,1,Democratic,Democrat,1911-09-23,57,102,57.2795
91,1969-01-03,P000100,John Orlando Pastore,RI,1,Democratic,Democrat,1907-03-17,61,292,61.8
91,1969-01-03,S000174,Hugh Doggett Scott,PA,1,Republican,Republican,1900-11-11,68,53,68.1452
91,1969-01-03,S001136,William Stuart Symington,MO,1,Democratic,Democrat,1901-06-26,67,191,67.5233
91,1969-01-03,B000871,Edward William Brooke,MA,2,Republican,Republican,1919-10-26,49,69,49.189
91,1969-01-03,C000220,Clifford Philip Case,NJ,2,Republican,Republican,1904-04-16,64,262,64.7178
91,1969-01-03,C001006,Carl Thomas Curtis,NE,2,Republican,Republican,1905-03-15,63,294,63.8055
91,1969-01-03,E000018,James Oliver Eastland,MS,2,Democratic,Democrat,1904-11-28,64,36,64.0986
91,1969-01-03,G000465,Robert Paul Griffin,MI,2,Republican,Republican,1923-11-06,45,58,45.1589
91,1969-01-03,H000170,Clifford Peter Hansen,WY,2,Republican,Republican,1912-10-16,56,79,56.2164
91,1969-01-03,M000332,John Little McClellan,AR,2,Democratic,Democrat,1896-02-25,72,313,72.8552
91,1969-01-03,M000486,Thomas James McIntyre,NH,2,Democratic,Democrat,1915-02-20,53,318,53.8689
91,1969-01-03,M000671,Lee Warren Metcalf,MT,2,Democratic,Democrat,1911-01-28,57,341,57.9317
91,1969-01-03,M000851,Walter Frederick Mondale,MN,2,Democratic,Democrat,1928-01-05,40,364,40.9945
91,1969-01-03,P000166,James Blackwood Pearson,KS,2,Republican,Republican,1920-05-07,48,241,48.6603
91,1969-01-03,S000701,John Jackson Sparkman,AL,2,Democratic,Democrat,1899-12-20,69,14,69.0384
91,1969-01-03,A000127,James Browning Allen,AL,3,Democratic,Democrat,1912-12-28,56,6,56.0164
91,1969-01-03,B000254,Birch Evans Bayh,IN,3,Democratic,Democrat,1928-01-22,40,347,40.9481
91,1969-01-03,B000351,Henry Louis Bellmon,OK,3,Republican,Republican,1921-09-03,47,122,47.3342
91,1969-01-03,C000388,Frank Forrester Church,ID,3,Democratic,Democrat,1924-07-25,44,162,44.4438
91,1969-01-03,C000802,Norris H. Cotton,NH,3,Republican,Republican,1900-05-11,68,237,68.6493
91,1969-01-03,G000388,Maurice Robert Gravel,AK,3,Democratic,Democrat,1930-05-13,38,235,38.6438
91,1969-01-03,J000064,Jacob Koppel Javits,NY,3,Republican,Republican,1904-05-18,64,230,64.6301
91,1969-01-03,M000053,Warren Grant Magnuson,WA,3,Democratic,Democrat,1905-04-12,63,266,63.7288
91,1969-01-03,M000452,George Stanley McGovern,SD,3,Democratic,Democrat,1922-07-19,46,168,46.4603
91,1969-01-03,N000033,Gaylord Anton Nelson,WI,3,Democratic,Democrat,1916-06-04,52,213,52.5836
91,1969-01-03,R000191,Abraham Alexander Ribicoff,CT,3,Democratic,Democrat,1910-04-09,58,269,58.737
91,1969-01-03,S000159,Richard Schultz Schweiker,PA,3,Republican,Republican,1926-06-01,42,216,42.5918
91,1969-01-03,T000035,Herman Eugene Talmadge,GA,3,Democratic,Democrat,1913-08-09,55,147,55.4027
91,1969-01-03,Y000047,Milton Ruben Young,ND,3,Republican,Republican,1897-12-06,71,28,71.0767
91,1969-01-03,B001209,Harry Flood Byrd,VA,1,Democratic,Democrat,1914-12-20,54,14,54.0384
91,1969-01-03,C000120,Howard Walter Cannon,NV,1,Democratic,Democrat,1912-01-26,56,343,56.9372
91,1969-01-03,M001121,Edmund Sixtus Muskie,ME,1,Democratic,Democrat,1914-03-28,54,281,54.7699
91,1969-01-03,W000502,Harrison Arlington Williams,NJ,1,Democratic,Democrat,1919-12-10,49,24,49.0658
91,1969-01-03,B000063,Howard Henry Baker,TN,2,Republican,Republican,1925-11-15,43,49,43.1342
91,1969-01-03,P000222,Charles Harting Percy,IL,2,Republican,Republican,1919-09-27,49,98,49.2685
91,1969-01-03,R000046,Jennings Randolph,WV,2,Democratic,Democrat,1902-03-08,66,301,66.8247
91,1969-01-03,T000322,John Goodwin Tower,TX,2,Republican,Republican,1925-09-29,43,96,43.263
91,1969-01-03,E000004,Thomas Francis Eagleton,MO,3,Democratic,Democrat,1929-09-04,39,121,39.3315
91,1969-01-03,G000267,Barry Morris Goldwater,AZ,3,Republican,Republican,1909-01-01,60,2,60.0055
91,1969-01-03,L000428,Russell Billiu Long,LA,3,Democratic,Democrat,1918-11-03,50,61,50.1671
91,1969-01-03,M000241,Charles McCurdy Mathias,MD,3,Republican,Republican,1922-07-24,46,163,46.4466
91,1969-01-03,J000013,Henry Martin Jackson,WA,1,Democratic,Democrat,1912-05-31,56,217,56.5945
91,1969-01-03,P000553,William Proxmire,WI,1,Democratic,Democrat,1915-11-11,53,53,53.1452
91,1969-01-03,S000852,John Cornelius Stennis,MS,1,Democratic,Democrat,1901-08-03,67,153,67.4192
91,1969-01-03,C000877,Alan Cranston,CA,3,Democratic,Democrat,1914-06-19,54,198,54.5425
91,1969-01-03,B001077,Quentin Northrup Burdick,ND,1,Democratic,Democrat,1908-06-19,60,198,60.5425
91,1969-01-03,H000343,Mark Odom Hatfield,OR,2,Republican,Republican,1922-07-12,46,175,46.4795
91,1969-01-03,P000193,Claiborne de Borda Pell,RI,2,Democratic,Democrat,1918-11-22,50,42,50.1151
91,1969-01-03,D000401,Robert Joseph Dole,KS,3,Republican,Republican,1923-07-22,45,165,45.4521
91,1969-01-03,P000009,Robert William Packwood,OR,3,Republican,Republican,1932-09-11,36,114,36.3123
91,1969-01-03,T000254,J. Strom Thurmond,SC,2,Republican,Republican,1902-12-05,66,29,66.0795
91,1969-01-03,H000725,Ernest F. Hollings,SC,3,Democratic,Democrat,1922-01-01,47,2,47.0055
91,1969-01-03,S000888,Ted F. Stevens,AK,2,Republican,Republican,1923-11-18,45,46,45.126
91,1969-01-03,B001210,Robert C. Byrd,WV,1,Democratic,Democrat,1917-11-20,51,44,51.1205
91,1969-01-03,K000105,Edward M. Kennedy,MA,1,Democratic,Democrat,1932-02-22,36,316,36.8634
91,1969-01-03,I000025,Daniel K. Inouye,HI,3,Democratic,Democrat,1924-09-07,44,118,44.3233
92,1971-01-21,S000739,William Belser Spong,VA,2,Democratic,Democrat,1920-09-29,50,114,50.3123
92,1971-01-21,A000161,Gordon Llewellyn Allott,CO,2,Republican,Republican,1907-01-02,64,19,64.0521
92,1971-01-21,A000186,Clinton Presba Anderson,NM,2,Democratic,Democrat,1895-10-23,75,90,75.2466
92,1971-01-21,B000593,James Caleb Boggs,DE,2,Republican,Republican,1909-05-15,61,251,61.6877
92,1971-01-21,C000758,John Sherman Cooper,KY,2,Republican,Republican,1901-08-23,69,151,69.4137
92,1971-01-21,E000112,Allen Joseph Ellender,LA,2,Democratic,Democrat,1890-09-24,80,119,80.326
92,1971-01-21,H000237,Fred Roy Harris,OK,2,Democratic,Democrat,1930-11-13,40,69,40.189
92,1971-01-21,J000267,Benjamin Everett Jordan,NC,2,Democratic,Democrat,1896-09-08,74,135,74.3699
92,1971-01-21,J000269,Leonard Beck Jordan,ID,2,Republican,Republican,1899-05-15,71,251,71.6877
92,1971-01-21,M000730,Jack Richard Miller,IA,2,Republican,Republican,1916-06-06,54,229,54.6274
92,1971-01-21,M001078,Karl Earl Mundt,SD,2,Republican,Republican,1900-06-03,70,232,70.6356
92,1971-01-21,S000590,Margaret Chase Smith,ME,2,Republican,Republican,1897-12-14,73,38,73.1041
92,1971-01-21,C000721,Marlow Webster Cook,KY,3,Republican,Republican,1926-07-27,44,178,44.4877
92,1971-01-21,A000062,George David Aiken,VT,3,Republican,Republican,1892-08-20,78,154,78.4219
92,1971-01-21,B000384,Wallace Foster Bennett,UT,3,Republican,Republican,1898-11-13,72,69,72.189
92,1971-01-21,B000436,Alan Harvey Bible,NV,3,Democratic,Democrat,1909-11-20,61,62,61.1699
92,1971-01-21,D000409,Peter Hoyt Dominick,CO,3,Republican,Republican,1915-07-07,55,198,55.5425
92,1971-01-21,E000211,Samuel James Ervin,NC,3,Democratic,Democrat,1896-09-27,74,116,74.3178
92,1971-01-21,F000401,James William Fulbright,AR,3,Democratic,Democrat,1905-04-09,65,287,65.7863
92,1971-01-21,G000531,Edward John Gurney,FL,3,Republican,Republican,1914-01-12,57,9,57.0247
92,1971-01-21,H000922,Harold Everett Hughes,IA,3,Democratic,Democrat,1922-02-10,48,345,48.9452
92,1971-01-21,S000096,William Bart Saxbe,OH,3,Republican,Republican,1916-06-24,54,211,54.5781
92,1971-01-21,B000272,John Glenn Beall,MD,1,Republican,Republican,1927-06-19,43,216,43.5918
92,1971-01-21,B000851,William Emerson Brock,TN,1,Republican,Republican,1930-11-23,40,59,40.1616
92,1971-01-21,B001026,James Lane Buckley,NY,1,Other,Conservative,1923-03-09,47,318,47.8712
92,1971-01-21,F000013,Paul Jones Fannin,AZ,1,Republican,Republican,1907-01-29,63,357,63.9781
92,1971-01-21,F000245,Hiram Leong Fong,HI,1,Republican,Republican,1906-10-15,64,98,64.2685
92,1971-01-21,H000291,Philip Aloysius Hart,MI,1,Democratic,Democrat,1912-12-10,58,42,58.1151
92,1971-01-21,H000297,Rupert Vance Hartke,IN,1,Democratic,Democrat,1919-05-31,51,235,51.6438
92,1971-01-21,H000875,Roman Lee Hruska,NE,1,Republican,Republican,1904-08-16,66,158,66.4329
92,1971-01-21,M000113,Michael Joseph Mansfield,MT,1,Democratic,Democrat,1903-03-16,67,311,67.8521
92,1971-01-21,M000445,Gale William McGee,WY,1,Democratic,Democrat,1915-03-17,55,310,55.8493
92,1971-01-21,M000876,Joseph Manuel Montoya,NM,1,Democratic,Democrat,1915-09-24,55,119,55.326
92,1971-01-21,M001033,Frank Edward Moss,UT,1,Democratic,Democrat,1911-09-23,59,120,59.3288
92,1971-01-21,P000100,John Orlando Pastore,RI,1,Democratic,Democrat,1907-03-17,63,310,63.8493
92,1971-01-21,S000174,Hugh Doggett Scott,PA,1,Republican,Republican,1900-11-11,70,71,70.1945
92,1971-01-21,S001136,William Stuart Symington,MO,1,Democratic,Democrat,1901-06-26,69,209,69.5726
92,1971-01-21,T000010,Robert Taft,OH,1,Republican,Republican,1917-02-26,53,329,53.9014
92,1971-01-21,T000410,John Varick Tunney,CA,1,Democratic,Democrat,1934-06-26,36,209,36.5726
92,1971-01-21,B000871,Edward William Brooke,MA,2,Republican,Republican,1919-10-26,51,87,51.2384
92,1971-01-21,C000220,Clifford Philip Case,NJ,2,Republican,Republican,1904-04-16,66,280,66.7671
92,1971-01-21,C001006,Carl Thomas Curtis,NE,2,Republican,Republican,1905-03-15,65,312,65.8548
92,1971-01-21,E000018,James Oliver Eastland,MS,2,Democratic,Democrat,1904-11-28,66,54,66.1479
92,1971-01-21,G000465,Robert Paul Griffin,MI,2,Republican,Republican,1923-11-06,47,76,47.2082
92,1971-01-21,H000170,Clifford Peter Hansen,WY,2,Republican,Republican,1912-10-16,58,97,58.2658
92,1971-01-21,M000332,John Little McClellan,AR,2,Democratic,Democrat,1896-02-25,74,330,74.9041
92,1971-01-21,M000486,Thomas James McIntyre,NH,2,Democratic,Democrat,1915-02-20,55,335,55.9178
92,1971-01-21,M000671,Lee Warren Metcalf,MT,2,Democratic,Democrat,1911-01-28,59,358,59.9808
92,1971-01-21,M000851,Walter Frederick Mondale,MN,2,Democratic,Democrat,1928-01-05,43,16,43.0438
92,1971-01-21,P000166,James Blackwood Pearson,KS,2,Republican,Republican,1920-05-07,50,259,50.7096
92,1971-01-21,S000701,John Jackson Sparkman,AL,2,Democratic,Democrat,1899-12-20,71,32,71.0877
92,1971-01-21,A000127,James Browning Allen,AL,3,Democratic,Democrat,1912-12-28,58,24,58.0658
92,1971-01-21,B000254,Birch Evans Bayh,IN,3,Democratic,Democrat,1928-01-22,42,364,42.9973
92,1971-01-21,B000351,Henry Louis Bellmon,OK,3,Republican,Republican,1921-09-03,49,140,49.3836
92,1971-01-21,C000388,Frank Forrester Church,ID,3,Democratic,Democrat,1924-07-25,46,180,46.4932
92,1971-01-21,C000802,Norris H. Cotton,NH,3,Republican,Republican,1900-05-11,70,255,70.6986
92,1971-01-21,G000388,Maurice Robert Gravel,AK,3,Democratic,Democrat,1930-05-13,40,253,40.6932
92,1971-01-21,J000064,Jacob Koppel Javits,NY,3,Republican,Republican,1904-05-18,66,248,66.6795
92,1971-01-21,M000053,Warren Grant Magnuson,WA,3,Democratic,Democrat,1905-04-12,65,284,65.7781
92,1971-01-21,M000452,George Stanley McGovern,SD,3,Democratic,Democrat,1922-07-19,48,186,48.5096
92,1971-01-21,N000033,Gaylord Anton Nelson,WI,3,Democratic,Democrat,1916-06-04,54,231,54.6329
92,1971-01-21,R000191,Abraham Alexander Ribicoff,CT,3,Democratic,Democrat,1910-04-09,60,287,60.7863
92,1971-01-21,S000159,Richard Schultz Schweiker,PA,3,Republican,Republican,1926-06-01,44,234,44.6411
92,1971-01-21,S000890,Adlai Ewing Stevenson,IL,3,Democratic,Democrat,1930-10-10,40,103,40.2822
92,1971-01-21,T000035,Herman Eugene Talmadge,GA,3,Democratic,Democrat,1913-08-09,57,165,57.4521
92,1971-01-21,Y000047,Milton Ruben Young,ND,3,Republican,Republican,1897-12-06,73,46,73.126
92,1971-01-21,B001209,Harry Flood Byrd,VA,1,Other,Independent,1914-12-20,56,32,56.0877
92,1971-01-21,C000120,Howard Walter Cannon,NV,1,Democratic,Democrat,1912-01-26,58,360,58.9863
92,1971-01-21,H000953,Hubert Horatio Humphrey,MN,1,Democratic,Democrat,1911-05-27,59,239,59.6548
92,1971-01-21,M001121,Edmund Sixtus Muskie,ME,1,Democratic,Democrat,1914-03-28,56,299,56.8192
92,1971-01-21,W000502,Harrison Arlington Williams,NJ,1,Democratic,Democrat,1919-12-10,51,42,51.1151
92,1971-01-21,B000063,Howard Henry Baker,TN,2,Republican,Republican,1925-11-15,45,67,45.1836
92,1971-01-21,P000222,Charles Harting Percy,IL,2,Republican,Republican,1919-09-27,51,116,51.3178
92,1971-01-21,R000046,Jennings Randolph,WV,2,Democratic,Democrat,1902-03-08,68,319,68.874
92,1971-01-21,T000322,John Goodwin Tower,TX,2,Republican,Republican,1925-09-29,45,114,45.3123
92,1971-01-21,E000004,Thomas Francis Eagleton,MO,3,Democratic,Democrat,1929-09-04,41,139,41.3808
92,1971-01-21,G000267,Barry Morris Goldwater,AZ,3,Republican,Republican,1909-01-01,62,20,62.0548
92,1971-01-21,L000428,Russell Billiu Long,LA,3,Democratic,Democrat,1918-11-03,52,79,52.2164
92,1971-01-21,M000241,Charles McCurdy Mathias,MD,3,Republican,Republican,1922-07-24,48,181,48.4959
92,1971-01-21,C000356,Lawton Mainor Chiles,FL,1,Democratic,Democrat,1930-04-03,40,293,40.8027
92,1971-01-21,J000013,Henry Martin Jackson,WA,1,Democratic,Democrat,1912-05-31,58,235,58.6438
92,1971-01-21,P000553,William Proxmire,WI,1,Democratic,Democrat,1915-11-11,55,71,55.1945
92,1971-01-21,S000852,John Cornelius Stennis,MS,1,Democratic,Democrat,1901-08-03,69,171,69.4685
92,1971-01-21,W000253,Lowell Palmer Weicker,CT,1,Republican,Republican,1931-05-16,39,250,39.6849
92,1971-01-21,C000877,Alan Cranston,CA,3,Democratic,Democrat,1914-06-19,56,216,56.5918
92,1971-01-21,B000401,Lloyd Millard Bentsen,TX,1,Democratic,Democrat,1921-02-11,49,344,49.9425
92,1971-01-21,B001077,Quentin Northrup Burdick,ND,1,Democratic,Democrat,1908-06-19,62,216,62.5918
92,1971-01-21,H000343,Mark Odom Hatfield,OR,2,Republican,Republican,1922-07-12,48,193,48.5288
92,1971-01-21,P000193,Claiborne de Borda Pell,RI,2,Democratic,Democrat,1918-11-22,52,60,52.1644
92,1971-01-21,D000401,Robert Joseph Dole,KS,3,Republican,Republican,1923-07-22,47,183,47.5014
92,1971-01-21,P000009,Robert William Packwood,OR,3,Republican,Republican,1932-09-11,38,132,38.3616
92,1971-01-21,R000460,William V. Roth,DE,1,Republican,Republican,1921-07-22,49,183,49.5014
92,1971-01-21,T000254,J. Strom Thurmond,SC,2,Republican,Republican,1902-12-05,68,47,68.1288
92,1971-01-21,H000725,Ernest F. Hollings,SC,3,Democratic,Democrat,1922-01-01,49,20,49.0548
92,1971-01-21,S000888,Ted F. Stevens,AK,2,Republican,Republican,1923-11-18,47,64,47.1753
92,1971-01-21,B001210,Robert C. Byrd,WV,1,Democratic,Democrat,1917-11-20,53,62,53.1699
92,1971-01-21,K000105,Edward M. Kennedy,MA,1,Democratic,Democrat,1932-02-22,38,333,38.9123
92,1971-01-21,I000025,Daniel K. Inouye,HI,3,Democratic,Democrat,1924-09-07,46,136,46.3726
93,1973-01-03,C000721,Marlow Webster Cook,KY,3,Republican,Republican,1926-07-27,46,160,46.4384
93,1973-01-03,A000062,George David Aiken,VT,3,Republican,Republican,1892-08-20,80,136,80.3726
93,1973-01-03,B000384,Wallace Foster Bennett,UT,3,Republican,Republican,1898-11-13,74,51,74.1397
93,1973-01-03,B000436,Alan Harvey Bible,NV,3,Democratic,Democrat,1909-11-20,63,44,63.1205
93,1973-01-03,D000409,Peter Hoyt Dominick,CO,3,Republican,Republican,1915-07-07,57,180,57.4932
93,1973-01-03,E000211,Samuel James Ervin,NC,3,Democratic,Democrat,1896-09-27,76,98,76.2685
93,1973-01-03,F000401,James William Fulbright,AR,3,Democratic,Democrat,1905-04-09,67,269,67.737
93,1973-01-03,G000531,Edward John Gurney,FL,3,Republican,Republican,1914-01-12,58,357,58.9754
93,1973-01-03,H000922,Harold Everett Hughes,IA,3,Democratic,Democrat,1922-02-10,50,328,50.8962
93,1973-01-03,S000096,William Bart Saxbe,OH,3,Republican,Republican,1916-06-24,56,193,56.5288
93,1973-01-03,B000272,John Glenn Beall,MD,1,Republican,Republican,1927-06-19,45,198,45.5425
93,1973-01-03,B000851,William Emerson Brock,TN,1,Republican,Republican,1930-11-23,42,41,42.1123
93,1973-01-03,B001026,James Lane Buckley,NY,1,Other,Conservative,1923-03-09,49,300,49.8219
93,1973-01-03,F000013,Paul Jones Fannin,AZ,1,Republican,Republican,1907-01-29,65,340,65.929
93,1973-01-03,F000245,Hiram Leong Fong,HI,1,Republican,Republican,1906-10-15,66,80,66.2192
93,1973-01-03,H000291,Philip Aloysius Hart,MI,1,Democratic,Democrat,1912-12-10,60,24,60.0658
93,1973-01-03,H000297,Rupert Vance Hartke,IN,1,Democratic,Democrat,1919-05-31,53,217,53.5945
93,1973-01-03,H000875,Roman Lee Hruska,NE,1,Republican,Republican,1904-08-16,68,140,68.3836
93,1973-01-03,M000113,Michael Joseph Mansfield,MT,1,Democratic,Democrat,1903-03-16,69,293,69.8027
93,1973-01-03,M000445,Gale William McGee,WY,1,Democratic,Democrat,1915-03-17,57,292,57.8
93,1973-01-03,M000876,Joseph Manuel Montoya,NM,1,Democratic,Democrat,1915-09-24,57,101,57.2767
93,1973-01-03,M001033,Frank Edward Moss,UT,1,Democratic,Democrat,1911-09-23,61,102,61.2795
93,1973-01-03,P000100,John Orlando Pastore,RI,1,Democratic,Democrat,1907-03-17,65,292,65.8
93,1973-01-03,S000174,Hugh Doggett Scott,PA,1,Republican,Republican,1900-11-11,72,53,72.1452
93,1973-01-03,S001136,William Stuart Symington,MO,1,Democratic,Democrat,1901-06-26,71,191,71.5233
93,1973-01-03,T000010,Robert Taft,OH,1,Republican,Republican,1917-02-26,55,312,55.8525
93,1973-01-03,T000410,John Varick Tunney,CA,1,Democratic,Democrat,1934-06-26,38,191,38.5233
93,1973-01-03,A000017,James George Abourezk,SD,2,Democratic,Democrat,1931-02-24,41,314,41.8579
93,1973-01-03,B000200,Dewey Follett Bartlett,OK,2,Republican,Republican,1919-03-28,53,281,53.7699
93,1973-01-03,B000871,Edward William Brooke,MA,2,Republican,Republican,1919-10-26,53,69,53.189
93,1973-01-03,C000220,Clifford Philip Case,NJ,2,Republican,Republican,1904-04-16,68,262,68.7178
93,1973-01-03,C000448,Richard Clarence Clark,IA,2,Democratic,Democrat,1928-09-14,44,111,44.3041
93,1973-01-03,C001006,Carl Thomas Curtis,NE,2,Republican,Republican,1905-03-15,67,294,67.8055
93,1973-01-03,E000018,James Oliver Eastland,MS,2,Democratic,Democrat,1904-11-28,68,36,68.0986
93,1973-01-03,G000465,Robert Paul Griffin,MI,2,Republican,Republican,1923-11-06,49,58,49.1589
93,1973-01-03,H000170,Clifford Peter Hansen,WY,2,Republican,Republican,1912-10-16,60,79,60.2164
93,1973-01-03,H000317,Floyd Kirk Haskell,CO,2,Democratic,Democrat,1916-02-07,56,331,56.9044
93,1973-01-03,H000346,William Dodd Hathaway,ME,2,Democratic,Democrat,1924-02-21,48,317,48.8661
93,1973-01-03,M000332,John Little McClellan,AR,2,Democratic,Democrat,1896-02-25,76,313,76.8552
93,1973-01-03,M000486,Thomas James McIntyre,NH,2,Democratic,Democrat,1915-02-20,57,318,57.8689
93,1973-01-03,M000671,Lee Warren Metcalf,MT,2,Democratic,Democrat,1911-01-28,61,341,61.9317
93,1973-01-03,M000851,Walter Frederick Mondale,MN,2,Democratic,Democrat,1928-01-05,44,364,44.9945
93,1973-01-03,P000166,James Blackwood Pearson,KS,2,Republican,Republican,1920-05-07,52,241,52.6603
93,1973-01-03,S000189,William Lloyd Scott,VA,2,Republican,Republican,1915-07-01,57,186,57.5096
93,1973-01-03,S000701,John Jackson Sparkman,AL,2,Democratic,Democrat,1899-12-20,73,14,73.0384
93,1973-01-03,A000127,James Browning Allen,AL,3,Democratic,Democrat,1912-12-28,60,6,60.0164
93,1973-01-03,B000254,Birch Evans Bayh,IN,3,Democratic,Democrat,1928-01-22,44,347,44.9481
93,1973-01-03,B000351,Henry Louis Bellmon,OK,3,Republican,Republican,1921-09-03,51,122,51.3342
93,1973-01-03,C000388,Frank Forrester Church,ID,3,Democratic,Democrat,1924-07-25,48,162,48.4438
93,1973-01-03,C000802,Norris H. Cotton,NH,3,Republican,Republican,1900-05-11,72,237,72.6493
93,1973-01-03,G000388,Maurice Robert Gravel,AK,3,Democratic,Democrat,1930-05-13,42,235,42.6438
93,1973-01-03,J000064,Jacob Koppel Javits,NY,3,Republican,Republican,1904-05-18,68,230,68.6301
93,1973-01-03,M000053,Warren Grant Magnuson,WA,3,Democratic,Democrat,1905-04-12,67,266,67.7288
93,1973-01-03,M000452,George Stanley McGovern,SD,3,Democratic,Democrat,1922-07-19,50,168,50.4603
93,1973-01-03,N000033,Gaylord Anton Nelson,WI,3,Democratic,Democrat,1916-06-04,56,213,56.5836
93,1973-01-03,R000191,Abraham Alexander Ribicoff,CT,3,Democratic,Democrat,1910-04-09,62,269,62.737
93,1973-01-03,S000159,Richard Schultz Schweiker,PA,3,Republican,Republican,1926-06-01,46,216,46.5918
93,1973-01-03,S000890,Adlai Ewing Stevenson,IL,3,Democratic,Democrat,1930-10-10,42,85,42.2329
93,1973-01-03,T000035,Herman Eugene Talmadge,GA,3,Democratic,Democrat,1913-08-09,59,147,59.4027
93,1973-01-03,Y000047,Milton Ruben Young,ND,3,Republican,Republican,1897-12-06,75,28,75.0767
93,1973-01-03,B001209,Harry Flood Byrd,VA,1,Other,Independent,1914-12-20,58,14,58.0384
93,1973-01-03,C000120,Howard Walter Cannon,NV,1,Democratic,Democrat,1912-01-26,60,343,60.9372
93,1973-01-03,H000953,Hubert Horatio Humphrey,MN,1,Democratic,Democrat,1911-05-27,61,221,61.6055
93,1973-01-03,M001121,Edmund Sixtus Muskie,ME,1,Democratic,Democrat,1914-03-28,58,281,58.7699
93,1973-01-03,W000502,Harrison Arlington Williams,NJ,1,Democratic,Democrat,1919-12-10,53,24,53.0658
93,1973-01-03,B000063,Howard Henry Baker,TN,2,Republican,Republican,1925-11-15,47,49,47.1342
93,1973-01-03,H000905,Walter Darlington Huddleston,KY,2,Democratic,Democrat,1926-04-15,46,263,46.7205
93,1973-01-03,P000222,Charles Harting Percy,IL,2,Republican,Republican,1919-09-27,53,98,53.2685
93,1973-01-03,R000046,Jennings Randolph,WV,2,Democratic,Democrat,1902-03-08,70,301,70.8247
93,1973-01-03,T000322,John Goodwin Tower,TX,2,Republican,Republican,1925-09-29,47,96,47.263
93,1973-01-03,E000004,Thomas Francis Eagleton,MO,3,Democratic,Democrat,1929-09-04,43,121,43.3315
93,1973-01-03,G000267,Barry Morris Goldwater,AZ,3,Republican,Republican,1909-01-01,64,2,64.0055
93,1973-01-03,L000428,Russell Billiu Long,LA,3,Democratic,Democrat,1918-11-03,54,61,54.1671
93,1973-01-03,M000241,Charles McCurdy Mathias,MD,3,Republican,Republican,1922-07-24,50,163,50.4466
93,1973-01-03,C000356,Lawton Mainor Chiles,FL,1,Democratic,Democrat,1930-04-03,42,275,42.7534
93,1973-01-03,J000013,Henry Martin Jackson,WA,1,Democratic,Democrat,1912-05-31,60,217,60.5945
93,1973-01-03,P000553,William Proxmire,WI,1,Democratic,Democrat,1915-11-11,57,53,57.1452
93,1973-01-03,S000776,Robert Theodore Stafford,VT,1,Republican,Republican,1913-08-08,59,148,59.4055
93,1973-01-03,S000852,John Cornelius Stennis,MS,1,Democratic,Democrat,1901-08-03,71,153,71.4192
93,1973-01-03,W000253,Lowell Palmer Weicker,CT,1,Republican,Republican,1931-05-16,41,232,41.6356
93,1973-01-03,M000346,James Albertus McClure,ID,2,Republican,Republican,1924-12-27,48,7,48.0192
93,1973-01-03,C000877,Alan Cranston,CA,3,Democratic,Democrat,1914-06-19,58,198,58.5425
93,1973-01-03,B000401,Lloyd Millard Bentsen,TX,1,Democratic,Democrat,1921-02-11,51,327,51.8934
93,1973-01-03,B001077,Quentin Northrup Burdick,ND,1,Democratic,Democrat,1908-06-19,64,198,64.5425
93,1973-01-03,H000343,Mark Odom Hatfield,OR,2,Republican,Republican,1922-07-12,50,175,50.4795
93,1973-01-03,J000189,John Bennett Johnston,LA,2,Democratic,Democrat,1932-06-10,40,207,40.5671
93,1973-01-03,N000171,Samuel Augustus Nunn,GA,2,Democratic,Democrat,1938-09-08,34,117,34.3205
93,1973-01-03,P000193,Claiborne de Borda Pell,RI,2,Democratic,Democrat,1918-11-22,54,42,54.1151
93,1973-01-03,D000401,Robert Joseph Dole,KS,3,Republican,Republican,1923-07-22,49,165,49.4521
93,1973-01-03,P000009,Robert William Packwood,OR,3,Republican,Republican,1932-09-11,40,114,40.3123
93,1973-01-03,R000460,William V. Roth,DE,1,Republican,Republican,1921-07-22,51,165,51.4521
93,1973-01-03,H000463,Jesse Helms,NC,2,Republican,Republican,1921-10-18,51,77,51.211
93,1973-01-03,T000254,J. Strom Thurmond,SC,2,Republican,Republican,1902-12-05,70,29,70.0795
93,1973-01-03,H000725,Ernest F. Hollings,SC,3,Democratic,Democrat,1922-01-01,51,2,51.0055
93,1973-01-03,D000407,Pete V. Domenici,NM,2,Republican,Republican,1932-05-07,40,241,40.6603
93,1973-01-03,S000888,Ted F. Stevens,AK,2,Republican,Republican,1923-11-18,49,46,49.126
93,1973-01-03,B001210,Robert C. Byrd,WV,1,Democratic,Democrat,1917-11-20,55,44,55.1205
93,1973-01-03,K000105,Edward M. Kennedy,MA,1,Democratic,Democrat,1932-02-22,40,316,40.8634
93,1973-01-03,B000444,Joseph R. Biden,DE,2,Democratic,Democrat,1942-11-20,30,44,30.1205
93,1973-01-03,I000025,Daniel K. Inouye,HI,3,Democratic,Democrat,1924-09-07,48,118,48.3233
94,1975-01-14,B000272,John Glenn Beall,MD,1,Republican,Republican,1927-06-19,47,209,47.5726
94,1975-01-14,B000851,William Emerson Brock,TN,1,Republican,Republican,1930-11-23,44,52,44.1425
94,1975-01-14,B001026,James Lane Buckley,NY,1,Other,Conservative,1923-03-09,51,311,51.8521
94,1975-01-14,F000013,Paul Jones Fannin,AZ,1,Republican,Republican,1907-01-29,67,350,67.9589
94,1975-01-14,F000245,Hiram Leong Fong,HI,1,Republican,Republican,1906-10-15,68,91,68.2493
94,1975-01-14,H000291,Philip Aloysius Hart,MI,1,Democratic,Democrat,1912-12-10,62,35,62.0959
94,1975-01-14,H000297,Rupert Vance Hartke,IN,1,Democratic,Democrat,1919-05-31,55,228,55.6247
94,1975-01-14,H000875,Roman Lee Hruska,NE,1,Republican,Republican,1904-08-16,70,151,70.4137
94,1975-01-14,M000113,Michael Joseph Mansfield,MT,1,Democratic,Democrat,1903-03-16,71,304,71.8329
94,1975-01-14,M000445,Gale William McGee,WY,1,Democratic,Democrat,1915-03-17,59,303,59.8301
94,1975-01-14,M000876,Joseph Manuel Montoya,NM,1,Democratic,Democrat,1915-09-24,59,112,59.3068
94,1975-01-14,M001033,Frank Edward Moss,UT,1,Democratic,Democrat,1911-09-23,63,113,63.3096
94,1975-01-14,P000100,John Orlando Pastore,RI,1,Democratic,Democrat,1907-03-17,67,303,67.8301
94,1975-01-14,S000174,Hugh Doggett Scott,PA,1,Republican,Republican,1900-11-11,74,64,74.1753
94,1975-01-14,S001136,William Stuart Symington,MO,1,Democratic,Democrat,1901-06-26,73,202,73.5534
94,1975-01-14,T000010,Robert Taft,OH,1,Republican,Republican,1917-02-26,57,322,57.8822
94,1975-01-14,T000410,John Varick Tunney,CA,1,Democratic,Democrat,1934-06-26,40,202,40.5534
94,1975-01-14,A000017,James George Abourezk,SD,2,Democratic,Democrat,1931-02-24,43,324,43.8877
94,1975-01-14,B000200,Dewey Follett Bartlett,OK,2,Republican,Republican,1919-03-28,55,292,55.8
94,1975-01-14,B000871,Edward William Brooke,MA,2,Republican,Republican,1919-10-26,55,80,55.2192
94,1975-01-14,C000220,Clifford Philip Case,NJ,2,Republican,Republican,1904-04-16,70,273,70.7479
94,1975-01-14,C000448,Richard Clarence Clark,IA,2,Democratic,Democrat,1928-09-14,46,122,46.3342
94,1975-01-14,C001006,Carl Thomas Curtis,NE,2,Republican,Republican,1905-03-15,69,305,69.8356
94,1975-01-14,E000018,James Oliver Eastland,MS,2,Democratic,Democrat,1904-11-28,70,47,70.1288
94,1975-01-14,G000465,Robert Paul Griffin,MI,2,Republican,Republican,1923-11-06,51,69,51.189
94,1975-01-14,H000170,Clifford Peter Hansen,WY,2,Republican,Republican,1912-10-16,62,90,62.2466
94,1975-01-14,H000317,Floyd Kirk Haskell,CO,2,Democratic,Democrat,1916-02-07,58,341,58.9342
94,1975-01-14,H000346,William Dodd Hathaway,ME,2,Democratic,Democrat,1924-02-21,50,327,50.8959
94,1975-01-14,M000332,John Little McClellan,AR,2,Democratic,Democrat,1896-02-25,78,323,78.8849
94,1975-01-14,M000486,Thomas James McIntyre,NH,2,Democratic,Democrat,1915-02-20,59,328,59.8986
94,1975-01-14,M000671,Lee Warren Metcalf,MT,2,Democratic,Democrat,1911-01-28,63,351,63.9616
94,1975-01-14,M000851,Walter Frederick Mondale,MN,2,Democratic,Democrat,1928-01-05,47,9,47.0247
94,1975-01-14,P000166,James Blackwood Pearson,KS,2,Republican,Republican,1920-05-07,54,252,54.6904
94,1975-01-14,S000189,William Lloyd Scott,VA,2,Republican,Republican,1915-07-01,59,197,59.5397
94,1975-01-14,S000701,John Jackson Sparkman,AL,2,Democratic,Democrat,1899-12-20,75,25,75.0685
94,1975-01-14,A000127,James Browning Allen,AL,3,Democratic,Democrat,1912-12-28,62,17,62.0466
94,1975-01-14,B000254,Birch Evans Bayh,IN,3,Democratic,Democrat,1928-01-22,46,357,46.9781
94,1975-01-14,B000351,Henry Louis Bellmon,OK,3,Republican,Republican,1921-09-03,53,133,53.3644
94,1975-01-14,C000388,Frank Forrester Church,ID,3,Democratic,Democrat,1924-07-25,50,173,50.474
94,1975-01-14,C000979,John Chester Culver,IA,3,Democratic,Democrat,1932-08-08,42,159,42.4356
94,1975-01-14,G000388,Maurice Robert Gravel,AK,3,Democratic,Democrat,1930-05-13,44,246,44.674
94,1975-01-14,J000064,Jacob Koppel Javits,NY,3,Republican,Republican,1904-05-18,70,241,70.6603
94,1975-01-14,M000053,Warren Grant Magnuson,WA,3,Democratic,Democrat,1905-04-12,69,277,69.7589
94,1975-01-14,M000452,George Stanley McGovern,SD,3,Democratic,Democrat,1922-07-19,52,179,52.4904
94,1975-01-14,M000956,Robert Burren Morgan,NC,3,Democratic,Democrat,1925-10-05,49,101,49.2767
94,1975-01-14,N000033,Gaylord Anton Nelson,WI,3,Democratic,Democrat,1916-06-04,58,224,58.6137
94,1975-01-14,R000191,Abraham Alexander Ribicoff,CT,3,Democratic,Democrat,1910-04-09,64,280,64.7671
94,1975-01-14,S000159,Richard Schultz Schweiker,PA,3,Republican,Republican,1926-06-01,48,227,48.6219
94,1975-01-14,S000890,Adlai Ewing Stevenson,IL,3,Democratic,Democrat,1930-10-10,44,96,44.263
94,1975-01-14,S000962,Richard Bernard Stone,FL,3,Democratic,Democrat,1928-09-22,46,114,46.3123
94,1975-01-14,T000035,Herman Eugene Talmadge,GA,3,Democratic,Democrat,1913-08-09,61,158,61.4329
94,1975-01-14,Y000047,Milton Ruben Young,ND,3,Republican,Republican,1897-12-06,77,39,77.1068
94,1975-01-14,B001209,Harry Flood Byrd,VA,1,Other,Independent,1914-12-20,60,25,60.0685
94,1975-01-14,C000120,Howard Walter Cannon,NV,1,Democratic,Democrat,1912-01-26,62,353,62.9671
94,1975-01-14,H000953,Hubert Horatio Humphrey,MN,1,Democratic,Democrat,1911-05-27,63,232,63.6356
94,1975-01-14,M001121,Edmund Sixtus Muskie,ME,1,Democratic,Democrat,1914-03-28,60,292,60.8
94,1975-01-14,W000502,Harrison Arlington Williams,NJ,1,Democratic,Democrat,1919-12-10,55,35,55.0959
94,1975-01-14,B000063,Howard Henry Baker,TN,2,Republican,Republican,1925-11-15,49,60,49.1644
94,1975-01-14,H000905,Walter Darlington Huddleston,KY,2,Democratic,Democrat,1926-04-15,48,274,48.7507
94,1975-01-14,P000222,Charles Harting Percy,IL,2,Republican,Republican,1919-09-27,55,109,55.2986
94,1975-01-14,R000046,Jennings Randolph,WV,2,Democratic,Democrat,1902-03-08,72,312,72.8548
94,1975-01-14,T000322,John Goodwin Tower,TX,2,Republican,Republican,1925-09-29,49,107,49.2932
94,1975-01-14,E000004,Thomas Francis Eagleton,MO,3,Democratic,Democrat,1929-09-04,45,132,45.3616
94,1975-01-14,G000267,Barry Morris Goldwater,AZ,3,Republican,Republican,1909-01-01,66,13,66.0356
94,1975-01-14,H000287,Gary Warren Hart,CO,3,Democratic,Democrat,1936-11-28,38,47,38.1288
94,1975-01-14,L000148,Paul Dominque Laxalt,NV,3,Republican,Republican,1922-08-02,52,165,52.4521
94,1975-01-14,L000428,Russell Billiu Long,LA,3,Democratic,Democrat,1918-11-03,56,72,56.1973
94,1975-01-14,M000241,Charles McCurdy Mathias,MD,3,Republican,Republican,1922-07-24,52,174,52.4767
94,1975-01-14,C000356,Lawton Mainor Chiles,FL,1,Democratic,Democrat,1930-04-03,44,286,44.7836
94,1975-01-14,J000013,Henry Martin Jackson,WA,1,Democratic,Democrat,1912-05-31,62,228,62.6247
94,1975-01-14,P000553,William Proxmire,WI,1,Democratic,Democrat,1915-11-11,59,64,59.1753
94,1975-01-14,S000776,Robert Theodore Stafford,VT,1,Republican,Republican,1913-08-08,61,159,61.4356
94,1975-01-14,S000852,John Cornelius Stennis,MS,1,Democratic,Democrat,1901-08-03,73,164,73.4493
94,1975-01-14,W000253,Lowell Palmer Weicker,CT,1,Republican,Republican,1931-05-16,43,243,43.6658
94,1975-01-14,M000346,James Albertus McClure,ID,2,Republican,Republican,1924-12-27,50,18,50.0493
94,1975-01-14,C000877,Alan Cranston,CA,3,Democratic,Democrat,1914-06-19,60,209,60.5726
94,1975-01-14,G000072,Edwin Jacob Garn,UT,3,Republican,Republican,1932-10-12,42,94,42.2575
94,1975-01-14,B000401,Lloyd Millard Bentsen,TX,1,Democratic,Democrat,1921-02-11,53,337,53.9233
94,1975-01-14,B001077,Quentin Northrup Burdick,ND,1,Democratic,Democrat,1908-06-19,66,209,66.5726
94,1975-01-14,H000343,Mark Odom Hatfield,OR,2,Republican,Republican,1922-07-12,52,186,52.5096
94,1975-01-14,J000189,John Bennett Johnston,LA,2,Democratic,Democrat,1932-06-10,42,218,42.5973
94,1975-01-14,N000171,Samuel Augustus Nunn,GA,2,Democratic,Democrat,1938-09-08,36,128,36.3507
94,1975-01-14,P000193,Claiborne de Borda Pell,RI,2,Democratic,Democrat,1918-11-22,56,53,56.1452
94,1975-01-14,B001057,Dale Bumpers,AR,3,Democratic,Democrat,1925-08-12,49,155,49.4247
94,1975-01-14,D000401,Robert Joseph Dole,KS,3,Republican,Republican,1923-07-22,51,176,51.4822
94,1975-01-14,F000268,Wendell Hampton Ford,KY,3,Democratic,Democrat,1924-09-08,50,128,50.3507
94,1975-01-14,G000236,John Herschel Glenn,OH,3,Democratic,Democrat,1921-07-18,53,180,53.4932
94,1975-01-14,P000009,Robert William Packwood,OR,3,Republican,Republican,1932-09-11,42,125,42.3425
94,1975-01-14,R000460,William V. Roth,DE,1,Republican,Republican,1921-07-22,53,176,53.4822
94,1975-01-14,H000463,Jesse Helms,NC,2,Republican,Republican,1921-10-18,53,88,53.2411
94,1975-01-14,T000254,J. Strom Thurmond,SC,2,Republican,Republican,1902-12-05,72,40,72.1096
94,1975-01-14,H000725,Ernest F. Hollings,SC,3,Democratic,Democrat,1922-01-01,53,13,53.0356
94,1975-01-14,D000407,Pete V. Domenici,NM,2,Republican,Republican,1932-05-07,42,252,42.6904
94,1975-01-14,S000888,Ted F. Stevens,AK,2,Republican,Republican,1923-11-18,51,57,51.1562
94,1975-01-14,B001210,Robert C. Byrd,WV,1,Democratic,Democrat,1917-11-20,57,55,57.1507
94,1975-01-14,K000105,Edward M. Kennedy,MA,1,Democratic,Democrat,1932-02-22,42,326,42.8932
94,1975-01-14,B000444,Joseph R. Biden,DE,2,Democratic,Democrat,1942-11-20,32,55,32.1507
94,1975-01-14,I000025,Daniel K. Inouye,HI,3,Democratic,Democrat,1924-09-07,50,129,50.3534
94,1975-01-14,L000174,Patrick J. Leahy,VT,3,Democratic,Democrat,1940-03-31,34,289,34.7918
95,1977-01-04,A000017,James George Abourezk,SD,2,Democratic,Democrat,1931-02-24,45,315,45.8607
95,1977-01-04,B000200,Dewey Follett Bartlett,OK,2,Republican,Republican,1919-03-28,57,282,57.7726
95,1977-01-04,B000871,Edward William Brooke,MA,2,Republican,Republican,1919-10-26,57,70,57.1918
95,1977-01-04,C000220,Clifford Philip Case,NJ,2,Republican,Republican,1904-04-16,72,263,72.7205
95,1977-01-04,C000448,Richard Clarence Clark,IA,2,Democratic,Democrat,1928-09-14,48,112,48.3068
95,1977-01-04,C001006,Carl Thomas Curtis,NE,2,Republican,Republican,1905-03-15,71,295,71.8082
95,1977-01-04,E000018,James Oliver Eastland,MS,2,Democratic,Democrat,1904-11-28,72,37,72.1014
95,1977-01-04,G000465,Robert Paul Griffin,MI,2,Republican,Republican,1923-11-06,53,59,53.1616
95,1977-01-04,H000170,Clifford Peter Hansen,WY,2,Republican,Republican,1912-10-16,64,80,64.2192
95,1977-01-04,H000317,Floyd Kirk Haskell,CO,2,Democratic,Democrat,1916-02-07,60,332,60.9071
95,1977-01-04,H000346,William Dodd Hathaway,ME,2,Democratic,Democrat,1924-02-21,52,318,52.8689
95,1977-01-04,M000332,John Little McClellan,AR,2,Democratic,Democrat,1896-02-25,80,314,80.8579
95,1977-01-04,M000486,Thomas James McIntyre,NH,2,Democratic,Democrat,1915-02-20,61,319,61.8716
95,1977-01-04,M000671,Lee Warren Metcalf,MT,2,Democratic,Democrat,1911-01-28,65,342,65.9344
95,1977-01-04,P000166,James Blackwood Pearson,KS,2,Republican,Republican,1920-05-07,56,242,56.663
95,1977-01-04,S000189,William Lloyd Scott,VA,2,Republican,Republican,1915-07-01,61,187,61.5123
95,1977-01-04,S000701,John Jackson Sparkman,AL,2,Democratic,Democrat,1899-12-20,77,15,77.0411
95,1977-01-04,A000127,James Browning Allen,AL,3,Democratic,Democrat,1912-12-28,64,7,64.0192
95,1977-01-04,B000254,Birch Evans Bayh,IN,3,Democratic,Democrat,1928-01-22,48,348,48.9508
95,1977-01-04,B000351,Henry Louis Bellmon,OK,3,Republican,Republican,1921-09-03,55,123,55.337
95,1977-01-04,C000388,Frank Forrester Church,ID,3,Democratic,Democrat,1924-07-25,52,163,52.4466
95,1977-01-04,C000979,John Chester Culver,IA,3,Democratic,Democrat,1932-08-08,44,149,44.4082
95,1977-01-04,D000574,John Anthony Durkin,NH,3,Democratic,Democrat,1936-03-29,40,281,40.7699
95,1977-01-04,G000388,Maurice Robert Gravel,AK,3,Democratic,Democrat,1930-05-13,46,236,46.6466
95,1977-01-04,J000064,Jacob Koppel Javits,NY,3,Republican,Republican,1904-05-18,72,231,72.6329
95,1977-01-04,M000053,Warren Grant Magnuson,WA,3,Democratic,Democrat,1905-04-12,71,267,71.7315
95,1977-01-04,M000452,George Stanley McGovern,SD,3,Democratic,Democrat,1922-07-19,54,169,54.463
95,1977-01-04,M000956,Robert Burren Morgan,NC,3,Democratic,Democrat,1925-10-05,51,91,51.2493
95,1977-01-04,N000033,Gaylord Anton Nelson,WI,3,Democratic,Democrat,1916-06-04,60,214,60.5863
95,1977-01-04,R000191,Abraham Alexander Ribicoff,CT,3,Democratic,Democrat,1910-04-09,66,270,66.7397
95,1977-01-04,S000159,Richard Schultz Schweiker,PA,3,Republican,Republican,1926-06-01,50,217,50.5945
95,1977-01-04,S000890,Adlai Ewing Stevenson,IL,3,Democratic,Democrat,1930-10-10,46,86,46.2356
95,1977-01-04,S000962,Richard Bernard Stone,FL,3,Democratic,Democrat,1928-09-22,48,104,48.2849
95,1977-01-04,T000035,Herman Eugene Talmadge,GA,3,Democratic,Democrat,1913-08-09,63,148,63.4055
95,1977-01-04,Y000047,Milton Ruben Young,ND,3,Republican,Republican,1897-12-06,79,29,79.0795
95,1977-01-04,A000202,Wendell Richard Anderson,MN,2,Democratic,Democrat,1933-02-01,43,338,43.9235
95,1977-01-04,B001209,Harry Flood Byrd,VA,1,Other,Independent,1914-12-20,62,15,62.0411
95,1977-01-04,C000120,Howard Walter Cannon,NV,1,Democratic,Democrat,1912-01-26,64,344,64.9399
95,1977-01-04,H000384,Samuel Ichiye Hayakawa,CA,1,Republican,Republican,1906-07-18,70,170,70.4658
95,1977-01-04,H000953,Hubert Horatio Humphrey,MN,1,Democratic,Democrat,1911-05-27,65,222,65.6082
95,1977-01-04,M001121,Edmund Sixtus Muskie,ME,1,Democratic,Democrat,1914-03-28,62,282,62.7726
95,1977-01-04,S000132,Harrison Hagan Schmitt,NM,1,Republican,Republican,1935-07-03,41,185,41.5068
95,1977-01-04,W000502,Harrison Arlington Williams,NJ,1,Democratic,Democrat,1919-12-10,57,25,57.0685
95,1977-01-04,B000063,Howard Henry Baker,TN,2,Republican,Republican,1925-11-15,51,50,51.137
95,1977-01-04,H000905,Walter Darlington Huddleston,KY,2,Democratic,Democrat,1926-04-15,50,264,50.7233
95,1977-01-04,P000222,Charles Harting Percy,IL,2,Republican,Republican,1919-09-27,57,99,57.2712
95,1977-01-04,R000046,Jennings Randolph,WV,2,Democratic,Democrat,1902-03-08,74,302,74.8274
95,1977-01-04,T000322,John Goodwin Tower,TX,2,Republican,Republican,1925-09-29,51,97,51.2658
95,1977-01-04,E000004,Thomas Francis Eagleton,MO,3,Democratic,Democrat,1929-09-04,47,122,47.3342
95,1977-01-04,G000267,Barry Morris Goldwater,AZ,3,Republican,Republican,1909-01-01,68,3,68.0082
95,1977-01-04,H000287,Gary Warren Hart,CO,3,Democratic,Democrat,1936-11-28,40,37,40.1014
95,1977-01-04,L000148,Paul Dominque Laxalt,NV,3,Republican,Republican,1922-08-02,54,155,54.4247
95,1977-01-04,L000428,Russell Billiu Long,LA,3,Democratic,Democrat,1918-11-03,58,62,58.1699
95,1977-01-04,M000241,Charles McCurdy Mathias,MD,3,Republican,Republican,1922-07-24,54,164,54.4493
95,1977-01-04,C000356,Lawton Mainor Chiles,FL,1,Democratic,Democrat,1930-04-03,46,276,46.7562
95,1977-01-04,J000013,Henry Martin Jackson,WA,1,Democratic,Democrat,1912-05-31,64,218,64.5973
95,1977-01-04,M000635,John Melcher,MT,1,Democratic,Democrat,1924-09-06,52,120,52.3288
95,1977-01-04,P000553,William Proxmire,WI,1,Democratic,Democrat,1915-11-11,61,54,61.1479
95,1977-01-04,S000776,Robert Theodore Stafford,VT,1,Republican,Republican,1913-08-08,63,149,63.4082
95,1977-01-04,S000852,John Cornelius Stennis,MS,1,Democratic,Democrat,1901-08-03,75,154,75.4219
95,1977-01-04,W000253,Lowell Palmer Weicker,CT,1,Republican,Republican,1931-05-16,45,233,45.6384
95,1977-01-04,Z000013,Edward Zorinsky,NE,1,Democratic,Democrat,1928-11-11,48,54,48.1479
95,1977-01-04,M000346,James Albertus McClure,ID,2,Republican,Republican,1924-12-27,52,8,52.0219
95,1977-01-04,C000877,Alan Cranston,CA,3,Democratic,Democrat,1914-06-19,62,199,62.5452
95,1977-01-04,G000072,Edwin Jacob Garn,UT,3,Republican,Republican,1932-10-12,44,84,44.2301
95,1977-01-04,B000401,Lloyd Millard Bentsen,TX,1,Democratic,Democrat,1921-02-11,55,328,55.8962
95,1977-01-04,B001077,Quentin Northrup Burdick,ND,1,Democratic,Democrat,1908-06-19,68,199,68.5452
95,1977-01-04,D000030,John Claggett Danforth,MO,1,Republican,Republican,1936-09-05,40,121,40.3315
95,1977-01-04,D000185,Dennis Webster DeConcini,AZ,1,Democratic,Democrat,1937-05-08,39,241,39.6603
95,1977-01-04,H000456,Henry John Heinz,PA,1,Republican,Republican,1938-10-23,38,73,38.2
95,1977-01-04,M000250,Spark Masayuki Matsunaga,HI,1,Democratic,Democrat,1916-10-08,60,88,60.2411
95,1977-01-04,M000678,Howard Morton Metzenbaum,OH,1,Democratic,Democrat,1917-06-04,59,214,59.5863
95,1977-01-04,R000249,Donald Wayne Riegle,MI,1,Democratic,Democrat,1938-02-04,38,335,38.9153
95,1977-01-04,S000068,James Ralph Sasser,TN,1,Democratic,Democrat,1936-09-30,40,96,40.263
95,1977-01-04,W000092,Malcolm Wallop,WY,1,Republican,Republican,1933-02-27,43,312,43.8525
95,1977-01-04,H000343,Mark Odom Hatfield,OR,2,Republican,Republican,1922-07-12,54,176,54.4822
95,1977-01-04,J000189,John Bennett Johnston,LA,2,Democratic,Democrat,1932-06-10,44,208,44.5699
95,1977-01-04,N000171,Samuel Augustus Nunn,GA,2,Democratic,Democrat,1938-09-08,38,118,38.3233
95,1977-01-04,P000193,Claiborne de Borda Pell,RI,2,Democratic,Democrat,1918-11-22,58,43,58.1178
95,1977-01-04,B001057,Dale Bumpers,AR,3,Democratic,Democrat,1925-08-12,51,145,51.3973
95,1977-01-04,D000401,Robert Joseph Dole,KS,3,Republican,Republican,1923-07-22,53,166,53.4548
95,1977-01-04,F000268,Wendell Hampton Ford,KY,3,Democratic,Democrat,1924-09-08,52,118,52.3233
95,1977-01-04,G000236,John Herschel Glenn,OH,3,Democratic,Democrat,1921-07-18,55,170,55.4658
95,1977-01-04,P000009,Robert William Packwood,OR,3,Republican,Republican,1932-09-11,44,115,44.3151
95,1977-01-04,C000269,John Hubbard Chafee,RI,1,Republican,Republican,1922-10-22,54,74,54.2027
95,1977-01-04,M001054,Daniel Patrick Moynihan,NY,1,Democratic,Democrat,1927-03-16,49,294,49.8055
95,1977-01-04,R000460,William V. Roth,DE,1,Republican,Republican,1921-07-22,55,166,55.4548
95,1977-01-04,H000463,Jesse Helms,NC,2,Republican,Republican,1921-10-18,55,78,55.2137
95,1977-01-04,T000254,J. Strom Thurmond,SC,2,Republican,Republican,1902-12-05,74,30,74.0822
95,1977-01-04,H000725,Ernest F. Hollings,SC,3,Democratic,Democrat,1922-01-01,55,3,55.0082
95,1977-01-04,S000064,Paul S. Sarbanes,MD,1,Democratic,Democrat,1933-02-03,43,336,43.918
95,1977-01-04,D000407,Pete V. Domenici,NM,2,Republican,Republican,1932-05-07,44,242,44.663
95,1977-01-04,S000888,Ted F. Stevens,AK,2,Republican,Republican,1923-11-18,53,47,53.1288
95,1977-01-04,B001210,Robert C. Byrd,WV,1,Democratic,Democrat,1917-11-20,59,45,59.1233
95,1977-01-04,K000105,Edward M. Kennedy,MA,1,Democratic,Democrat,1932-02-22,44,317,44.8661
95,1977-01-04,B000444,Joseph R. Biden,DE,2,Democratic,Democrat,1942-11-20,34,45,34.1233
95,1977-01-04,I000025,Daniel K. Inouye,HI,3,Democratic,Democrat,1924-09-07,52,119,52.326
95,1977-01-04,L000504,Richard G. Lugar,IN,1,Republican,Republican,1932-04-04,44,275,44.7534
95,1977-01-04,H000338,Orrin G. Hatch,UT,1,Republican,Republican,1934-03-22,42,288,42.789
95,1977-01-04,L000174,Patrick J. Leahy,VT,3,Democratic,Democrat,1940-03-31,36,279,36.7644
96,1979-01-15,B000254,Birch Evans Bayh,IN,3,Democratic,Democrat,1928-01-22,50,358,50.9808
96,1979-01-15,B000351,Henry Louis Bellmon,OK,3,Republican,Republican,1921-09-03,57,134,57.3671
96,1979-01-15,C000388,Frank Forrester Church,ID,3,Democratic,Democrat,1924-07-25,54,174,54.4767
96,1979-01-15,C000979,John Chester Culver,IA,3,Democratic,Democrat,1932-08-08,46,160,46.4384
96,1979-01-15,D000574,John Anthony Durkin,NH,3,Democratic,Democrat,1936-03-29,42,292,42.8
96,1979-01-15,G000388,Maurice Robert Gravel,AK,3,Democratic,Democrat,1930-05-13,48,247,48.6767
96,1979-01-15,J000064,Jacob Koppel Javits,NY,3,Republican,Republican,1904-05-18,74,242,74.663
96,1979-01-15,M000053,Warren Grant Magnuson,WA,3,Democratic,Democrat,1905-04-12,73,278,73.7616
96,1979-01-15,M000452,George Stanley McGovern,SD,3,Democratic,Democrat,1922-07-19,56,180,56.4932
96,1979-01-15,M000956,Robert Burren Morgan,NC,3,Democratic,Democrat,1925-10-05,53,102,53.2795
96,1979-01-15,N000033,Gaylord Anton Nelson,WI,3,Democratic,Democrat,1916-06-04,62,225,62.6164
96,1979-01-15,R000191,Abraham Alexander Ribicoff,CT,3,Democratic,Democrat,1910-04-09,68,281,68.7699
96,1979-01-15,S000159,Richard Schultz Schweiker,PA,3,Republican,Republican,1926-06-01,52,228,52.6247
96,1979-01-15,S000890,Adlai Ewing Stevenson,IL,3,Democratic,Democrat,1930-10-10,48,97,48.2658
96,1979-01-15,S000962,Richard Bernard Stone,FL,3,Democratic,Democrat,1928-09-22,50,115,50.3151
96,1979-01-15,T000035,Herman Eugene Talmadge,GA,3,Democratic,Democrat,1913-08-09,65,159,65.4356
96,1979-01-15,Y000047,Milton Ruben Young,ND,3,Republican,Republican,1897-12-06,81,40,81.1096
96,1979-01-15,B001209,Harry Flood Byrd,VA,1,Other,Independent,1914-12-20,64,26,64.0712
96,1979-01-15,C000120,Howard Walter Cannon,NV,1,Democratic,Democrat,1912-01-26,66,354,66.9699
96,1979-01-15,H000384,Samuel Ichiye Hayakawa,CA,1,Republican,Republican,1906-07-18,72,181,72.4959
96,1979-01-15,M001121,Edmund Sixtus Muskie,ME,1,Democratic,Democrat,1914-03-28,64,293,64.8027
96,1979-01-15,S000132,Harrison Hagan Schmitt,NM,1,Republican,Republican,1935-07-03,43,196,43.537
96,1979-01-15,W000502,Harrison Arlington Williams,NJ,1,Democratic,Democrat,1919-12-10,59,36,59.0986
96,1979-01-15,S000907,Donald Wilbur Stewart,AL,3,Democratic,Democrat,1940-02-08,38,341,38.9342
96,1979-01-15,B000063,Howard Henry Baker,TN,2,Republican,Republican,1925-11-15,53,61,53.1671
96,1979-01-15,H000905,Walter Darlington Huddleston,KY,2,Democratic,Democrat,1926-04-15,52,275,52.7534
96,1979-01-15,J000101,Roger William Jepsen,IA,2,Republican,Republican,1928-12-23,50,23,50.063
96,1979-01-15,P000222,Charles Harting Percy,IL,2,Republican,Republican,1919-09-27,59,110,59.3014
96,1979-01-15,R000046,Jennings Randolph,WV,2,Democratic,Democrat,1902-03-08,76,313,76.8575
96,1979-01-15,T000322,John Goodwin Tower,TX,2,Republican,Republican,1925-09-29,53,108,53.2959
96,1979-01-15,T000393,Paul Efthemios Tsongas,MA,2,Democratic,Democrat,1941-02-14,37,335,37.9178
96,1979-01-15,E000004,Thomas Francis Eagleton,MO,3,Democratic,Democrat,1929-09-04,49,133,49.3644
96,1979-01-15,G000267,Barry Morris Goldwater,AZ,3,Republican,Republican,1909-01-01,70,14,70.0384
96,1979-01-15,H000287,Gary Warren Hart,CO,3,Democratic,Democrat,1936-11-28,42,48,42.1315
96,1979-01-15,L000148,Paul Dominque Laxalt,NV,3,Republican,Republican,1922-08-02,56,166,56.4548
96,1979-01-15,L000428,Russell Billiu Long,LA,3,Democratic,Democrat,1918-11-03,60,73,60.2
96,1979-01-15,M000241,Charles McCurdy Mathias,MD,3,Republican,Republican,1922-07-24,56,175,56.4795
96,1979-01-15,C000356,Lawton Mainor Chiles,FL,1,Democratic,Democrat,1930-04-03,48,287,48.7863
96,1979-01-15,J000013,Henry Martin Jackson,WA,1,Democratic,Democrat,1912-05-31,66,229,66.6274
96,1979-01-15,M000635,John Melcher,MT,1,Democratic,Democrat,1924-09-06,54,131,54.3589
96,1979-01-15,P000553,William Proxmire,WI,1,Democratic,Democrat,1915-11-11,63,65,63.1781
96,1979-01-15,S000776,Robert Theodore Stafford,VT,1,Republican,Republican,1913-08-08,65,160,65.4384
96,1979-01-15,S000852,John Cornelius Stennis,MS,1,Democratic,Democrat,1901-08-03,77,165,77.4521
96,1979-01-15,W000253,Lowell Palmer Weicker,CT,1,Republican,Republican,1931-05-16,47,244,47.6685
96,1979-01-15,Z000013,Edward Zorinsky,NE,1,Democratic,Democrat,1928-11-11,50,65,50.1781
96,1979-01-15,A000219,William Lester Armstrong,CO,2,Republican,Republican,1937-03-16,41,305,41.8356
96,1979-01-15,B000647,Rudolph Eli Boschwitz,MN,2,Republican,Republican,1930-11-07,48,69,48.189
96,1979-01-15,H000951,Gordon John Humphrey,NH,2,Republican,Republican,1940-10-09,38,98,38.2685
96,1979-01-15,M000346,James Albertus McClure,ID,2,Republican,Republican,1924-12-27,54,19,54.0521
96,1979-01-15,C000877,Alan Cranston,CA,3,Democratic,Democrat,1914-06-19,64,210,64.5753
96,1979-01-15,G000072,Edwin Jacob Garn,UT,3,Republican,Republican,1932-10-12,46,95,46.2603
96,1979-01-15,B000401,Lloyd Millard Bentsen,TX,1,Democratic,Democrat,1921-02-11,57,338,57.926
96,1979-01-15,B001077,Quentin Northrup Burdick,ND,1,Democratic,Democrat,1908-06-19,70,210,70.5753
96,1979-01-15,D000030,John Claggett Danforth,MO,1,Republican,Republican,1936-09-05,42,132,42.3616
96,1979-01-15,D000185,Dennis Webster DeConcini,AZ,1,Democratic,Democrat,1937-05-08,41,252,41.6904
96,1979-01-15,D000566,David Ferdinand Durenberger,MN,1,Republican,Republican,1934-08-19,44,149,44.4082
96,1979-01-15,H000456,Henry John Heinz,PA,1,Republican,Republican,1938-10-23,40,84,40.2301
96,1979-01-15,M000250,Spark Masayuki Matsunaga,HI,1,Democratic,Democrat,1916-10-08,62,99,62.2712
96,1979-01-15,M000678,Howard Morton Metzenbaum,OH,1,Democratic,Democrat,1917-06-04,61,225,61.6164
96,1979-01-15,R000249,Donald Wayne Riegle,MI,1,Democratic,Democrat,1938-02-04,40,345,40.9452
96,1979-01-15,S000068,James Ralph Sasser,TN,1,Democratic,Democrat,1936-09-30,42,107,42.2932
96,1979-01-15,W000092,Malcolm Wallop,WY,1,Republican,Republican,1933-02-27,45,322,45.8822
96,1979-01-15,B000639,David Lyle Boren,OK,2,Democratic,Democrat,1941-04-21,37,269,37.737
96,1979-01-15,B001225,William Warren Bradley,NJ,2,Democratic,Democrat,1943-07-28,35,171,35.4685
96,1979-01-15,C000598,William Sebastian Cohen,ME,2,Republican,Republican,1940-08-28,38,140,38.3836
96,1979-01-15,E000284,J. James Exon,NE,2,Democratic,Democrat,1921-08-09,57,159,57.4356
96,1979-01-15,H000343,Mark Odom Hatfield,OR,2,Republican,Republican,1922-07-12,56,187,56.5123
96,1979-01-15,H000445,Howell Thomas Heflin,AL,2,Democratic,Democrat,1921-06-19,57,210,57.5753
96,1979-01-15,J000189,John Bennett Johnston,LA,2,Democratic,Democrat,1932-06-10,46,219,46.6
96,1979-01-15,K000017,Nancy Landon Kassebaum,KS,2,Republican,Republican,1932-07-29,46,170,46.4658
96,1979-01-15,N000171,Samuel Augustus Nunn,GA,2,Democratic,Democrat,1938-09-08,40,129,40.3534
96,1979-01-15,P000193,Claiborne de Borda Pell,RI,2,Democratic,Democrat,1918-11-22,60,54,60.1479
96,1979-01-15,P000513,Larry Lee Pressler,SD,2,Republican,Republican,1942-03-29,36,292,36.8
96,1979-01-15,P000556,David Hampton Pryor,AR,2,Democratic,Democrat,1934-08-29,44,139,44.3808
96,1979-01-15,S000429,Alan Kooi Simpson,WY,2,Republican,Republican,1931-09-02,47,135,47.3699
96,1979-01-15,B001057,Dale Bumpers,AR,3,Democratic,Democrat,1925-08-12,53,156,53.4274
96,1979-01-15,D000401,Robert Joseph Dole,KS,3,Republican,Republican,1923-07-22,55,177,55.4849
96,1979-01-15,F000268,Wendell Hampton Ford,KY,3,Democratic,Democrat,1924-09-08,54,129,54.3534
96,1979-01-15,G000236,John Herschel Glenn,OH,3,Democratic,Democrat,1921-07-18,57,181,57.4959
96,1979-01-15,P000009,Robert William Packwood,OR,3,Republican,Republican,1932-09-11,46,126,46.3452
96,1979-01-15,C000269,John Hubbard Chafee,RI,1,Republican,Republican,1922-10-22,56,85,56.2329
96,1979-01-15,M001054,Daniel Patrick Moynihan,NY,1,Democratic,Democrat,1927-03-16,51,305,51.8356
96,1979-01-15,R000460,William V. Roth,DE,1,Republican,Republican,1921-07-22,57,177,57.4849
96,1979-01-15,H000463,Jesse Helms,NC,2,Republican,Republican,1921-10-18,57,89,57.2438
96,1979-01-15,T000254,J. Strom Thurmond,SC,2,Republican,Republican,1902-12-05,76,41,76.1123
96,1979-01-15,H000725,Ernest F. Hollings,SC,3,Democratic,Democrat,1922-01-01,57,14,57.0384
96,1979-01-15,S000064,Paul S. Sarbanes,MD,1,Democratic,Democrat,1933-02-03,45,346,45.9479
96,1979-01-15,D000407,Pete V. Domenici,NM,2,Republican,Republican,1932-05-07,46,253,46.6932
96,1979-01-15,S000888,Ted F. Stevens,AK,2,Republican,Republican,1923-11-18,55,58,55.1589
96,1979-01-15,W000154,John W. Warner,VA,2,Republican,Republican,1927-02-18,51,331,51.9068
96,1979-01-15,B001210,Robert C. Byrd,WV,1,Democratic,Democrat,1917-11-20,61,56,61.1534
96,1979-01-15,K000105,Edward M. Kennedy,MA,1,Democratic,Democrat,1932-02-22,46,327,46.8959
96,1979-01-15,B000444,Joseph R. Biden,DE,2,Democratic,Democrat,1942-11-20,36,56,36.1534
96,1979-01-15,I000025,Daniel K. Inouye,HI,3,Democratic,Democrat,1924-09-07,54,130,54.3562
96,1979-01-15,L000504,Richard G. Lugar,IN,1,Republican,Republican,1932-04-04,46,286,46.7836
96,1979-01-15,B000243,Max Baucus,MT,2,Democratic,Democrat,1941-12-11,37,35,37.0959
96,1979-01-15,L000261,Carl Levin,MI,2,Democratic,Democrat,1934-06-28,44,201,44.5507
96,1979-01-15,C000567,Thad Cochran,MS,2,Republican,Republican,1937-12-07,41,39,41.1068
96,1979-01-15,H000338,Orrin G. Hatch,UT,1,Republican,Republican,1934-03-22,44,299,44.8192
96,1979-01-15,L000174,Patrick J. Leahy,VT,3,Democratic,Democrat,1940-03-31,38,290,38.7945
97,1981-01-05,G000386,Chuck Grassley,IA,3,Republican,Republican,1933-09-17,47,110,47.3014
97,1981-01-05,B001209,Harry Flood Byrd,VA,1,Other,Independent,1914-12-20,66,16,66.0438
97,1981-01-05,C000120,Howard Walter Cannon,NV,1,Democratic,Democrat,1912-01-26,68,345,68.9426
97,1981-01-05,H000384,Samuel Ichiye Hayakawa,CA,1,Republican,Republican,1906-07-18,74,171,74.4685
97,1981-01-05,S000132,Harrison Hagan Schmitt,NM,1,Republican,Republican,1935-07-03,45,186,45.5096
97,1981-01-05,W000502,Harrison Arlington Williams,NJ,1,Democratic,Democrat,1919-12-10,61,26,61.0712
97,1981-01-05,B000063,Howard Henry Baker,TN,2,Republican,Republican,1925-11-15,55,51,55.1397
97,1981-01-05,H000905,Walter Darlington Huddleston,KY,2,Democratic,Democrat,1926-04-15,54,265,54.726
97,1981-01-05,J000101,Roger William Jepsen,IA,2,Republican,Republican,1928-12-23,52,13,52.0356
97,1981-01-05,P000222,Charles Harting Percy,IL,2,Republican,Republican,1919-09-27,61,100,61.274
97,1981-01-05,R000046,Jennings Randolph,WV,2,Democratic,Democrat,1902-03-08,78,303,78.8301
97,1981-01-05,T000322,John Goodwin Tower,TX,2,Republican,Republican,1925-09-29,55,98,55.2685
97,1981-01-05,T000393,Paul Efthemios Tsongas,MA,2,Democratic,Democrat,1941-02-14,39,326,39.8907
97,1981-01-05,A000009,James Abdnor,SD,3,Republican,Republican,1923-02-13,57,327,57.8934
97,1981-01-05,A000208,Mark Andrews,ND,3,Republican,Republican,1926-05-19,54,231,54.6329
97,1981-01-05,D000259,Jeremiah Andrew Denton,AL,3,Republican,Republican,1924-07-15,56,174,56.4767
97,1981-01-05,E000004,Thomas Francis Eagleton,MO,3,Democratic,Democrat,1929-09-04,51,123,51.337
97,1981-01-05,E000017,John Porter East,NC,3,Republican,Republican,1931-05-05,49,245,49.6712
97,1981-01-05,G000267,Barry Morris Goldwater,AZ,3,Republican,Republican,1909-01-01,72,4,72.011
97,1981-01-05,H000287,Gary Warren Hart,CO,3,Democratic,Democrat,1936-11-28,44,38,44.1041
97,1981-01-05,H000374,Paula Hawkins,FL,3,Republican,Republican,1927-01-24,53,347,53.9481
97,1981-01-05,L000148,Paul Dominque Laxalt,NV,3,Republican,Republican,1922-08-02,58,156,58.4274
97,1981-01-05,L000428,Russell Billiu Long,LA,3,Democratic,Democrat,1918-11-03,62,63,62.1726
97,1981-01-05,M000241,Charles McCurdy Mathias,MD,3,Republican,Republican,1922-07-24,58,165,58.4521
97,1981-01-05,M000257,Mack Francis Mattingly,GA,3,Republican,Republican,1931-01-07,49,364,49.9945
97,1981-01-05,C000356,Lawton Mainor Chiles,FL,1,Democratic,Democrat,1930-04-03,50,277,50.7589
97,1981-01-05,J000013,Henry Martin Jackson,WA,1,Democratic,Democrat,1912-05-31,68,219,68.6
97,1981-01-05,M000635,John Melcher,MT,1,Democratic,Democrat,1924-09-06,56,121,56.3315
97,1981-01-05,P000553,William Proxmire,WI,1,Democratic,Democrat,1915-11-11,65,55,65.1507
97,1981-01-05,S000776,Robert Theodore Stafford,VT,1,Republican,Republican,1913-08-08,67,150,67.411
97,1981-01-05,S000852,John Cornelius Stennis,MS,1,Democratic,Democrat,1901-08-03,79,155,79.4247
97,1981-01-05,W000253,Lowell Palmer Weicker,CT,1,Republican,Republican,1931-05-16,49,234,49.6411
97,1981-01-05,Z000013,Edward Zorinsky,NE,1,Democratic,Democrat,1928-11-11,52,55,52.1507
97,1981-01-05,A000219,William Lester Armstrong,CO,2,Republican,Republican,1937-03-16,43,295,43.8082
97,1981-01-05,B000647,Rudolph Eli Boschwitz,MN,2,Republican,Republican,1930-11-07,50,59,50.1616
97,1981-01-05,H000951,Gordon John Humphrey,NH,2,Republican,Republican,1940-10-09,40,88,40.2411
97,1981-01-05,M000346,James Albertus McClure,ID,2,Republican,Republican,1924-12-27,56,9,56.0247
97,1981-01-05,C000877,Alan Cranston,CA,3,Democratic,Democrat,1914-06-19,66,200,66.5479
97,1981-01-05,D000366,Alan John Dixon,IL,3,Democratic,Democrat,1927-07-07,53,182,53.4986
97,1981-01-05,G000072,Edwin Jacob Garn,UT,3,Republican,Republican,1932-10-12,48,85,48.2329
97,1981-01-05,K000019,Robert Walter Kasten,WI,3,Republican,Republican,1942-06-19,38,200,38.5479
97,1981-01-05,Q000007,James Danforth Quayle,IN,3,Republican,Republican,1947-02-04,33,336,33.918
97,1981-01-05,R000497,Warren Bruce Rudman,NH,3,Republican,Republican,1930-05-18,50,232,50.6356
97,1981-01-05,S001138,Steven Douglas Symms,ID,3,Republican,Republican,1938-04-23,42,257,42.7041
97,1981-01-05,B000401,Lloyd Millard Bentsen,TX,1,Democratic,Democrat,1921-02-11,59,329,59.8989
97,1981-01-05,B001077,Quentin Northrup Burdick,ND,1,Democratic,Democrat,1908-06-19,72,200,72.5479
97,1981-01-05,D000030,John Claggett Danforth,MO,1,Republican,Republican,1936-09-05,44,122,44.3342
97,1981-01-05,D000185,Dennis Webster DeConcini,AZ,1,Democratic,Democrat,1937-05-08,43,242,43.663
97,1981-01-05,D000566,David Ferdinand Durenberger,MN,1,Republican,Republican,1934-08-19,46,139,46.3808
97,1981-01-05,H000456,Henry John Heinz,PA,1,Republican,Republican,1938-10-23,42,74,42.2027
97,1981-01-05,M000250,Spark Masayuki Matsunaga,HI,1,Democratic,Democrat,1916-10-08,64,89,64.2438
97,1981-01-05,M000678,Howard Morton Metzenbaum,OH,1,Democratic,Democrat,1917-06-04,63,215,63.589
97,1981-01-05,M000811,George John Mitchell,ME,1,Democratic,Democrat,1933-08-20,47,138,47.3781
97,1981-01-05,R000249,Donald Wayne Riegle,MI,1,Democratic,Democrat,1938-02-04,42,336,42.918
97,1981-01-05,S000068,James Ralph Sasser,TN,1,Democratic,Democrat,1936-09-30,44,97,44.2658
97,1981-01-05,W000092,Malcolm Wallop,WY,1,Republican,Republican,1933-02-27,47,313,47.8552
97,1981-01-05,B000639,David Lyle Boren,OK,2,Democratic,Democrat,1941-04-21,39,259,39.7096
97,1981-01-05,B001225,William Warren Bradley,NJ,2,Democratic,Democrat,1943-07-28,37,161,37.4411
97,1981-01-05,C000598,William Sebastian Cohen,ME,2,Republican,Republican,1940-08-28,40,130,40.3562
97,1981-01-05,E000284,J. James Exon,NE,2,Democratic,Democrat,1921-08-09,59,149,59.4082
97,1981-01-05,H000343,Mark Odom Hatfield,OR,2,Republican,Republican,1922-07-12,58,177,58.4849
97,1981-01-05,H000445,Howell Thomas Heflin,AL,2,Democratic,Democrat,1921-06-19,59,200,59.5479
97,1981-01-05,J000189,John Bennett Johnston,LA,2,Democratic,Democrat,1932-06-10,48,209,48.5726
97,1981-01-05,K000017,Nancy Landon Kassebaum,KS,2,Republican,Republican,1932-07-29,48,160,48.4384
97,1981-01-05,N000171,Samuel Augustus Nunn,GA,2,Democratic,Democrat,1938-09-08,42,119,42.326
97,1981-01-05,P000193,Claiborne de Borda Pell,RI,2,Democratic,Democrat,1918-11-22,62,44,62.1205
97,1981-01-05,P000513,Larry Lee Pressler,SD,2,Republican,Republican,1942-03-29,38,282,38.7726
97,1981-01-05,P000556,David Hampton Pryor,AR,2,Democratic,Democrat,1934-08-29,46,129,46.3534
97,1981-01-05,S000429,Alan Kooi Simpson,WY,2,Republican,Republican,1931-09-02,49,125,49.3425
97,1981-01-05,B001057,Dale Bumpers,AR,3,Democratic,Democrat,1925-08-12,55,146,55.4
97,1981-01-05,D000018,Alfonse Marcello D’Amato,NY,3,Republican,Republican,1937-08-01,43,157,43.4301
97,1981-01-05,D000401,Robert Joseph Dole,KS,3,Republican,Republican,1923-07-22,57,167,57.4575
97,1981-01-05,F000268,Wendell Hampton Ford,KY,3,Democratic,Democrat,1924-09-08,56,119,56.326
97,1981-01-05,G000236,John Herschel Glenn,OH,3,Democratic,Democrat,1921-07-18,59,171,59.4685
97,1981-01-05,P000009,Robert William Packwood,OR,3,Republican,Republican,1932-09-11,48,116,48.3178
97,1981-01-05,C000269,John Hubbard Chafee,RI,1,Republican,Republican,1922-10-22,58,75,58.2055
97,1981-01-05,G000333,T. Slade Gorton,WA,3,Republican,Republican,1928-01-08,52,363,52.9918
97,1981-01-05,M001054,Daniel Patrick Moynihan,NY,1,Democratic,Democrat,1927-03-16,53,295,53.8082
97,1981-01-05,R000460,William V. Roth,DE,1,Republican,Republican,1921-07-22,59,167,59.4575
97,1981-01-05,H000463,Jesse Helms,NC,2,Republican,Republican,1921-10-18,59,79,59.2164
97,1981-01-05,T000254,J. Strom Thurmond,SC,2,Republican,Republican,1902-12-05,78,31,78.0849
97,1981-01-05,H000725,Ernest F. Hollings,SC,3,Democratic,Democrat,1922-01-01,59,4,59.011
97,1981-01-05,M001085,Frank H. Murkowski,AK,3,Republican,Republican,1933-03-28,47,283,47.7753
97,1981-01-05,N000102,Don Nickles,OK,3,Republican,Republican,1948-12-06,32,30,32.0822
97,1981-01-05,S000064,Paul S. Sarbanes,MD,1,Democratic,Democrat,1933-02-03,47,337,47.9208
97,1981-01-05,D000407,Pete V. Domenici,NM,2,Republican,Republican,1932-05-07,48,243,48.6658
97,1981-01-05,S000888,Ted F. Stevens,AK,2,Republican,Republican,1923-11-18,57,48,57.1315
97,1981-01-05,W000154,John W. Warner,VA,2,Republican,Republican,1927-02-18,53,322,53.8798
97,1981-01-05,D000388,Christopher J. Dodd,CT,3,Democratic,Democrat,1944-05-27,36,223,36.611
97,1981-01-05,S000709,Arlen Specter,PA,3,Republican,Republican,1930-02-12,50,328,50.8962
97,1981-01-05,B001210,Robert C. Byrd,WV,1,Democratic,Democrat,1917-11-20,63,46,63.126
97,1981-01-05,K000105,Edward M. Kennedy,MA,1,Democratic,Democrat,1932-02-22,48,318,48.8689
97,1981-01-05,B000444,Joseph R. Biden,DE,2,Democratic,Democrat,1942-11-20,38,46,38.126
97,1981-01-05,I000025,Daniel K. Inouye,HI,3,Democratic,Democrat,1924-09-07,56,120,56.3288
97,1981-01-05,L000504,Richard G. Lugar,IN,1,Republican,Republican,1932-04-04,48,276,48.7562
97,1981-01-05,B000243,Max Baucus,MT,2,Democratic,Democrat,1941-12-11,39,25,39.0685
97,1981-01-05,L000261,Carl Levin,MI,2,Democratic,Democrat,1934-06-28,46,191,46.5233
97,1981-01-05,C000567,Thad Cochran,MS,2,Republican,Republican,1937-12-07,43,29,43.0795
97,1981-01-05,H000338,Orrin G. Hatch,UT,1,Republican,Republican,1934-03-22,46,289,46.7918
97,1981-01-05,L000174,Patrick J. Leahy,VT,3,Democratic,Democrat,1940-03-31,40,280,40.7671
98,1983-01-03,G000386,Chuck Grassley,IA,3,Republican,Republican,1933-09-17,49,108,49.2959
98,1983-01-03,B000063,Howard Henry Baker,TN,2,Republican,Republican,1925-11-15,57,49,57.1342
98,1983-01-03,H000905,Walter Darlington Huddleston,KY,2,Democratic,Democrat,1926-04-15,56,263,56.7205
98,1983-01-03,J000101,Roger William Jepsen,IA,2,Republican,Republican,1928-12-23,54,11,54.0301
98,1983-01-03,P000222,Charles Harting Percy,IL,2,Republican,Republican,1919-09-27,63,98,63.2685
98,1983-01-03,R000046,Jennings Randolph,WV,2,Democratic,Democrat,1902-03-08,80,301,80.8247
98,1983-01-03,T000322,John Goodwin Tower,TX,2,Republican,Republican,1925-09-29,57,96,57.263
98,1983-01-03,T000393,Paul Efthemios Tsongas,MA,2,Democratic,Democrat,1941-02-14,41,323,41.8849
98,1983-01-03,A000009,James Abdnor,SD,3,Republican,Republican,1923-02-13,59,324,59.8877
98,1983-01-03,A000208,Mark Andrews,ND,3,Republican,Republican,1926-05-19,56,229,56.6274
98,1983-01-03,D000259,Jeremiah Andrew Denton,AL,3,Republican,Republican,1924-07-15,58,172,58.4712
98,1983-01-03,E000004,Thomas Francis Eagleton,MO,3,Democratic,Democrat,1929-09-04,53,121,53.3315
98,1983-01-03,E000017,John Porter East,NC,3,Republican,Republican,1931-05-05,51,243,51.6658
98,1983-01-03,G000267,Barry Morris Goldwater,AZ,3,Republican,Republican,1909-01-01,74,2,74.0055
98,1983-01-03,H000287,Gary Warren Hart,CO,3,Democratic,Democrat,1936-11-28,46,36,46.0986
98,1983-01-03,H000374,Paula Hawkins,FL,3,Republican,Republican,1927-01-24,55,344,55.9425
98,1983-01-03,L000148,Paul Dominque Laxalt,NV,3,Republican,Republican,1922-08-02,60,154,60.4219
98,1983-01-03,L000428,Russell Billiu Long,LA,3,Democratic,Democrat,1918-11-03,64,61,64.1671
98,1983-01-03,M000241,Charles McCurdy Mathias,MD,3,Republican,Republican,1922-07-24,60,163,60.4466
98,1983-01-03,M000257,Mack Francis Mattingly,GA,3,Republican,Republican,1931-01-07,51,361,51.989
98,1983-01-03,C000356,Lawton Mainor Chiles,FL,1,Democratic,Democrat,1930-04-03,52,275,52.7534
98,1983-01-03,H000439,Jacob Chic Hecht,NV,1,Republican,Republican,1928-11-30,54,34,54.0932
98,1983-01-03,J000013,Henry Martin Jackson,WA,1,Democratic,Democrat,1912-05-31,70,217,70.5945
98,1983-01-03,M000635,John Melcher,MT,1,Democratic,Democrat,1924-09-06,58,119,58.326
98,1983-01-03,P000553,William Proxmire,WI,1,Democratic,Democrat,1915-11-11,67,53,67.1452
98,1983-01-03,S000776,Robert Theodore Stafford,VT,1,Republican,Republican,1913-08-08,69,148,69.4055
98,1983-01-03,S000852,John Cornelius Stennis,MS,1,Democratic,Democrat,1901-08-03,81,153,81.4192
98,1983-01-03,T000367,Paul Seward Trible,VA,1,Republican,Republican,1946-12-29,36,5,36.0137
98,1983-01-03,W000253,Lowell Palmer Weicker,CT,1,Republican,Republican,1931-05-16,51,232,51.6356
98,1983-01-03,Z000013,Edward Zorinsky,NE,1,Democratic,Democrat,1928-11-11,54,53,54.1452
98,1983-01-03,A000219,William Lester Armstrong,CO,2,Republican,Republican,1937-03-16,45,293,45.8027
98,1983-01-03,B000647,Rudolph Eli Boschwitz,MN,2,Republican,Republican,1930-11-07,52,57,52.1562
98,1983-01-03,H000951,Gordon John Humphrey,NH,2,Republican,Republican,1940-10-09,42,86,42.2356
98,1983-01-03,M000346,James Albertus McClure,ID,2,Republican,Republican,1924-12-27,58,7,58.0192
98,1983-01-03,C000877,Alan Cranston,CA,3,Democratic,Democrat,1914-06-19,68,198,68.5425
98,1983-01-03,D000366,Alan John Dixon,IL,3,Democratic,Democrat,1927-07-07,55,180,55.4932
98,1983-01-03,G000072,Edwin Jacob Garn,UT,3,Republican,Republican,1932-10-12,50,83,50.2274
98,1983-01-03,K000019,Robert Walter Kasten,WI,3,Republican,Republican,1942-06-19,40,198,40.5425
98,1983-01-03,Q000007,James Danforth Quayle,IN,3,Republican,Republican,1947-02-04,35,333,35.9123
98,1983-01-03,R000497,Warren Bruce Rudman,NH,3,Republican,Republican,1930-05-18,52,230,52.6301
98,1983-01-03,S001138,Steven Douglas Symms,ID,3,Republican,Republican,1938-04-23,44,255,44.6986
98,1983-01-03,B000401,Lloyd Millard Bentsen,TX,1,Democratic,Democrat,1921-02-11,61,326,61.8932
98,1983-01-03,B001077,Quentin Northrup Burdick,ND,1,Democratic,Democrat,1908-06-19,74,198,74.5425
98,1983-01-03,D000030,John Claggett Danforth,MO,1,Republican,Republican,1936-09-05,46,120,46.3288
98,1983-01-03,D000185,Dennis Webster DeConcini,AZ,1,Democratic,Democrat,1937-05-08,45,240,45.6575
98,1983-01-03,D000566,David Ferdinand Durenberger,MN,1,Republican,Republican,1934-08-19,48,137,48.3753
98,1983-01-03,H000456,Henry John Heinz,PA,1,Republican,Republican,1938-10-23,44,72,44.1973
98,1983-01-03,M000250,Spark Masayuki Matsunaga,HI,1,Democratic,Democrat,1916-10-08,66,87,66.2384
98,1983-01-03,M000678,Howard Morton Metzenbaum,OH,1,Democratic,Democrat,1917-06-04,65,213,65.5836
98,1983-01-03,M000811,George John Mitchell,ME,1,Democratic,Democrat,1933-08-20,49,136,49.3726
98,1983-01-03,R000249,Donald Wayne Riegle,MI,1,Democratic,Democrat,1938-02-04,44,333,44.9123
98,1983-01-03,S000068,James Ralph Sasser,TN,1,Democratic,Democrat,1936-09-30,46,95,46.2603
98,1983-01-03,W000092,Malcolm Wallop,WY,1,Republican,Republican,1933-02-27,49,310,49.8493
98,1983-01-03,W000607,Pete Wilson,CA,1,Republican,Republican,1933-08-23,49,133,49.3644
98,1983-01-03,B000639,David Lyle Boren,OK,2,Democratic,Democrat,1941-04-21,41,257,41.7041
98,1983-01-03,B001225,William Warren Bradley,NJ,2,Democratic,Democrat,1943-07-28,39,159,39.4356
98,1983-01-03,C000598,William Sebastian Cohen,ME,2,Republican,Republican,1940-08-28,42,128,42.3507
98,1983-01-03,E000284,J. James Exon,NE,2,Democratic,Democrat,1921-08-09,61,147,61.4027
98,1983-01-03,H000343,Mark Odom Hatfield,OR,2,Republican,Republican,1922-07-12,60,175,60.4795
98,1983-01-03,H000445,Howell Thomas Heflin,AL,2,Democratic,Democrat,1921-06-19,61,198,61.5425
98,1983-01-03,J000189,John Bennett Johnston,LA,2,Democratic,Democrat,1932-06-10,50,207,50.5671
98,1983-01-03,K000017,Nancy Landon Kassebaum,KS,2,Republican,Republican,1932-07-29,50,158,50.4329
98,1983-01-03,N000171,Samuel Augustus Nunn,GA,2,Democratic,Democrat,1938-09-08,44,117,44.3205
98,1983-01-03,P000193,Claiborne de Borda Pell,RI,2,Democratic,Democrat,1918-11-22,64,42,64.1151
98,1983-01-03,P000513,Larry Lee Pressler,SD,2,Republican,Republican,1942-03-29,40,280,40.7671
98,1983-01-03,P000556,David Hampton Pryor,AR,2,Democratic,Democrat,1934-08-29,48,127,48.3479
98,1983-01-03,S000429,Alan Kooi Simpson,WY,2,Republican,Republican,1931-09-02,51,123,51.337
98,1983-01-03,B001057,Dale Bumpers,AR,3,Democratic,Democrat,1925-08-12,57,144,57.3945
98,1983-01-03,D000018,Alfonse Marcello D’Amato,NY,3,Republican,Republican,1937-08-01,45,155,45.4247
98,1983-01-03,D000401,Robert Joseph Dole,KS,3,Republican,Republican,1923-07-22,59,165,59.4521
98,1983-01-03,F000268,Wendell Hampton Ford,KY,3,Democratic,Democrat,1924-09-08,58,117,58.3205
98,1983-01-03,G000236,John Herschel Glenn,OH,3,Democratic,Democrat,1921-07-18,61,169,61.463
98,1983-01-03,P000009,Robert William Packwood,OR,3,Republican,Republican,1932-09-11,50,114,50.3123
98,1983-01-03,C000269,John Hubbard Chafee,RI,1,Republican,Republican,1922-10-22,60,73,60.2
98,1983-01-03,G000333,T. Slade Gorton,WA,3,Republican,Republican,1928-01-08,54,360,54.9863
98,1983-01-03,M001054,Daniel Patrick Moynihan,NY,1,Democratic,Democrat,1927-03-16,55,293,55.8027
98,1983-01-03,R000460,William V. Roth,DE,1,Republican,Republican,1921-07-22,61,165,61.4521
98,1983-01-03,H000463,Jesse Helms,NC,2,Republican,Republican,1921-10-18,61,77,61.211
98,1983-01-03,T000254,J. Strom Thurmond,SC,2,Republican,Republican,1902-12-05,80,29,80.0795
98,1983-01-03,H000725,Ernest F. Hollings,SC,3,Democratic,Democrat,1922-01-01,61,2,61.0055
98,1983-01-03,M001085,Frank H. Murkowski,AK,3,Republican,Republican,1933-03-28,49,281,49.7699
98,1983-01-03,N000102,Don Nickles,OK,3,Republican,Republican,1948-12-06,34,28,34.0767
98,1983-01-03,S000064,Paul S. Sarbanes,MD,1,Democratic,Democrat,1933-02-03,49,334,49.9151
98,1983-01-03,D000407,Pete V. Domenici,NM,2,Republican,Republican,1932-05-07,50,241,50.6603
98,1983-01-03,S000888,Ted F. Stevens,AK,2,Republican,Republican,1923-11-18,59,46,59.126
98,1983-01-03,W000154,John W. Warner,VA,2,Republican,Republican,1927-02-18,55,319,55.874
98,1983-01-03,D000388,Christopher J. Dodd,CT,3,Democratic,Democrat,1944-05-27,38,221,38.6055
98,1983-01-03,S000709,Arlen Specter,PA,3,Republican,Republican,1930-02-12,52,325,52.8904
98,1983-01-03,B001210,Robert C. Byrd,WV,1,Democratic,Democrat,1917-11-20,65,44,65.1205
98,1983-01-03,K000105,Edward M. Kennedy,MA,1,Democratic,Democrat,1932-02-22,50,315,50.863
98,1983-01-03,B000444,Joseph R. Biden,DE,2,Democratic,Democrat,1942-11-20,40,44,40.1205
98,1983-01-03,I000025,Daniel K. Inouye,HI,3,Democratic,Democrat,1924-09-07,58,118,58.3233
98,1983-01-03,B000468,Jeff Bingaman,NM,1,Democratic,Democrat,1943-10-03,39,92,39.2521
98,1983-01-03,L000504,Richard G. Lugar,IN,1,Republican,Republican,1932-04-04,50,274,50.7507
98,1983-01-03,L000123,Frank R. Lautenberg,NJ,1,Democratic,Democrat,1924-01-23,58,345,58.9452
98,1983-01-03,B000243,Max Baucus,MT,2,Democratic,Democrat,1941-12-11,41,23,41.063
98,1983-01-03,L000261,Carl Levin,MI,2,Democratic,Democrat,1934-06-28,48,189,48.5178
98,1983-01-03,C000567,Thad Cochran,MS,2,Republican,Republican,1937-12-07,45,27,45.074
98,1983-01-03,H000338,Orrin G. Hatch,UT,1,Republican,Republican,1934-03-22,48,287,48.7863
98,1983-01-03,L000174,Patrick J. Leahy,VT,3,Democratic,Democrat,1940-03-31,42,278,42.7616
99,1985-01-03,M000355,Mitch McConnell,KY,2,Republican,Republican,1942-02-20,42,318,42.8689
99,1985-01-03,G000386,Chuck Grassley,IA,3,Republican,Republican,1933-09-17,51,108,51.2959
99,1985-01-03,A000009,James Abdnor,SD,3,Republican,Republican,1923-02-13,61,325,61.888
99,1985-01-03,A000208,Mark Andrews,ND,3,Republican,Republican,1926-05-19,58,229,58.6274
99,1985-01-03,D000259,Jeremiah Andrew Denton,AL,3,Republican,Republican,1924-07-15,60,172,60.4712
99,1985-01-03,E000004,Thomas Francis Eagleton,MO,3,Democratic,Democrat,1929-09-04,55,121,55.3315
99,1985-01-03,E000017,John Porter East,NC,3,Republican,Republican,1931-05-05,53,243,53.6658
99,1985-01-03,G000267,Barry Morris Goldwater,AZ,3,Republican,Republican,1909-01-01,76,2,76.0055
99,1985-01-03,H000287,Gary Warren Hart,CO,3,Democratic,Democrat,1936-11-28,48,36,48.0986
99,1985-01-03,H000374,Paula Hawkins,FL,3,Republican,Republican,1927-01-24,57,345,57.9426
99,1985-01-03,L000148,Paul Dominque Laxalt,NV,3,Republican,Republican,1922-08-02,62,154,62.4219
99,1985-01-03,L000428,Russell Billiu Long,LA,3,Democratic,Democrat,1918-11-03,66,61,66.1671
99,1985-01-03,M000241,Charles McCurdy Mathias,MD,3,Republican,Republican,1922-07-24,62,163,62.4466
99,1985-01-03,M000257,Mack Francis Mattingly,GA,3,Republican,Republican,1931-01-07,53,362,53.9891
99,1985-01-03,C000356,Lawton Mainor Chiles,FL,1,Democratic,Democrat,1930-04-03,54,275,54.7534
99,1985-01-03,E000236,Daniel Jackson Evans,WA,1,Republican,Republican,1925-10-16,59,79,59.2164
99,1985-01-03,H000439,Jacob Chic Hecht,NV,1,Republican,Republican,1928-11-30,56,34,56.0932
99,1985-01-03,M000635,John Melcher,MT,1,Democratic,Democrat,1924-09-06,60,119,60.326
99,1985-01-03,P000553,William Proxmire,WI,1,Democratic,Democrat,1915-11-11,69,53,69.1452
99,1985-01-03,S000776,Robert Theodore Stafford,VT,1,Republican,Republican,1913-08-08,71,148,71.4055
99,1985-01-03,S000852,John Cornelius Stennis,MS,1,Democratic,Democrat,1901-08-03,83,153,83.4192
99,1985-01-03,T000367,Paul Seward Trible,VA,1,Republican,Republican,1946-12-29,38,5,38.0137
99,1985-01-03,W000253,Lowell Palmer Weicker,CT,1,Republican,Republican,1931-05-16,53,232,53.6356
99,1985-01-03,Z000013,Edward Zorinsky,NE,1,Democratic,Democrat,1928-11-11,56,53,56.1452
99,1985-01-03,A000219,William Lester Armstrong,CO,2,Republican,Republican,1937-03-16,47,293,47.8027
99,1985-01-03,B000647,Rudolph Eli Boschwitz,MN,2,Republican,Republican,1930-11-07,54,57,54.1562
99,1985-01-03,H000951,Gordon John Humphrey,NH,2,Republican,Republican,1940-10-09,44,86,44.2356
99,1985-01-03,M000346,James Albertus McClure,ID,2,Republican,Republican,1924-12-27,60,7,60.0192
99,1985-01-03,C000877,Alan Cranston,CA,3,Democratic,Democrat,1914-06-19,70,198,70.5425
99,1985-01-03,D000366,Alan John Dixon,IL,3,Democratic,Democrat,1927-07-07,57,180,57.4932
99,1985-01-03,G000072,Edwin Jacob Garn,UT,3,Republican,Republican,1932-10-12,52,83,52.2274
99,1985-01-03,K000019,Robert Walter Kasten,WI,3,Republican,Republican,1942-06-19,42,198,42.5425
99,1985-01-03,Q000007,James Danforth Quayle,IN,3,Republican,Republican,1947-02-04,37,334,37.9126
99,1985-01-03,R000497,Warren Bruce Rudman,NH,3,Republican,Republican,1930-05-18,54,230,54.6301
99,1985-01-03,S001138,Steven Douglas Symms,ID,3,Republican,Republican,1938-04-23,46,255,46.6986
99,1985-01-03,B000401,Lloyd Millard Bentsen,TX,1,Democratic,Democrat,1921-02-11,63,327,63.8934
99,1985-01-03,B001077,Quentin Northrup Burdick,ND,1,Democratic,Democrat,1908-06-19,76,198,76.5425
99,1985-01-03,D000030,John Claggett Danforth,MO,1,Republican,Republican,1936-09-05,48,120,48.3288
99,1985-01-03,D000185,Dennis Webster DeConcini,AZ,1,Democratic,Democrat,1937-05-08,47,240,47.6575
99,1985-01-03,D000566,David Ferdinand Durenberger,MN,1,Republican,Republican,1934-08-19,50,137,50.3753
99,1985-01-03,H000456,Henry John Heinz,PA,1,Republican,Republican,1938-10-23,46,72,46.1973
99,1985-01-03,M000250,Spark Masayuki Matsunaga,HI,1,Democratic,Democrat,1916-10-08,68,87,68.2384
99,1985-01-03,M000678,Howard Morton Metzenbaum,OH,1,Democratic,Democrat,1917-06-04,67,213,67.5836
99,1985-01-03,M000811,George John Mitchell,ME,1,Democratic,Democrat,1933-08-20,51,136,51.3726
99,1985-01-03,R000249,Donald Wayne Riegle,MI,1,Democratic,Democrat,1938-02-04,46,334,46.9126
99,1985-01-03,S000068,James Ralph Sasser,TN,1,Democratic,Democrat,1936-09-30,48,95,48.2603
99,1985-01-03,W000092,Malcolm Wallop,WY,1,Republican,Republican,1933-02-27,51,311,51.8497
99,1985-01-03,W000607,Pete Wilson,CA,1,Republican,Republican,1933-08-23,51,133,51.3644
99,1985-01-03,B000639,David Lyle Boren,OK,2,Democratic,Democrat,1941-04-21,43,257,43.7041
99,1985-01-03,B001225,William Warren Bradley,NJ,2,Democratic,Democrat,1943-07-28,41,159,41.4356
99,1985-01-03,C000598,William Sebastian Cohen,ME,2,Republican,Republican,1940-08-28,44,128,44.3507
99,1985-01-03,E000284,J. James Exon,NE,2,Democratic,Democrat,1921-08-09,63,147,63.4027
99,1985-01-03,G000321,Albert Arnold Gore,TN,2,Democratic,Democrat,1948-03-31,36,278,36.7616
99,1985-01-03,H000343,Mark Odom Hatfield,OR,2,Republican,Republican,1922-07-12,62,175,62.4795
99,1985-01-03,H000445,Howell Thomas Heflin,AL,2,Democratic,Democrat,1921-06-19,63,198,63.5425
99,1985-01-03,J000189,John Bennett Johnston,LA,2,Democratic,Democrat,1932-06-10,52,207,52.5671
99,1985-01-03,K000017,Nancy Landon Kassebaum,KS,2,Republican,Republican,1932-07-29,52,158,52.4329
99,1985-01-03,N000171,Samuel Augustus Nunn,GA,2,Democratic,Democrat,1938-09-08,46,117,46.3205
99,1985-01-03,P000193,Claiborne de Borda Pell,RI,2,Democratic,Democrat,1918-11-22,66,42,66.1151
99,1985-01-03,P000513,Larry Lee Pressler,SD,2,Republican,Republican,1942-03-29,42,280,42.7671
99,1985-01-03,P000556,David Hampton Pryor,AR,2,Democratic,Democrat,1934-08-29,50,127,50.3479
99,1985-01-03,S000423,Paul Martin Simon,IL,2,Democratic,Democrat,1928-11-29,56,35,56.0959
99,1985-01-03,S000429,Alan Kooi Simpson,WY,2,Republican,Republican,1931-09-02,53,123,53.337
99,1985-01-03,B001057,Dale Bumpers,AR,3,Democratic,Democrat,1925-08-12,59,144,59.3945
99,1985-01-03,D000018,Alfonse Marcello D’Amato,NY,3,Republican,Republican,1937-08-01,47,155,47.4247
99,1985-01-03,D000401,Robert Joseph Dole,KS,3,Republican,Republican,1923-07-22,61,165,61.4521
99,1985-01-03,F000268,Wendell Hampton Ford,KY,3,Democratic,Democrat,1924-09-08,60,117,60.3205
99,1985-01-03,G000236,John Herschel Glenn,OH,3,Democratic,Democrat,1921-07-18,63,169,63.463
99,1985-01-03,P000009,Robert William Packwood,OR,3,Republican,Republican,1932-09-11,52,114,52.3123
99,1985-01-03,C000269,John Hubbard Chafee,RI,1,Republican,Republican,1922-10-22,62,73,62.2
99,1985-01-03,G000333,T. Slade Gorton,WA,3,Republican,Republican,1928-01-08,56,361,56.9863
99,1985-01-03,M001054,Daniel Patrick Moynihan,NY,1,Democratic,Democrat,1927-03-16,57,293,57.8027
99,1985-01-03,R000460,William V. Roth,DE,1,Republican,Republican,1921-07-22,63,165,63.4521
99,1985-01-03,G000365,Phil Gramm,TX,2,Republican,Republican,1942-07-08,42,179,42.4904
99,1985-01-03,H000463,Jesse Helms,NC,2,Republican,Republican,1921-10-18,63,77,63.211
99,1985-01-03,T000254,J. Strom Thurmond,SC,2,Republican,Republican,1902-12-05,82,29,82.0795
99,1985-01-03,H000725,Ernest F. Hollings,SC,3,Democratic,Democrat,1922-01-01,63,2,63.0055
99,1985-01-03,M001085,Frank H. Murkowski,AK,3,Republican,Republican,1933-03-28,51,281,51.7699
99,1985-01-03,N000102,Don Nickles,OK,3,Republican,Republican,1948-12-06,36,28,36.0767
99,1985-01-03,S000064,Paul S. Sarbanes,MD,1,Democratic,Democrat,1933-02-03,51,335,51.9153
99,1985-01-03,D000407,Pete V. Domenici,NM,2,Republican,Republican,1932-05-07,52,241,52.6603
99,1985-01-03,S000888,Ted F. Stevens,AK,2,Republican,Republican,1923-11-18,61,46,61.126
99,1985-01-03,W000154,John W. Warner,VA,2,Republican,Republican,1927-02-18,57,320,57.8743
99,1985-01-03,D000388,Christopher J. Dodd,CT,3,Democratic,Democrat,1944-05-27,40,221,40.6055
99,1985-01-03,S000709,Arlen Specter,PA,3,Republican,Republican,1930-02-12,54,326,54.8907
99,1985-01-03,B001210,Robert C. Byrd,WV,1,Democratic,Democrat,1917-11-20,67,44,67.1205
99,1985-01-03,K000105,Edward M. Kennedy,MA,1,Democratic,Democrat,1932-02-22,52,316,52.8634
99,1985-01-03,B000444,Joseph R. Biden,DE,2,Democratic,Democrat,1942-11-20,42,44,42.1205
99,1985-01-03,I000025,Daniel K. Inouye,HI,3,Democratic,Democrat,1924-09-07,60,118,60.3233
99,1985-01-03,B000468,Jeff Bingaman,NM,1,Democratic,Democrat,1943-10-03,41,92,41.2521
99,1985-01-03,L000504,Richard G. Lugar,IN,1,Republican,Republican,1932-04-04,52,274,52.7507
99,1985-01-03,K000148,John F. Kerry,MA,2,Democratic,Democrat,1943-12-11,41,23,41.063
99,1985-01-03,L000123,Frank R. Lautenberg,NJ,1,Democratic,Democrat,1924-01-23,60,346,60.9454
99,1985-01-03,B000243,Max Baucus,MT,2,Democratic,Democrat,1941-12-11,43,23,43.063
99,1985-01-03,H000206,Tom Harkin,IA,2,Democratic,Democrat,1939-11-19,45,45,45.1233
99,1985-01-03,L000261,Carl Levin,MI,2,Democratic,Democrat,1934-06-28,50,189,50.5178
99,1985-01-03,R000361,"John D. Rockefeller, IV",WV,2,Democratic,Democrat,1937-06-18,47,199,47.5452
99,1985-01-03,C000567,Thad Cochran,MS,2,Republican,Republican,1937-12-07,47,27,47.074
99,1985-01-03,H000338,Orrin G. Hatch,UT,1,Republican,Republican,1934-03-22,50,287,50.7863
99,1985-01-03,L000174,Patrick J. Leahy,VT,3,Democratic,Democrat,1940-03-31,44,278,44.7616
100,1987-01-06,M000355,Mitch McConnell,KY,2,Republican,Republican,1942-02-20,44,320,44.8767
100,1987-01-06,G000386,Chuck Grassley,IA,3,Republican,Republican,1933-09-17,53,111,53.3041
100,1987-01-06,C000356,Lawton Mainor Chiles,FL,1,Democratic,Democrat,1930-04-03,56,278,56.7616
100,1987-01-06,E000236,Daniel Jackson Evans,WA,1,Republican,Republican,1925-10-16,61,82,61.2247
100,1987-01-06,H000439,Jacob Chic Hecht,NV,1,Republican,Republican,1928-11-30,58,37,58.1014
100,1987-01-06,M000635,John Melcher,MT,1,Democratic,Democrat,1924-09-06,62,122,62.3342
100,1987-01-06,P000553,William Proxmire,WI,1,Democratic,Democrat,1915-11-11,71,56,71.1534
100,1987-01-06,S000776,Robert Theodore Stafford,VT,1,Republican,Republican,1913-08-08,73,151,73.4137
100,1987-01-06,S000852,John Cornelius Stennis,MS,1,Democratic,Democrat,1901-08-03,85,156,85.4274
100,1987-01-06,T000367,Paul Seward Trible,VA,1,Republican,Republican,1946-12-29,40,8,40.0219
100,1987-01-06,W000253,Lowell Palmer Weicker,CT,1,Republican,Republican,1931-05-16,55,235,55.6438
100,1987-01-06,Z000013,Edward Zorinsky,NE,1,Democratic,Democrat,1928-11-11,58,56,58.1534
100,1987-01-06,A000219,William Lester Armstrong,CO,2,Republican,Republican,1937-03-16,49,296,49.811
100,1987-01-06,B000647,Rudolph Eli Boschwitz,MN,2,Republican,Republican,1930-11-07,56,60,56.1644
100,1987-01-06,H000951,Gordon John Humphrey,NH,2,Republican,Republican,1940-10-09,46,89,46.2438
100,1987-01-06,M000346,James Albertus McClure,ID,2,Republican,Republican,1924-12-27,62,10,62.0274
100,1987-01-06,S000055,James Terry Sanford,NC,3,Democratic,Democrat,1917-08-20,69,139,69.3808
100,1987-01-06,A000031,Brockman Adams,WA,3,Democratic,Democrat,1927-01-13,59,358,59.9808
100,1987-01-06,C000877,Alan Cranston,CA,3,Democratic,Democrat,1914-06-19,72,201,72.5507
100,1987-01-06,D000366,Alan John Dixon,IL,3,Democratic,Democrat,1927-07-07,59,183,59.5014
100,1987-01-06,F000329,Wyche Fowler,GA,3,Democratic,Democrat,1940-10-06,46,92,46.2521
100,1987-01-06,G000072,Edwin Jacob Garn,UT,3,Republican,Republican,1932-10-12,54,86,54.2356
100,1987-01-06,K000019,Robert Walter Kasten,WI,3,Republican,Republican,1942-06-19,44,201,44.5507
100,1987-01-06,Q000007,James Danforth Quayle,IN,3,Republican,Republican,1947-02-04,39,336,39.9205
100,1987-01-06,R000497,Warren Bruce Rudman,NH,3,Republican,Republican,1930-05-18,56,233,56.6384
100,1987-01-06,S001138,Steven Douglas Symms,ID,3,Republican,Republican,1938-04-23,48,258,48.7068
100,1987-01-06,W000647,Timothy E. Wirth,CO,3,Democratic,Democrat,1939-09-22,47,106,47.2904
100,1987-01-06,B000401,Lloyd Millard Bentsen,TX,1,Democratic,Democrat,1921-02-11,65,329,65.9014
100,1987-01-06,B001077,Quentin Northrup Burdick,ND,1,Democratic,Democrat,1908-06-19,78,201,78.5507
100,1987-01-06,D000030,John Claggett Danforth,MO,1,Republican,Republican,1936-09-05,50,123,50.337
100,1987-01-06,D000185,Dennis Webster DeConcini,AZ,1,Democratic,Democrat,1937-05-08,49,243,49.6658
100,1987-01-06,D000566,David Ferdinand Durenberger,MN,1,Republican,Republican,1934-08-19,52,140,52.3836
100,1987-01-06,H000456,Henry John Heinz,PA,1,Republican,Republican,1938-10-23,48,75,48.2055
100,1987-01-06,M000250,Spark Masayuki Matsunaga,HI,1,Democratic,Democrat,1916-10-08,70,90,70.2466
100,1987-01-06,M000678,Howard Morton Metzenbaum,OH,1,Democratic,Democrat,1917-06-04,69,216,69.5918
100,1987-01-06,M000811,George John Mitchell,ME,1,Democratic,Democrat,1933-08-20,53,139,53.3808
100,1987-01-06,R000249,Donald Wayne Riegle,MI,1,Democratic,Democrat,1938-02-04,48,336,48.9205
100,1987-01-06,S000068,James Ralph Sasser,TN,1,Democratic,Democrat,1936-09-30,50,98,50.2685
100,1987-01-06,W000092,Malcolm Wallop,WY,1,Republican,Republican,1933-02-27,53,313,53.8575
100,1987-01-06,W000607,Pete Wilson,CA,1,Republican,Republican,1933-08-23,53,136,53.3726
100,1987-01-06,B000639,David Lyle Boren,OK,2,Democratic,Democrat,1941-04-21,45,260,45.7123
100,1987-01-06,B001225,William Warren Bradley,NJ,2,Democratic,Democrat,1943-07-28,43,162,43.4438
100,1987-01-06,C000598,William Sebastian Cohen,ME,2,Republican,Republican,1940-08-28,46,131,46.3589
100,1987-01-06,E000284,J. James Exon,NE,2,Democratic,Democrat,1921-08-09,65,150,65.411
100,1987-01-06,G000321,Albert Arnold Gore,TN,2,Democratic,Democrat,1948-03-31,38,281,38.7699
100,1987-01-06,H000343,Mark Odom Hatfield,OR,2,Republican,Republican,1922-07-12,64,178,64.4877
100,1987-01-06,H000445,Howell Thomas Heflin,AL,2,Democratic,Democrat,1921-06-19,65,201,65.5507
100,1987-01-06,J000189,John Bennett Johnston,LA,2,Democratic,Democrat,1932-06-10,54,210,54.5753
100,1987-01-06,K000017,Nancy Landon Kassebaum,KS,2,Republican,Republican,1932-07-29,54,161,54.4411
100,1987-01-06,N000171,Samuel Augustus Nunn,GA,2,Democratic,Democrat,1938-09-08,48,120,48.3288
100,1987-01-06,P000193,Claiborne de Borda Pell,RI,2,Democratic,Democrat,1918-11-22,68,45,68.1233
100,1987-01-06,P000513,Larry Lee Pressler,SD,2,Republican,Republican,1942-03-29,44,283,44.7753
100,1987-01-06,P000556,David Hampton Pryor,AR,2,Democratic,Democrat,1934-08-29,52,130,52.3562
100,1987-01-06,S000423,Paul Martin Simon,IL,2,Democratic,Democrat,1928-11-29,58,38,58.1041
100,1987-01-06,S000429,Alan Kooi Simpson,WY,2,Republican,Republican,1931-09-02,55,126,55.3452
100,1987-01-06,B001057,Dale Bumpers,AR,3,Democratic,Democrat,1925-08-12,61,147,61.4027
100,1987-01-06,D000018,Alfonse Marcello D’Amato,NY,3,Republican,Republican,1937-08-01,49,158,49.4329
100,1987-01-06,D000401,Robert Joseph Dole,KS,3,Republican,Republican,1923-07-22,63,168,63.4603
100,1987-01-06,F000268,Wendell Hampton Ford,KY,3,Democratic,Democrat,1924-09-08,62,120,62.3288
100,1987-01-06,G000236,John Herschel Glenn,OH,3,Democratic,Democrat,1921-07-18,65,172,65.4712
100,1987-01-06,P000009,Robert William Packwood,OR,3,Republican,Republican,1932-09-11,54,117,54.3205
100,1987-01-06,C000269,John Hubbard Chafee,RI,1,Republican,Republican,1922-10-22,64,76,64.2082
100,1987-01-06,M001054,Daniel Patrick Moynihan,NY,1,Democratic,Democrat,1927-03-16,59,296,59.811
100,1987-01-06,R000460,William V. Roth,DE,1,Republican,Republican,1921-07-22,65,168,65.4603
100,1987-01-06,G000365,Phil Gramm,TX,2,Republican,Republican,1942-07-08,44,182,44.4986
100,1987-01-06,H000463,Jesse Helms,NC,2,Republican,Republican,1921-10-18,65,80,65.2192
100,1987-01-06,T000254,J. Strom Thurmond,SC,2,Republican,Republican,1902-12-05,84,32,84.0877
100,1987-01-06,B000780,John B. Breaux,LA,3,Democratic,Democrat,1944-03-01,42,311,42.8521
100,1987-01-06,D000064,Thomas A. Daschle,SD,3,Democratic,Democrat,1947-12-09,39,28,39.0767
100,1987-01-06,G000352,Bob Graham,FL,3,Democratic,Democrat,1936-11-09,50,58,50.1589
100,1987-01-06,H000725,Ernest F. Hollings,SC,3,Democratic,Democrat,1922-01-01,65,5,65.0137
100,1987-01-06,M001085,Frank H. Murkowski,AK,3,Republican,Republican,1933-03-28,53,284,53.7781
100,1987-01-06,N000102,Don Nickles,OK,3,Republican,Republican,1948-12-06,38,31,38.0849
100,1987-01-06,S000064,Paul S. Sarbanes,MD,1,Democratic,Democrat,1933-02-03,53,337,53.9233
100,1987-01-06,D000407,Pete V. Domenici,NM,2,Republican,Republican,1932-05-07,54,244,54.6685
100,1987-01-06,S000888,Ted F. Stevens,AK,2,Republican,Republican,1923-11-18,63,49,63.1342
100,1987-01-06,W000154,John W. Warner,VA,2,Republican,Republican,1927-02-18,59,322,59.8822
100,1987-01-06,B000611,Christopher S. Bond,MO,3,Republican,Republican,1939-03-06,47,306,47.8384
100,1987-01-06,D000388,Christopher J. Dodd,CT,3,Democratic,Democrat,1944-05-27,42,224,42.6137
100,1987-01-06,S000709,Arlen Specter,PA,3,Republican,Republican,1930-02-12,56,328,56.8986
100,1987-01-06,B001210,Robert C. Byrd,WV,1,Democratic,Democrat,1917-11-20,69,47,69.1288
100,1987-01-06,K000105,Edward M. Kennedy,MA,1,Democratic,Democrat,1932-02-22,54,318,54.8712
100,1987-01-06,B000444,Joseph R. Biden,DE,2,Democratic,Democrat,1942-11-20,44,47,44.1288
100,1987-01-06,I000025,Daniel K. Inouye,HI,3,Democratic,Democrat,1924-09-07,62,121,62.3315
100,1987-01-06,B000468,Jeff Bingaman,NM,1,Democratic,Democrat,1943-10-03,43,95,43.2603
100,1987-01-06,C000705,Kent Conrad,ND,3,Democratic,Democrat,1948-03-12,38,300,38.8219
100,1987-01-06,L000504,Richard G. Lugar,IN,1,Republican,Republican,1932-04-04,54,277,54.7589
100,1987-01-06,K000148,John F. Kerry,MA,2,Democratic,Democrat,1943-12-11,43,26,43.0712
100,1987-01-06,L000123,Frank R. Lautenberg,NJ,1,Democratic,Democrat,1924-01-23,62,348,62.9534
100,1987-01-06,B000243,Max Baucus,MT,2,Democratic,Democrat,1941-12-11,45,26,45.0712
100,1987-01-06,H000206,Tom Harkin,IA,2,Democratic,Democrat,1939-11-19,47,48,47.1315
100,1987-01-06,L000261,Carl Levin,MI,2,Democratic,Democrat,1934-06-28,52,192,52.526
100,1987-01-06,R000361,"John D. Rockefeller, IV",WV,2,Democratic,Democrat,1937-06-18,49,202,49.5534
100,1987-01-06,M000702,Barbara A. Mikulski,MD,3,Democratic,Democrat,1936-07-20,50,170,50.4658
100,1987-01-06,R000146,Harry Reid,NV,3,Democratic,Democrat,1939-12-02,47,35,47.0959
100,1987-01-06,C000567,Thad Cochran,MS,2,Republican,Republican,1937-12-07,49,30,49.0822
100,1987-01-06,M000303,John McCain,AZ,3,Republican,Republican,1936-08-29,50,130,50.3562
100,1987-01-06,H000338,Orrin G. Hatch,UT,1,Republican,Republican,1934-03-22,52,290,52.7945
100,1987-01-06,L000174,Patrick J. Leahy,VT,3,Democratic,Democrat,1940-03-31,46,281,46.7699
100,1987-01-06,S000320,Richard C. Shelby,AL,3,Democratic,Democrat,1934-05-06,52,245,52.6712
101,1989-01-03,M000355,Mitch McConnell,KY,2,Republican,Republican,1942-02-20,46,318,46.8689
101,1989-01-03,G000386,Chuck Grassley,IA,3,Republican,Republican,1933-09-17,55,108,55.2959
101,1989-01-03,A000219,William Lester Armstrong,CO,2,Republican,Republican,1937-03-16,51,293,51.8027
101,1989-01-03,B000647,Rudolph Eli Boschwitz,MN,2,Republican,Republican,1930-11-07,58,57,58.1562
101,1989-01-03,H000951,Gordon John Humphrey,NH,2,Republican,Republican,1940-10-09,48,86,48.2356
101,1989-01-03,M000346,James Albertus McClure,ID,2,Republican,Republican,1924-12-27,64,7,64.0192
101,1989-01-03,S000055,James Terry Sanford,NC,3,Democratic,Democrat,1917-08-20,71,136,71.3726
101,1989-01-03,A000031,Brockman Adams,WA,3,Democratic,Democrat,1927-01-13,61,356,61.9727
101,1989-01-03,C000877,Alan Cranston,CA,3,Democratic,Democrat,1914-06-19,74,198,74.5425
101,1989-01-03,D000366,Alan John Dixon,IL,3,Democratic,Democrat,1927-07-07,61,180,61.4932
101,1989-01-03,F000329,Wyche Fowler,GA,3,Democratic,Democrat,1940-10-06,48,89,48.2438
101,1989-01-03,G000072,Edwin Jacob Garn,UT,3,Republican,Republican,1932-10-12,56,83,56.2274
101,1989-01-03,K000019,Robert Walter Kasten,WI,3,Republican,Republican,1942-06-19,46,198,46.5425
101,1989-01-03,R000497,Warren Bruce Rudman,NH,3,Republican,Republican,1930-05-18,58,230,58.6301
101,1989-01-03,S001138,Steven Douglas Symms,ID,3,Republican,Republican,1938-04-23,50,255,50.6986
101,1989-01-03,W000647,Timothy E. Wirth,CO,3,Democratic,Democrat,1939-09-22,49,103,49.2822
101,1989-01-03,B000401,Lloyd Millard Bentsen,TX,1,Democratic,Democrat,1921-02-11,67,327,67.8934
101,1989-01-03,B001077,Quentin Northrup Burdick,ND,1,Democratic,Democrat,1908-06-19,80,198,80.5425
101,1989-01-03,D000030,John Claggett Danforth,MO,1,Republican,Republican,1936-09-05,52,120,52.3288
101,1989-01-03,D000185,Dennis Webster DeConcini,AZ,1,Democratic,Democrat,1937-05-08,51,240,51.6575
101,1989-01-03,D000566,David Ferdinand Durenberger,MN,1,Republican,Republican,1934-08-19,54,137,54.3753
101,1989-01-03,H000456,Henry John Heinz,PA,1,Republican,Republican,1938-10-23,50,72,50.1973
101,1989-01-03,M000250,Spark Masayuki Matsunaga,HI,1,Democratic,Democrat,1916-10-08,72,87,72.2384
101,1989-01-03,M000678,Howard Morton Metzenbaum,OH,1,Democratic,Democrat,1917-06-04,71,213,71.5836
101,1989-01-03,M000811,George John Mitchell,ME,1,Democratic,Democrat,1933-08-20,55,136,55.3726
101,1989-01-03,R000249,Donald Wayne Riegle,MI,1,Democratic,Democrat,1938-02-04,50,334,50.9126
101,1989-01-03,S000068,James Ralph Sasser,TN,1,Democratic,Democrat,1936-09-30,52,95,52.2603
101,1989-01-03,W000092,Malcolm Wallop,WY,1,Republican,Republican,1933-02-27,55,311,55.8497
101,1989-01-03,W000607,Pete Wilson,CA,1,Republican,Republican,1933-08-23,55,133,55.3644
101,1989-01-03,B000639,David Lyle Boren,OK,2,Democratic,Democrat,1941-04-21,47,257,47.7041
101,1989-01-03,B001225,William Warren Bradley,NJ,2,Democratic,Democrat,1943-07-28,45,159,45.4356
101,1989-01-03,C000598,William Sebastian Cohen,ME,2,Republican,Republican,1940-08-28,48,128,48.3507
101,1989-01-03,E000284,J. James Exon,NE,2,Democratic,Democrat,1921-08-09,67,147,67.4027
101,1989-01-03,G000321,Albert Arnold Gore,TN,2,Democratic,Democrat,1948-03-31,40,278,40.7616
101,1989-01-03,H000343,Mark Odom Hatfield,OR,2,Republican,Republican,1922-07-12,66,175,66.4795
101,1989-01-03,H000445,Howell Thomas Heflin,AL,2,Democratic,Democrat,1921-06-19,67,198,67.5425
101,1989-01-03,J000189,John Bennett Johnston,LA,2,Democratic,Democrat,1932-06-10,56,207,56.5671
101,1989-01-03,K000017,Nancy Landon Kassebaum,KS,2,Republican,Republican,1932-07-29,56,158,56.4329
101,1989-01-03,N000171,Samuel Augustus Nunn,GA,2,Democratic,Democrat,1938-09-08,50,117,50.3205
101,1989-01-03,P000193,Claiborne de Borda Pell,RI,2,Democratic,Democrat,1918-11-22,70,42,70.1151
101,1989-01-03,P000513,Larry Lee Pressler,SD,2,Republican,Republican,1942-03-29,46,280,46.7671
101,1989-01-03,P000556,David Hampton Pryor,AR,2,Democratic,Democrat,1934-08-29,54,127,54.3479
101,1989-01-03,S000423,Paul Martin Simon,IL,2,Democratic,Democrat,1928-11-29,60,35,60.0959
101,1989-01-03,S000429,Alan Kooi Simpson,WY,2,Republican,Republican,1931-09-02,57,123,57.337
101,1989-01-03,B001057,Dale Bumpers,AR,3,Democratic,Democrat,1925-08-12,63,144,63.3945
101,1989-01-03,D000018,Alfonse Marcello D’Amato,NY,3,Republican,Republican,1937-08-01,51,155,51.4247
101,1989-01-03,D000401,Robert Joseph Dole,KS,3,Republican,Republican,1923-07-22,65,165,65.4521
101,1989-01-03,F000268,Wendell Hampton Ford,KY,3,Democratic,Democrat,1924-09-08,64,117,64.3205
101,1989-01-03,G000236,John Herschel Glenn,OH,3,Democratic,Democrat,1921-07-18,67,169,67.463
101,1989-01-03,P000009,Robert William Packwood,OR,3,Republican,Republican,1932-09-11,56,114,56.3123
101,1989-01-03,B000993,Richard H. Bryan,NV,1,Democratic,Democrat,1937-07-16,51,171,51.4685
101,1989-01-03,C000269,John Hubbard Chafee,RI,1,Republican,Republican,1922-10-22,66,73,66.2
101,1989-01-03,G000333,T. Slade Gorton,WA,1,Republican,Republican,1928-01-08,60,361,60.9863
101,1989-01-03,K000146,J. Robert Kerrey,NE,1,Democratic,Democrat,1943-08-27,45,129,45.3534
101,1989-01-03,M000019,Connie Mack,FL,1,Republican,Republican,1940-10-29,48,66,48.1808
101,1989-01-03,M001054,Daniel Patrick Moynihan,NY,1,Democratic,Democrat,1927-03-16,61,293,61.8027
101,1989-01-03,R000295,Charles S. Robb,VA,1,Democratic,Democrat,1939-06-26,49,191,49.5233
101,1989-01-03,R000460,William V. Roth,DE,1,Republican,Republican,1921-07-22,67,165,67.4521
101,1989-01-03,G000365,Phil Gramm,TX,2,Republican,Republican,1942-07-08,46,179,46.4904
101,1989-01-03,H000463,Jesse Helms,NC,2,Republican,Republican,1921-10-18,67,77,67.211
101,1989-01-03,T000254,J. Strom Thurmond,SC,2,Republican,Republican,1902-12-05,86,29,86.0795
101,1989-01-03,B000780,John B. Breaux,LA,3,Democratic,Democrat,1944-03-01,44,308,44.8438
101,1989-01-03,D000064,Thomas A. Daschle,SD,3,Democratic,Democrat,1947-12-09,41,25,41.0685
101,1989-01-03,G000352,Bob Graham,FL,3,Democratic,Democrat,1936-11-09,52,55,52.1507
101,1989-01-03,H000725,Ernest F. Hollings,SC,3,Democratic,Democrat,1922-01-01,67,2,67.0055
101,1989-01-03,M001085,Frank H. Murkowski,AK,3,Republican,Republican,1933-03-28,55,281,55.7699
101,1989-01-03,N000102,Don Nickles,OK,3,Republican,Republican,1948-12-06,40,28,40.0767
101,1989-01-03,B001126,Conrad Burns,MT,1,Republican,Republican,1935-01-25,53,344,53.9399
101,1989-01-03,J000072,James M. Jeffords,VT,1,Republican,Republican,1934-05-11,54,237,54.6493
101,1989-01-03,S000064,Paul S. Sarbanes,MD,1,Democratic,Democrat,1933-02-03,55,335,55.9153
101,1989-01-03,D000407,Pete V. Domenici,NM,2,Republican,Republican,1932-05-07,56,241,56.6603
101,1989-01-03,S000888,Ted F. Stevens,AK,2,Republican,Republican,1923-11-18,65,46,65.126
101,1989-01-03,W000154,John W. Warner,VA,2,Republican,Republican,1927-02-18,61,320,61.8743
101,1989-01-03,B000611,Christopher S. Bond,MO,3,Republican,Republican,1939-03-06,49,303,49.8301
101,1989-01-03,D000388,Christopher J. Dodd,CT,3,Democratic,Democrat,1944-05-27,44,221,44.6055
101,1989-01-03,S000709,Arlen Specter,PA,3,Republican,Republican,1930-02-12,58,326,58.8907
101,1989-01-03,B001210,Robert C. Byrd,WV,1,Democratic,Democrat,1917-11-20,71,44,71.1205
101,1989-01-03,K000105,Edward M. Kennedy,MA,1,Democratic,Democrat,1932-02-22,56,316,56.8634
101,1989-01-03,L000447,Trent Lott,MS,1,Republican,Republican,1941-10-09,47,86,47.2356
101,1989-01-03,B000444,Joseph R. Biden,DE,2,Democratic,Democrat,1942-11-20,46,44,46.1205
101,1989-01-03,I000025,Daniel K. Inouye,HI,3,Democratic,Democrat,1924-09-07,64,118,64.3233
101,1989-01-03,B000468,Jeff Bingaman,NM,1,Democratic,Democrat,1943-10-03,45,92,45.2521
101,1989-01-03,C000705,Kent Conrad,ND,3,Democratic,Democrat,1948-03-12,40,297,40.8137
101,1989-01-03,K000305,Herb Kohl,WI,1,Democratic,Democrat,1935-02-07,53,331,53.9044
101,1989-01-03,L000304,Joseph I. Lieberman,CT,1,Democratic,Democrat,1942-02-24,46,314,46.8579
101,1989-01-03,L000504,Richard G. Lugar,IN,1,Republican,Republican,1932-04-04,56,274,56.7507
101,1989-01-03,K000148,John F. Kerry,MA,2,Democratic,Democrat,1943-12-11,45,23,45.063
101,1989-01-03,L000123,Frank R. Lautenberg,NJ,1,Democratic,Democrat,1924-01-23,64,346,64.9454
101,1989-01-03,B000243,Max Baucus,MT,2,Democratic,Democrat,1941-12-11,47,23,47.063
101,1989-01-03,H000206,Tom Harkin,IA,2,Democratic,Democrat,1939-11-19,49,45,49.1233
101,1989-01-03,L000261,Carl Levin,MI,2,Democratic,Democrat,1934-06-28,54,189,54.5178
101,1989-01-03,R000361,"John D. Rockefeller, IV",WV,2,Democratic,Democrat,1937-06-18,51,199,51.5452
101,1989-01-03,C000542,Daniel Coats,IN,3,Republican,Republican,1943-05-16,45,232,45.6356
101,1989-01-03,M000702,Barbara A. Mikulski,MD,3,Democratic,Democrat,1936-07-20,52,167,52.4575
101,1989-01-03,R000146,Harry Reid,NV,3,Democratic,Democrat,1939-12-02,49,32,49.0877
101,1989-01-03,C000567,Thad Cochran,MS,2,Republican,Republican,1937-12-07,51,27,51.074
101,1989-01-03,M000303,John McCain,AZ,3,Republican,Republican,1936-08-29,52,127,52.3479
101,1989-01-03,H000338,Orrin G. Hatch,UT,1,Republican,Republican,1934-03-22,54,287,54.7863
101,1989-01-03,L000174,Patrick J. Leahy,VT,3,Democratic,Democrat,1940-03-31,48,278,48.7616
101,1989-01-03,S000320,Richard C. Shelby,AL,3,Democratic,Democrat,1934-05-06,54,242,54.663
102,1991-01-03,M000355,Mitch McConnell,KY,2,Republican,Republican,1942-02-20,48,317,48.8685
102,1991-01-03,G000386,Chuck Grassley,IA,3,Republican,Republican,1933-09-17,57,108,57.2959
102,1991-01-03,S000055,James Terry Sanford,NC,3,Democratic,Democrat,1917-08-20,73,136,73.3726
102,1991-01-03,A000031,Brockman Adams,WA,3,Democratic,Democrat,1927-01-13,63,355,63.9726
102,1991-01-03,C000877,Alan Cranston,CA,3,Democratic,Democrat,1914-06-19,76,198,76.5425
102,1991-01-03,D000366,Alan John Dixon,IL,3,Democratic,Democrat,1927-07-07,63,180,63.4932
102,1991-01-03,F000329,Wyche Fowler,GA,3,Democratic,Democrat,1940-10-06,50,89,50.2438
102,1991-01-03,G000072,Edwin Jacob Garn,UT,3,Republican,Republican,1932-10-12,58,83,58.2274
102,1991-01-03,K000019,Robert Walter Kasten,WI,3,Republican,Republican,1942-06-19,48,198,48.5425
102,1991-01-03,R000497,Warren Bruce Rudman,NH,3,Republican,Republican,1930-05-18,60,230,60.6301
102,1991-01-03,S001138,Steven Douglas Symms,ID,3,Republican,Republican,1938-04-23,52,255,52.6986
102,1991-01-03,W000647,Timothy E. Wirth,CO,3,Democratic,Democrat,1939-09-22,51,103,51.2822
102,1991-01-03,B000401,Lloyd Millard Bentsen,TX,1,Democratic,Democrat,1921-02-11,69,326,69.8932
102,1991-01-03,B001077,Quentin Northrup Burdick,ND,1,Democratic,Democrat,1908-06-19,82,198,82.5425
102,1991-01-03,D000030,John Claggett Danforth,MO,1,Republican,Republican,1936-09-05,54,120,54.3288
102,1991-01-03,D000185,Dennis Webster DeConcini,AZ,1,Democratic,Democrat,1937-05-08,53,240,53.6575
102,1991-01-03,D000566,David Ferdinand Durenberger,MN,1,Republican,Republican,1934-08-19,56,137,56.3753
102,1991-01-03,H000456,Henry John Heinz,PA,1,Republican,Republican,1938-10-23,52,72,52.1973
102,1991-01-03,M000678,Howard Morton Metzenbaum,OH,1,Democratic,Democrat,1917-06-04,73,213,73.5836
102,1991-01-03,M000811,George John Mitchell,ME,1,Democratic,Democrat,1933-08-20,57,136,57.3726
102,1991-01-03,R000249,Donald Wayne Riegle,MI,1,Democratic,Democrat,1938-02-04,52,333,52.9123
102,1991-01-03,S000068,James Ralph Sasser,TN,1,Democratic,Democrat,1936-09-30,54,95,54.2603
102,1991-01-03,W000092,Malcolm Wallop,WY,1,Republican,Republican,1933-02-27,57,310,57.8493
102,1991-01-03,W000607,Pete Wilson,CA,1,Republican,Republican,1933-08-23,57,133,57.3644
102,1991-01-03,B000639,David Lyle Boren,OK,2,Democratic,Democrat,1941-04-21,49,257,49.7041
102,1991-01-03,B001225,William Warren Bradley,NJ,2,Democratic,Democrat,1943-07-28,47,159,47.4356
102,1991-01-03,B000919,George Hanks Brown,CO,2,Republican,Republican,1940-02-12,50,325,50.8904
102,1991-01-03,C000598,William Sebastian Cohen,ME,2,Republican,Republican,1940-08-28,50,128,50.3507
102,1991-01-03,E000284,J. James Exon,NE,2,Democratic,Democrat,1921-08-09,69,147,69.4027
102,1991-01-03,G000321,Albert Arnold Gore,TN,2,Democratic,Democrat,1948-03-31,42,278,42.7616
102,1991-01-03,H000343,Mark Odom Hatfield,OR,2,Republican,Republican,1922-07-12,68,175,68.4795
102,1991-01-03,H000445,Howell Thomas Heflin,AL,2,Democratic,Democrat,1921-06-19,69,198,69.5425
102,1991-01-03,J000189,John Bennett Johnston,LA,2,Democratic,Democrat,1932-06-10,58,207,58.5671
102,1991-01-03,K000017,Nancy Landon Kassebaum,KS,2,Republican,Republican,1932-07-29,58,158,58.4329
102,1991-01-03,N000171,Samuel Augustus Nunn,GA,2,Democratic,Democrat,1938-09-08,52,117,52.3205
102,1991-01-03,P000193,Claiborne de Borda Pell,RI,2,Democratic,Democrat,1918-11-22,72,42,72.1151
102,1991-01-03,P000513,Larry Lee Pressler,SD,2,Republican,Republican,1942-03-29,48,280,48.7671
102,1991-01-03,P000556,David Hampton Pryor,AR,2,Democratic,Democrat,1934-08-29,56,127,56.3479
102,1991-01-03,S000423,Paul Martin Simon,IL,2,Democratic,Democrat,1928-11-29,62,35,62.0959
102,1991-01-03,S000429,Alan Kooi Simpson,WY,2,Republican,Republican,1931-09-02,59,123,59.337
102,1991-01-03,B001057,Dale Bumpers,AR,3,Democratic,Democrat,1925-08-12,65,144,65.3945
102,1991-01-03,D000018,Alfonse Marcello D’Amato,NY,3,Republican,Republican,1937-08-01,53,155,53.4247
102,1991-01-03,D000401,Robert Joseph Dole,KS,3,Republican,Republican,1923-07-22,67,165,67.4521
102,1991-01-03,F000268,Wendell Hampton Ford,KY,3,Democratic,Democrat,1924-09-08,66,117,66.3205
102,1991-01-03,G000236,John Herschel Glenn,OH,3,Democratic,Democrat,1921-07-18,69,169,69.463
102,1991-01-03,P000009,Robert William Packwood,OR,3,Republican,Republican,1932-09-11,58,114,58.3123
102,1991-01-03,B000993,Richard H. Bryan,NV,1,Democratic,Democrat,1937-07-16,53,171,53.4685
102,1991-01-03,C000269,John Hubbard Chafee,RI,1,Republican,Republican,1922-10-22,68,73,68.2
102,1991-01-03,G000333,T. Slade Gorton,WA,1,Republican,Republican,1928-01-08,62,360,62.9863
102,1991-01-03,K000146,J. Robert Kerrey,NE,1,Democratic,Democrat,1943-08-27,47,129,47.3534
102,1991-01-03,M000019,Connie Mack,FL,1,Republican,Republican,1940-10-29,50,66,50.1808
102,1991-01-03,M001054,Daniel Patrick Moynihan,NY,1,Democratic,Democrat,1927-03-16,63,293,63.8027
102,1991-01-03,R000295,Charles S. Robb,VA,1,Democratic,Democrat,1939-06-26,51,191,51.5233
102,1991-01-03,R000460,William V. Roth,DE,1,Republican,Republican,1921-07-22,69,165,69.4521
102,1991-01-03,G000365,Phil Gramm,TX,2,Republican,Republican,1942-07-08,48,179,48.4904
102,1991-01-03,H000463,Jesse Helms,NC,2,Republican,Republican,1921-10-18,69,77,69.211
102,1991-01-03,S000606,Robert Smith,NH,2,Republican,Republican,1941-03-30,49,279,49.7644
102,1991-01-03,T000254,J. Strom Thurmond,SC,2,Republican,Republican,1902-12-05,88,29,88.0795
102,1991-01-03,W000288,Paul David Wellstone,MN,2,Democratic,Democrat,1944-07-21,46,166,46.4548
102,1991-01-03,B000780,John B. Breaux,LA,3,Democratic,Democrat,1944-03-01,46,308,46.8438
102,1991-01-03,D000064,Thomas A. Daschle,SD,3,Democratic,Democrat,1947-12-09,43,25,43.0685
102,1991-01-03,G000352,Bob Graham,FL,3,Democratic,Democrat,1936-11-09,54,55,54.1507
102,1991-01-03,H000725,Ernest F. Hollings,SC,3,Democratic,Democrat,1922-01-01,69,2,69.0055
102,1991-01-03,M001085,Frank H. Murkowski,AK,3,Republican,Republican,1933-03-28,57,281,57.7699
102,1991-01-03,N000102,Don Nickles,OK,3,Republican,Republican,1948-12-06,42,28,42.0767
102,1991-01-03,B001126,Conrad Burns,MT,1,Republican,Republican,1935-01-25,55,343,55.9397
102,1991-01-03,J000072,James M. Jeffords,VT,1,Republican,Republican,1934-05-11,56,237,56.6493
102,1991-01-03,S000064,Paul S. Sarbanes,MD,1,Democratic,Democrat,1933-02-03,57,334,57.9151
102,1991-01-03,C000858,Larry E. Craig,ID,2,Republican,Republican,1945-07-20,45,167,45.4575
102,1991-01-03,D000407,Pete V. Domenici,NM,2,Republican,Republican,1932-05-07,58,241,58.6603
102,1991-01-03,S000888,Ted F. Stevens,AK,2,Republican,Republican,1923-11-18,67,46,67.126
102,1991-01-03,W000154,John W. Warner,VA,2,Republican,Republican,1927-02-18,63,319,63.874
102,1991-01-03,B000611,Christopher S. Bond,MO,3,Republican,Republican,1939-03-06,51,303,51.8301
102,1991-01-03,D000388,Christopher J. Dodd,CT,3,Democratic,Democrat,1944-05-27,46,221,46.6055
102,1991-01-03,S000709,Arlen Specter,PA,3,Republican,Republican,1930-02-12,60,325,60.8904
102,1991-01-03,B001210,Robert C. Byrd,WV,1,Democratic,Democrat,1917-11-20,73,44,73.1205
102,1991-01-03,K000105,Edward M. Kennedy,MA,1,Democratic,Democrat,1932-02-22,58,315,58.863
102,1991-01-03,L000447,Trent Lott,MS,1,Republican,Republican,1941-10-09,49,86,49.2356
102,1991-01-03,B000444,Joseph R. Biden,DE,2,Democratic,Democrat,1942-11-20,48,44,48.1205
102,1991-01-03,I000025,Daniel K. Inouye,HI,3,Democratic,Democrat,1924-09-07,66,118,66.3233
102,1991-01-03,A000069,Daniel K. Akaka,HI,1,Democratic,Democrat,1924-09-11,66,114,66.3123
102,1991-01-03,B000468,Jeff Bingaman,NM,1,Democratic,Democrat,1943-10-03,47,92,47.2521
102,1991-01-03,C000705,Kent Conrad,ND,3,Democratic,Democrat,1948-03-12,42,297,42.8137
102,1991-01-03,K000305,Herb Kohl,WI,1,Democratic,Democrat,1935-02-07,55,330,55.9041
102,1991-01-03,L000304,Joseph I. Lieberman,CT,1,Democratic,Democrat,1942-02-24,48,313,48.8575
102,1991-01-03,L000504,Richard G. Lugar,IN,1,Republican,Republican,1932-04-04,58,274,58.7507
102,1991-01-03,K000148,John F. Kerry,MA,2,Democratic,Democrat,1943-12-11,47,23,47.063
102,1991-01-03,L000123,Frank R. Lautenberg,NJ,1,Democratic,Democrat,1924-01-23,66,345,66.9452
102,1991-01-03,B000243,Max Baucus,MT,2,Democratic,Democrat,1941-12-11,49,23,49.063
102,1991-01-03,H000206,Tom Harkin,IA,2,Democratic,Democrat,1939-11-19,51,45,51.1233
102,1991-01-03,L000261,Carl Levin,MI,2,Democratic,Democrat,1934-06-28,56,189,56.5178
102,1991-01-03,R000361,"John D. Rockefeller, IV",WV,2,Democratic,Democrat,1937-06-18,53,199,53.5452
102,1991-01-03,C000542,Daniel Coats,IN,3,Republican,Republican,1943-05-16,47,232,47.6356
102,1991-01-03,M000702,Barbara A. Mikulski,MD,3,Democratic,Democrat,1936-07-20,54,167,54.4575
102,1991-01-03,R000146,Harry Reid,NV,3,Democratic,Democrat,1939-12-02,51,32,51.0877
102,1991-01-03,C000567,Thad Cochran,MS,2,Republican,Republican,1937-12-07,53,27,53.074
102,1991-01-03,M000303,John McCain,AZ,3,Republican,Republican,1936-08-29,54,127,54.3479
102,1991-01-03,H000338,Orrin G. Hatch,UT,1,Republican,Republican,1934-03-22,56,287,56.7863
102,1991-01-03,L000174,Patrick J. Leahy,VT,3,Democratic,Democrat,1940-03-31,50,278,50.7616
102,1991-01-03,S000320,Richard C. Shelby,AL,3,Democratic,Democrat,1934-05-06,56,242,56.663
103,1993-01-05,M000355,Mitch McConnell,KY,2,Republican,Republican,1942-02-20,50,320,50.8743
103,1993-01-05,G000386,Chuck Grassley,IA,3,Republican,Republican,1933-09-17,59,110,59.3014
103,1993-01-05,M001111,Patty Murray,WA,3,Democratic,Democrat,1950-10-11,42,86,42.2356
103,1993-01-05,B000401,Lloyd Millard Bentsen,TX,1,Democratic,Democrat,1921-02-11,71,329,71.8989
103,1993-01-05,D000030,John Claggett Danforth,MO,1,Republican,Republican,1936-09-05,56,122,56.3342
103,1993-01-05,D000185,Dennis Webster DeConcini,AZ,1,Democratic,Democrat,1937-05-08,55,242,55.663
103,1993-01-05,D000566,David Ferdinand Durenberger,MN,1,Republican,Republican,1934-08-19,58,139,58.3808
103,1993-01-05,M000678,Howard Morton Metzenbaum,OH,1,Democratic,Democrat,1917-06-04,75,215,75.589
103,1993-01-05,M000811,George John Mitchell,ME,1,Democratic,Democrat,1933-08-20,59,138,59.3781
103,1993-01-05,R000249,Donald Wayne Riegle,MI,1,Democratic,Democrat,1938-02-04,54,336,54.918
103,1993-01-05,S000068,James Ralph Sasser,TN,1,Democratic,Democrat,1936-09-30,56,97,56.2658
103,1993-01-05,W000092,Malcolm Wallop,WY,1,Republican,Republican,1933-02-27,59,313,59.8552
103,1993-01-05,B000639,David Lyle Boren,OK,2,Democratic,Democrat,1941-04-21,51,259,51.7096
103,1993-01-05,B001225,William Warren Bradley,NJ,2,Democratic,Democrat,1943-07-28,49,161,49.4411
103,1993-01-05,B000919,George Hanks Brown,CO,2,Republican,Republican,1940-02-12,52,328,52.8962
103,1993-01-05,C000598,William Sebastian Cohen,ME,2,Republican,Republican,1940-08-28,52,130,52.3562
103,1993-01-05,E000284,J. James Exon,NE,2,Democratic,Democrat,1921-08-09,71,149,71.4082
103,1993-01-05,H000343,Mark Odom Hatfield,OR,2,Republican,Republican,1922-07-12,70,177,70.4849
103,1993-01-05,H000445,Howell Thomas Heflin,AL,2,Democratic,Democrat,1921-06-19,71,200,71.5479
103,1993-01-05,J000189,John Bennett Johnston,LA,2,Democratic,Democrat,1932-06-10,60,209,60.5726
103,1993-01-05,K000017,Nancy Landon Kassebaum,KS,2,Republican,Republican,1932-07-29,60,160,60.4384
103,1993-01-05,N000171,Samuel Augustus Nunn,GA,2,Democratic,Democrat,1938-09-08,54,119,54.326
103,1993-01-05,P000193,Claiborne de Borda Pell,RI,2,Democratic,Democrat,1918-11-22,74,44,74.1205
103,1993-01-05,P000513,Larry Lee Pressler,SD,2,Republican,Republican,1942-03-29,50,282,50.7726
103,1993-01-05,P000556,David Hampton Pryor,AR,2,Democratic,Democrat,1934-08-29,58,129,58.3534
103,1993-01-05,S000423,Paul Martin Simon,IL,2,Democratic,Democrat,1928-11-29,64,37,64.1014
103,1993-01-05,S000429,Alan Kooi Simpson,WY,2,Republican,Republican,1931-09-02,61,125,61.3425
103,1993-01-05,W000665,Harris Wofford,PA,1,Democratic,Democrat,1926-04-09,66,271,66.7425
103,1993-01-05,B001057,Dale Bumpers,AR,3,Democratic,Democrat,1925-08-12,67,146,67.4
103,1993-01-05,D000018,Alfonse Marcello D’Amato,NY,3,Republican,Republican,1937-08-01,55,157,55.4301
103,1993-01-05,D000401,Robert Joseph Dole,KS,3,Republican,Republican,1923-07-22,69,167,69.4575
103,1993-01-05,F000437,Duncan McLauchlin Faircloth,NC,3,Republican,Republican,1928-01-14,64,357,64.9754
103,1993-01-05,F000268,Wendell Hampton Ford,KY,3,Democratic,Democrat,1924-09-08,68,119,68.326
103,1993-01-05,G000236,John Herschel Glenn,OH,3,Democratic,Democrat,1921-07-18,71,171,71.4685
103,1993-01-05,K000088,Dirk Kempthorne,ID,3,Republican,Republican,1951-10-29,41,68,41.1863
103,1993-01-05,M000236,Harlan Mathews,TN,2,Democratic,Democrat,1927-01-17,65,354,65.9672
103,1993-01-05,M001025,Carol Moseley Braun,IL,3,Democratic,Democrat,1947-08-16,45,142,45.389
103,1993-01-05,P000009,Robert William Packwood,OR,3,Republican,Republican,1932-09-11,60,116,60.3178
103,1993-01-05,B000993,Richard H. Bryan,NV,1,Democratic,Democrat,1937-07-16,55,173,55.474
103,1993-01-05,C000269,John Hubbard Chafee,RI,1,Republican,Republican,1922-10-22,70,75,70.2055
103,1993-01-05,G000333,T. Slade Gorton,WA,1,Republican,Republican,1928-01-08,64,363,64.9918
103,1993-01-05,K000146,J. Robert Kerrey,NE,1,Democratic,Democrat,1943-08-27,49,131,49.3589
103,1993-01-05,M000019,Connie Mack,FL,1,Republican,Republican,1940-10-29,52,68,52.1863
103,1993-01-05,M001054,Daniel Patrick Moynihan,NY,1,Democratic,Democrat,1927-03-16,65,295,65.8082
103,1993-01-05,R000295,Charles S. Robb,VA,1,Democratic,Democrat,1939-06-26,53,193,53.5288
103,1993-01-05,R000460,William V. Roth,DE,1,Republican,Republican,1921-07-22,71,167,71.4575
103,1993-01-05,G000365,Phil Gramm,TX,2,Republican,Republican,1942-07-08,50,181,50.4959
103,1993-01-05,H000463,Jesse Helms,NC,2,Republican,Republican,1921-10-18,71,79,71.2164
103,1993-01-05,S000606,Robert Smith,NH,2,Republican,Republican,1941-03-30,51,281,51.7699
103,1993-01-05,T000254,J. Strom Thurmond,SC,2,Republican,Republican,1902-12-05,90,31,90.0849
103,1993-01-05,W000288,Paul David Wellstone,MN,2,Democratic,Democrat,1944-07-21,48,168,48.4603
103,1993-01-05,B000780,John B. Breaux,LA,3,Democratic,Democrat,1944-03-01,48,310,48.8493
103,1993-01-05,C000077,Ben Nighthorse Campbell,CO,3,Republican,Republican,1933-04-13,59,267,59.7315
103,1993-01-05,C000813,Paul D. Coverdell,GA,3,Republican,Republican,1939-01-20,53,351,53.959
103,1993-01-05,D000064,Thomas A. Daschle,SD,3,Democratic,Democrat,1947-12-09,45,27,45.074
103,1993-01-05,G000352,Bob Graham,FL,3,Democratic,Democrat,1936-11-09,56,57,56.1562
103,1993-01-05,H000725,Ernest F. Hollings,SC,3,Democratic,Democrat,1922-01-01,71,4,71.011
103,1993-01-05,M001085,Frank H. Murkowski,AK,3,Republican,Republican,1933-03-28,59,283,59.7753
103,1993-01-05,N000102,Don Nickles,OK,3,Republican,Republican,1948-12-06,44,30,44.0822
103,1993-01-05,B001126,Conrad Burns,MT,1,Republican,Republican,1935-01-25,57,346,57.9454
103,1993-01-05,J000072,James M. Jeffords,VT,1,Republican,Republican,1934-05-11,58,239,58.6548
103,1993-01-05,S000064,Paul S. Sarbanes,MD,1,Democratic,Democrat,1933-02-03,59,337,59.9208
103,1993-01-05,C000858,Larry E. Craig,ID,2,Republican,Republican,1945-07-20,47,169,47.463
103,1993-01-05,D000407,Pete V. Domenici,NM,2,Republican,Republican,1932-05-07,60,243,60.6658
103,1993-01-05,S000888,Ted F. Stevens,AK,2,Republican,Republican,1923-11-18,69,48,69.1315
103,1993-01-05,W000154,John W. Warner,VA,2,Republican,Republican,1927-02-18,65,322,65.8798
103,1993-01-05,B000382,Robert F. Bennett,UT,3,Republican,Republican,1933-09-18,59,109,59.2986
103,1993-01-05,B000611,Christopher S. Bond,MO,3,Republican,Republican,1939-03-06,53,305,53.8356
103,1993-01-05,D000388,Christopher J. Dodd,CT,3,Democratic,Democrat,1944-05-27,48,223,48.611
103,1993-01-05,D000432,Byron L. Dorgan,ND,3,Democratic,Democrat,1942-05-14,50,236,50.6466
103,1993-01-05,F000061,Russell D. Feingold,WI,3,Democratic,Democrat,1953-03-02,39,309,39.8466
103,1993-01-05,G000445,Judd A. Gregg,NH,3,Republican,Republican,1947-02-14,45,326,45.8907
103,1993-01-05,S000709,Arlen Specter,PA,3,Republican,Republican,1930-02-12,62,328,62.8962
103,1993-01-05,B001210,Robert C. Byrd,WV,1,Democratic,Democrat,1917-11-20,75,46,75.126
103,1993-01-05,K000105,Edward M. Kennedy,MA,1,Democratic,Democrat,1932-02-22,60,318,60.8689
103,1993-01-05,L000447,Trent Lott,MS,1,Republican,Republican,1941-10-09,51,88,51.2411
103,1993-01-05,B000444,Joseph R. Biden,DE,2,Democratic,Democrat,1942-11-20,50,46,50.126
103,1993-01-05,I000025,Daniel K. Inouye,HI,3,Democratic,Democrat,1924-09-07,68,120,68.3288
103,1993-01-05,A000069,Daniel K. Akaka,HI,1,Democratic,Democrat,1924-09-11,68,116,68.3178
103,1993-01-05,B000468,Jeff Bingaman,NM,1,Democratic,Democrat,1943-10-03,49,94,49.2575
103,1993-01-05,C000705,Kent Conrad,ND,1,Democratic,Democrat,1948-03-12,44,299,44.8192
103,1993-01-05,K000305,Herb Kohl,WI,1,Democratic,Democrat,1935-02-07,57,333,57.9098
103,1993-01-05,L000304,Joseph I. Lieberman,CT,1,Democratic,Democrat,1942-02-24,50,316,50.8634
103,1993-01-05,L000504,Richard G. Lugar,IN,1,Republican,Republican,1932-04-04,60,276,60.7562
103,1993-01-05,K000148,John F. Kerry,MA,2,Democratic,Democrat,1943-12-11,49,25,49.0685
103,1993-01-05,L000123,Frank R. Lautenberg,NJ,1,Democratic,Democrat,1924-01-23,68,348,68.9508
103,1993-01-05,B000243,Max Baucus,MT,2,Democratic,Democrat,1941-12-11,51,25,51.0685
103,1993-01-05,H000206,Tom Harkin,IA,2,Democratic,Democrat,1939-11-19,53,47,53.1288
103,1993-01-05,L000261,Carl Levin,MI,2,Democratic,Democrat,1934-06-28,58,191,58.5233
103,1993-01-05,R000361,"John D. Rockefeller, IV",WV,2,Democratic,Democrat,1937-06-18,55,201,55.5507
103,1993-01-05,B000711,Barbara Boxer,CA,3,Democratic,Democrat,1940-11-11,52,55,52.1507
103,1993-01-05,C000542,Daniel Coats,IN,3,Republican,Republican,1943-05-16,49,234,49.6411
103,1993-01-05,M000702,Barbara A. Mikulski,MD,3,Democratic,Democrat,1936-07-20,56,169,56.463
103,1993-01-05,R000146,Harry Reid,NV,3,Democratic,Democrat,1939-12-02,53,34,53.0932
103,1993-01-05,C000567,Thad Cochran,MS,2,Republican,Republican,1937-12-07,55,29,55.0795
103,1993-01-05,M000303,John McCain,AZ,3,Republican,Republican,1936-08-29,56,129,56.3534
103,1993-01-05,H000338,Orrin G. Hatch,UT,1,Republican,Republican,1934-03-22,58,289,58.7918
103,1993-01-05,L000174,Patrick J. Leahy,VT,3,Democratic,Democrat,1940-03-31,52,280,52.7671
103,1993-01-05,S000320,Richard C. Shelby,AL,3,Republican,Republican,1934-05-06,58,244,58.6685
103,1993-01-05,F000062,Dianne Feinstein,CA,1,Democratic,Democrat,1933-06-22,59,197,59.5397
104,1995-01-04,M000355,Mitch McConnell,KY,2,Republican,Republican,1942-02-20,52,318,52.8712
104,1995-01-04,G000386,Chuck Grassley,IA,3,Republican,Republican,1933-09-17,61,109,61.2986
104,1995-01-04,M001111,Patty Murray,WA,3,Democratic,Democrat,1950-10-11,44,85,44.2329
104,1995-01-04,B001225,William Warren Bradley,NJ,2,Democratic,Democrat,1943-07-28,51,160,51.4384
104,1995-01-04,B000919,George Hanks Brown,CO,2,Republican,Republican,1940-02-12,54,326,54.8932
104,1995-01-04,C000598,William Sebastian Cohen,ME,2,Republican,Republican,1940-08-28,54,129,54.3534
104,1995-01-04,E000284,J. James Exon,NE,2,Democratic,Democrat,1921-08-09,73,148,73.4055
104,1995-01-04,H000343,Mark Odom Hatfield,OR,2,Republican,Republican,1922-07-12,72,176,72.4822
104,1995-01-04,H000445,Howell Thomas Heflin,AL,2,Democratic,Democrat,1921-06-19,73,199,73.5452
104,1995-01-04,J000189,John Bennett Johnston,LA,2,Democratic,Democrat,1932-06-10,62,208,62.5699
104,1995-01-04,K000017,Nancy Landon Kassebaum,KS,2,Republican,Republican,1932-07-29,62,159,62.4356
104,1995-01-04,N000171,Samuel Augustus Nunn,GA,2,Democratic,Democrat,1938-09-08,56,118,56.3233
104,1995-01-04,P000193,Claiborne de Borda Pell,RI,2,Democratic,Democrat,1918-11-22,76,43,76.1178
104,1995-01-04,P000513,Larry Lee Pressler,SD,2,Republican,Republican,1942-03-29,52,281,52.7699
104,1995-01-04,P000556,David Hampton Pryor,AR,2,Democratic,Democrat,1934-08-29,60,128,60.3507
104,1995-01-04,S000423,Paul Martin Simon,IL,2,Democratic,Democrat,1928-11-29,66,36,66.0986
104,1995-01-04,S000429,Alan Kooi Simpson,WY,2,Republican,Republican,1931-09-02,63,124,63.3397
104,1995-01-04,B001057,Dale Bumpers,AR,3,Democratic,Democrat,1925-08-12,69,145,69.3973
104,1995-01-04,D000018,Alfonse Marcello D’Amato,NY,3,Republican,Republican,1937-08-01,57,156,57.4274
104,1995-01-04,D000401,Robert Joseph Dole,KS,3,Republican,Republican,1923-07-22,71,166,71.4548
104,1995-01-04,F000437,Duncan McLauchlin Faircloth,NC,3,Republican,Republican,1928-01-14,66,355,66.9726
104,1995-01-04,F000268,Wendell Hampton Ford,KY,3,Democratic,Democrat,1924-09-08,70,118,70.3233
104,1995-01-04,G000236,John Herschel Glenn,OH,3,Democratic,Democrat,1921-07-18,73,170,73.4658
104,1995-01-04,K000088,Dirk Kempthorne,ID,3,Republican,Republican,1951-10-29,43,67,43.1836
104,1995-01-04,M001025,Carol Moseley Braun,IL,3,Democratic,Democrat,1947-08-16,47,141,47.3863
104,1995-01-04,P000009,Robert William Packwood,OR,3,Republican,Republican,1932-09-11,62,115,62.3151
104,1995-01-04,A000355,Spencer Abraham,MI,1,Republican,Republican,1952-06-12,42,206,42.5644
104,1995-01-04,A000356,John Ashcroft,MO,1,Republican,Republican,1942-05-09,52,240,52.6575
104,1995-01-04,B000993,Richard H. Bryan,NV,1,Democratic,Democrat,1937-07-16,57,172,57.4712
104,1995-01-04,C000269,John Hubbard Chafee,RI,1,Republican,Republican,1922-10-22,72,74,72.2027
104,1995-01-04,G000333,T. Slade Gorton,WA,1,Republican,Republican,1928-01-08,66,361,66.989
104,1995-01-04,G000367,Rod Grams,MN,1,Republican,Republican,1948-02-04,46,334,46.9151
104,1995-01-04,K000146,J. Robert Kerrey,NE,1,Democratic,Democrat,1943-08-27,51,130,51.3562
104,1995-01-04,M000019,Connie Mack,FL,1,Republican,Republican,1940-10-29,54,67,54.1836
104,1995-01-04,M001054,Daniel Patrick Moynihan,NY,1,Democratic,Democrat,1927-03-16,67,294,67.8055
104,1995-01-04,R000295,Charles S. Robb,VA,1,Democratic,Democrat,1939-06-26,55,192,55.526
104,1995-01-04,R000460,William V. Roth,DE,1,Republican,Republican,1921-07-22,73,166,73.4548
104,1995-01-04,G000365,Phil Gramm,TX,2,Republican,Republican,1942-07-08,52,180,52.4932
104,1995-01-04,H000463,Jesse Helms,NC,2,Republican,Republican,1921-10-18,73,78,73.2137
104,1995-01-04,S000606,Robert Smith,NH,2,Republican,Republican,1941-03-30,53,280,53.7671
104,1995-01-04,T000457,Fred Thompson,TN,2,Republican,Republican,1942-08-19,52,138,52.3781
104,1995-01-04,T000254,J. Strom Thurmond,SC,2,Republican,Republican,1902-12-05,92,30,92.0822
104,1995-01-04,W000288,Paul David Wellstone,MN,2,Democratic,Democrat,1944-07-21,50,167,50.4575
104,1995-01-04,B000780,John B. Breaux,LA,3,Democratic,Democrat,1944-03-01,50,309,50.8466
104,1995-01-04,C000077,Ben Nighthorse Campbell,CO,3,Republican,Republican,1933-04-13,61,266,61.7288
104,1995-01-04,C000813,Paul D. Coverdell,GA,3,Republican,Republican,1939-01-20,55,349,55.9562
104,1995-01-04,D000064,Thomas A. Daschle,SD,3,Democratic,Democrat,1947-12-09,47,26,47.0712
104,1995-01-04,G000352,Bob Graham,FL,3,Democratic,Democrat,1936-11-09,58,56,58.1534
104,1995-01-04,H000725,Ernest F. Hollings,SC,3,Democratic,Democrat,1922-01-01,73,3,73.0082
104,1995-01-04,M001085,Frank H. Murkowski,AK,3,Republican,Republican,1933-03-28,61,282,61.7726
104,1995-01-04,N000102,Don Nickles,OK,3,Republican,Republican,1948-12-06,46,29,46.0795
104,1995-01-04,B001126,Conrad Burns,MT,1,Republican,Republican,1935-01-25,59,344,59.9425
104,1995-01-04,D000294,Michael DeWine,OH,1,Republican,Republican,1947-01-05,47,364,47.9973
104,1995-01-04,F000439,William H. Frist,TN,1,Republican,Republican,1952-02-22,42,316,42.8658
104,1995-01-04,J000072,James M. Jeffords,VT,1,Republican,Republican,1934-05-11,60,238,60.6521
104,1995-01-04,S000059,Richard J. Santorum,PA,1,Republican,Republican,1958-05-10,36,239,36.6548
104,1995-01-04,S000064,Paul S. Sarbanes,MD,1,Democratic,Democrat,1933-02-03,61,335,61.9178
104,1995-01-04,C000858,Larry E. Craig,ID,2,Republican,Republican,1945-07-20,49,168,49.4603
104,1995-01-04,D000407,Pete V. Domenici,NM,2,Republican,Republican,1932-05-07,62,242,62.663
104,1995-01-04,S000888,Ted F. Stevens,AK,2,Republican,Republican,1923-11-18,71,47,71.1288
104,1995-01-04,W000154,John W. Warner,VA,2,Republican,Republican,1927-02-18,67,320,67.8767
104,1995-01-04,B000382,Robert F. Bennett,UT,3,Republican,Republican,1933-09-18,61,108,61.2959
104,1995-01-04,B000611,Christopher S. Bond,MO,3,Republican,Republican,1939-03-06,55,304,55.8329
104,1995-01-04,D000388,Christopher J. Dodd,CT,3,Democratic,Democrat,1944-05-27,50,222,50.6082
104,1995-01-04,D000432,Byron L. Dorgan,ND,3,Democratic,Democrat,1942-05-14,52,235,52.6438
104,1995-01-04,F000061,Russell D. Feingold,WI,3,Democratic,Democrat,1953-03-02,41,308,41.8438
104,1995-01-04,G000445,Judd A. Gregg,NH,3,Republican,Republican,1947-02-14,47,324,47.8877
104,1995-01-04,S000709,Arlen Specter,PA,3,Republican,Republican,1930-02-12,64,326,64.8932
104,1995-01-04,B001210,Robert C. Byrd,WV,1,Democratic,Democrat,1917-11-20,77,45,77.1233
104,1995-01-04,K000105,Edward M. Kennedy,MA,1,Democratic,Democrat,1932-02-22,62,316,62.8658
104,1995-01-04,L000447,Trent Lott,MS,1,Republican,Republican,1941-10-09,53,87,53.2384
104,1995-01-04,T000162,Craig Thomas,WY,1,Republican,Republican,1933-02-17,61,321,61.8795
104,1995-01-04,B000444,Joseph R. Biden,DE,2,Democratic,Democrat,1942-11-20,52,45,52.1233
104,1995-01-04,I000025,Daniel K. Inouye,HI,3,Democratic,Democrat,1924-09-07,70,119,70.326
104,1995-01-04,A000069,Daniel K. Akaka,HI,1,Democratic,Democrat,1924-09-11,70,115,70.3151
104,1995-01-04,B000468,Jeff Bingaman,NM,1,Democratic,Democrat,1943-10-03,51,93,51.2548
104,1995-01-04,C000705,Kent Conrad,ND,1,Democratic,Democrat,1948-03-12,46,298,46.8164
104,1995-01-04,H001016,Kay Bailey Hutchison,TX,1,Republican,Republican,1943-07-22,51,166,51.4548
104,1995-01-04,K000305,Herb Kohl,WI,1,Democratic,Democrat,1935-02-07,59,331,59.9068
104,1995-01-04,L000304,Joseph I. Lieberman,CT,1,Democratic,Democrat,1942-02-24,52,314,52.8603
104,1995-01-04,L000504,Richard G. Lugar,IN,1,Republican,Republican,1932-04-04,62,275,62.7534
104,1995-01-04,S000663,Olympia J. Snowe,ME,1,Republican,Republican,1947-02-21,47,317,47.8685
104,1995-01-04,K000148,John F. Kerry,MA,2,Democratic,Democrat,1943-12-11,51,24,51.0658
104,1995-01-04,L000123,Frank R. Lautenberg,NJ,1,Democratic,Democrat,1924-01-23,70,346,70.9479
104,1995-01-04,B000243,Max Baucus,MT,2,Democratic,Democrat,1941-12-11,53,24,53.0658
104,1995-01-04,H000206,Tom Harkin,IA,2,Democratic,Democrat,1939-11-19,55,46,55.126
104,1995-01-04,L000261,Carl Levin,MI,2,Democratic,Democrat,1934-06-28,60,190,60.5205
104,1995-01-04,R000361,"John D. Rockefeller, IV",WV,2,Democratic,Democrat,1937-06-18,57,200,57.5479
104,1995-01-04,B000711,Barbara Boxer,CA,3,Democratic,Democrat,1940-11-11,54,54,54.1479
104,1995-01-04,C000542,Daniel Coats,IN,3,Republican,Republican,1943-05-16,51,233,51.6384
104,1995-01-04,M000702,Barbara A. Mikulski,MD,3,Democratic,Democrat,1936-07-20,58,168,58.4603
104,1995-01-04,R000146,Harry Reid,NV,3,Democratic,Democrat,1939-12-02,55,33,55.0904
104,1995-01-04,C000567,Thad Cochran,MS,2,Republican,Republican,1937-12-07,57,28,57.0767
104,1995-01-04,M000303,John McCain,AZ,3,Republican,Republican,1936-08-29,58,128,58.3507
104,1995-01-04,K000352,Jon Kyl,AZ,1,Republican,Republican,1942-04-25,52,254,52.6959
104,1995-01-04,H000338,Orrin G. Hatch,UT,1,Republican,Republican,1934-03-22,60,288,60.789
104,1995-01-04,L000174,Patrick J. Leahy,VT,3,Democratic,Democrat,1940-03-31,54,279,54.7644
104,1995-01-04,S000320,Richard C. Shelby,AL,3,Republican,Republican,1934-05-06,60,243,60.6658
104,1995-01-04,I000024,James M. Inhofe,OK,2,Republican,Republican,1934-11-17,60,48,60.1315
104,1995-01-04,F000062,Dianne Feinstein,CA,1,Democratic,Democrat,1933-06-22,61,196,61.537
105,1997-01-07,C001035,Susan M. Collins,ME,2,Republican,Republican,1952-12-07,44,31,44.0849
105,1997-01-07,D000563,Richard J. Durbin,IL,2,Democratic,Democrat,1944-11-21,52,47,52.1288
105,1997-01-07,M000355,Mitch McConnell,KY,2,Republican,Republican,1942-02-20,54,322,54.8798
105,1997-01-07,R000122,Jack Reed,RI,2,Democratic,Democrat,1949-11-12,47,56,47.1534
105,1997-01-07,G000386,Chuck Grassley,IA,3,Republican,Republican,1933-09-17,63,112,63.3068
105,1997-01-07,M001111,Patty Murray,WA,3,Democratic,Democrat,1950-10-11,46,88,46.2411
105,1997-01-07,W000779,Ron Wyden,OR,3,Democratic,Democrat,1949-05-03,47,249,47.6822
105,1997-01-07,B001057,Dale Bumpers,AR,3,Democratic,Democrat,1925-08-12,71,148,71.4055
105,1997-01-07,D000018,Alfonse Marcello D’Amato,NY,3,Republican,Republican,1937-08-01,59,159,59.4356
105,1997-01-07,F000437,Duncan McLauchlin Faircloth,NC,3,Republican,Republican,1928-01-14,68,359,68.9809
105,1997-01-07,F000268,Wendell Hampton Ford,KY,3,Democratic,Democrat,1924-09-08,72,121,72.3315
105,1997-01-07,G000236,John Herschel Glenn,OH,3,Democratic,Democrat,1921-07-18,75,173,75.474
105,1997-01-07,K000088,Dirk Kempthorne,ID,3,Republican,Republican,1951-10-29,45,70,45.1918
105,1997-01-07,M001025,Carol Moseley Braun,IL,3,Democratic,Democrat,1947-08-16,49,144,49.3945
105,1997-01-07,A000355,Spencer Abraham,MI,1,Republican,Republican,1952-06-12,44,209,44.5726
105,1997-01-07,A000356,John Ashcroft,MO,1,Republican,Republican,1942-05-09,54,243,54.6658
105,1997-01-07,B000993,Richard H. Bryan,NV,1,Democratic,Democrat,1937-07-16,59,175,59.4795
105,1997-01-07,C000269,John Hubbard Chafee,RI,1,Republican,Republican,1922-10-22,74,77,74.211
105,1997-01-07,G000333,T. Slade Gorton,WA,1,Republican,Republican,1928-01-08,68,365,68.9973
105,1997-01-07,G000367,Rod Grams,MN,1,Republican,Republican,1948-02-04,48,338,48.9235
105,1997-01-07,K000146,J. Robert Kerrey,NE,1,Democratic,Democrat,1943-08-27,53,133,53.3644
105,1997-01-07,M000019,Connie Mack,FL,1,Republican,Republican,1940-10-29,56,70,56.1918
105,1997-01-07,M001054,Daniel Patrick Moynihan,NY,1,Democratic,Democrat,1927-03-16,69,297,69.8137
105,1997-01-07,R000295,Charles S. Robb,VA,1,Democratic,Democrat,1939-06-26,57,195,57.5342
105,1997-01-07,R000460,William V. Roth,DE,1,Republican,Republican,1921-07-22,75,169,75.463
105,1997-01-07,C001034,J. Maxwell Cleland,GA,2,Democratic,Democrat,1942-08-24,54,136,54.3726
105,1997-01-07,G000365,Phil Gramm,TX,2,Republican,Republican,1942-07-08,54,183,54.5014
105,1997-01-07,H000463,Jesse Helms,NC,2,Republican,Republican,1921-10-18,75,81,75.2219
105,1997-01-07,H001015,Tim Hutchinson,AR,2,Republican,Republican,1949-08-11,47,149,47.4082
105,1997-01-07,S000606,Robert Smith,NH,2,Republican,Republican,1941-03-30,55,283,55.7753
105,1997-01-07,T000457,Fred Thompson,TN,2,Republican,Republican,1942-08-19,54,141,54.3863
105,1997-01-07,T000254,J. Strom Thurmond,SC,2,Republican,Republican,1902-12-05,94,33,94.0904
105,1997-01-07,T000317,Robert Torricelli,NJ,2,Democratic,Democrat,1951-08-27,45,133,45.3644
105,1997-01-07,W000288,Paul David Wellstone,MN,2,Democratic,Democrat,1944-07-21,52,170,52.4658
105,1997-01-07,B000780,John B. Breaux,LA,3,Democratic,Democrat,1944-03-01,52,312,52.8548
105,1997-01-07,C000077,Ben Nighthorse Campbell,CO,3,Republican,Republican,1933-04-13,63,269,63.737
105,1997-01-07,C000813,Paul D. Coverdell,GA,3,Republican,Republican,1939-01-20,57,353,57.9645
105,1997-01-07,D000064,Thomas A. Daschle,SD,3,Democratic,Democrat,1947-12-09,49,29,49.0795
105,1997-01-07,G000352,Bob Graham,FL,3,Democratic,Democrat,1936-11-09,60,59,60.1616
105,1997-01-07,H000725,Ernest F. Hollings,SC,3,Democratic,Democrat,1922-01-01,75,6,75.0164
105,1997-01-07,M001085,Frank H. Murkowski,AK,3,Republican,Republican,1933-03-28,63,285,63.7808
105,1997-01-07,N000102,Don Nickles,OK,3,Republican,Republican,1948-12-06,48,32,48.0877
105,1997-01-07,B001126,Conrad Burns,MT,1,Republican,Republican,1935-01-25,61,348,61.9508
105,1997-01-07,D000294,Michael DeWine,OH,1,Republican,Republican,1947-01-05,50,2,50.0055
105,1997-01-07,F000439,William H. Frist,TN,1,Republican,Republican,1952-02-22,44,320,44.8743
105,1997-01-07,J000072,James M. Jeffords,VT,1,Republican,Republican,1934-05-11,62,241,62.6603
105,1997-01-07,S000059,Richard J. Santorum,PA,1,Republican,Republican,1958-05-10,38,242,38.663
105,1997-01-07,S000064,Paul S. Sarbanes,MD,1,Democratic,Democrat,1933-02-03,63,339,63.9262
105,1997-01-07,A000109,Wayne A. Allard,CO,2,Republican,Republican,1943-12-02,53,36,53.0986
105,1997-01-07,C000858,Larry E. Craig,ID,2,Republican,Republican,1945-07-20,51,171,51.4685
105,1997-01-07,D000407,Pete V. Domenici,NM,2,Republican,Republican,1932-05-07,64,245,64.6712
105,1997-01-07,H001028,Charles T. Hagel,NE,2,Republican,Republican,1946-10-04,50,95,50.2603
105,1997-01-07,S001142,Gordon Harold Smith,OR,2,Republican,Republican,1952-05-25,44,227,44.6219
105,1997-01-07,S000888,Ted F. Stevens,AK,2,Republican,Republican,1923-11-18,73,50,73.137
105,1997-01-07,W000154,John W. Warner,VA,2,Republican,Republican,1927-02-18,69,324,69.8852
105,1997-01-07,B000382,Robert F. Bennett,UT,3,Republican,Republican,1933-09-18,63,111,63.3041
105,1997-01-07,B000611,Christopher S. Bond,MO,3,Republican,Republican,1939-03-06,57,307,57.8411
105,1997-01-07,B000953,Samuel D. Brownback,KS,3,Republican,Republican,1956-09-12,40,117,40.3205
105,1997-01-07,D000388,Christopher J. Dodd,CT,3,Democratic,Democrat,1944-05-27,52,225,52.6164
105,1997-01-07,D000432,Byron L. Dorgan,ND,3,Democratic,Democrat,1942-05-14,54,238,54.6521
105,1997-01-07,F000061,Russell D. Feingold,WI,3,Democratic,Democrat,1953-03-02,43,311,43.8521
105,1997-01-07,G000445,Judd A. Gregg,NH,3,Republican,Republican,1947-02-14,49,328,49.8962
105,1997-01-07,S000709,Arlen Specter,PA,3,Republican,Republican,1930-02-12,66,330,66.9016
105,1997-01-07,B001210,Robert C. Byrd,WV,1,Democratic,Democrat,1917-11-20,79,48,79.1315
105,1997-01-07,K000105,Edward M. Kennedy,MA,1,Democratic,Democrat,1932-02-22,64,320,64.8743
105,1997-01-07,L000447,Trent Lott,MS,1,Republican,Republican,1941-10-09,55,90,55.2466
105,1997-01-07,T000162,Craig Thomas,WY,1,Republican,Republican,1933-02-17,63,325,63.888
105,1997-01-07,B000444,Joseph R. Biden,DE,2,Democratic,Democrat,1942-11-20,54,48,54.1315
105,1997-01-07,I000025,Daniel K. Inouye,HI,3,Democratic,Democrat,1924-09-07,72,122,72.3342
105,1997-01-07,A000069,Daniel K. Akaka,HI,1,Democratic,Democrat,1924-09-11,72,118,72.3233
105,1997-01-07,B000468,Jeff Bingaman,NM,1,Democratic,Democrat,1943-10-03,53,96,53.263
105,1997-01-07,C000705,Kent Conrad,ND,1,Democratic,Democrat,1948-03-12,48,301,48.8247
105,1997-01-07,H001016,Kay Bailey Hutchison,TX,1,Republican,Republican,1943-07-22,53,169,53.463
105,1997-01-07,K000305,Herb Kohl,WI,1,Democratic,Democrat,1935-02-07,61,335,61.9153
105,1997-01-07,L000304,Joseph I. Lieberman,CT,1,Democratic,Democrat,1942-02-24,54,318,54.8689
105,1997-01-07,L000504,Richard G. Lugar,IN,1,Republican,Republican,1932-04-04,64,278,64.7616
105,1997-01-07,S000663,Olympia J. Snowe,ME,1,Republican,Republican,1947-02-21,49,321,49.877
105,1997-01-07,K000148,John F. Kerry,MA,2,Democratic,Democrat,1943-12-11,53,27,53.074
105,1997-01-07,L000123,Frank R. Lautenberg,NJ,1,Democratic,Democrat,1924-01-23,72,350,72.9563
105,1997-01-07,B000243,Max Baucus,MT,2,Democratic,Democrat,1941-12-11,55,27,55.074
105,1997-01-07,H000206,Tom Harkin,IA,2,Democratic,Democrat,1939-11-19,57,49,57.1342
105,1997-01-07,J000177,Tim Johnson,SD,2,Democratic,Democrat,1946-12-28,50,10,50.0274
105,1997-01-07,L000550,Mary L. Landrieu,LA,2,Democratic,Democrat,1955-11-23,41,45,41.1233
105,1997-01-07,L000261,Carl Levin,MI,2,Democratic,Democrat,1934-06-28,62,193,62.5288
105,1997-01-07,R000361,"John D. Rockefeller, IV",WV,2,Democratic,Democrat,1937-06-18,59,203,59.5562
105,1997-01-07,B000711,Barbara Boxer,CA,3,Democratic,Democrat,1940-11-11,56,57,56.1562
105,1997-01-07,C000542,Daniel Coats,IN,3,Republican,Republican,1943-05-16,53,236,53.6466
105,1997-01-07,M000702,Barbara A. Mikulski,MD,3,Democratic,Democrat,1936-07-20,60,171,60.4685
105,1997-01-07,R000146,Harry Reid,NV,3,Democratic,Democrat,1939-12-02,57,36,57.0986
105,1997-01-07,S001141,Jeff Sessions,AL,2,Republican,Republican,1946-12-24,50,14,50.0384
105,1997-01-07,C000567,Thad Cochran,MS,2,Republican,Republican,1937-12-07,59,31,59.0849
105,1997-01-07,M000303,John McCain,AZ,3,Republican,Republican,1936-08-29,60,131,60.3589
105,1997-01-07,K000352,Jon Kyl,AZ,1,Republican,Republican,1942-04-25,54,257,54.7041
105,1997-01-07,H000338,Orrin G. Hatch,UT,1,Republican,Republican,1934-03-22,62,291,62.7973
105,1997-01-07,E000285,Michael B. Enzi,WY,2,Republican,Republican,1944-02-01,52,341,52.9317
105,1997-01-07,R000307,Pat Roberts,KS,2,Republican,Republican,1936-04-20,60,262,60.7178
105,1997-01-07,L000174,Patrick J. Leahy,VT,3,Democratic,Democrat,1940-03-31,56,282,56.7726
105,1997-01-07,S000320,Richard C. Shelby,AL,3,Republican,Republican,1934-05-06,62,246,62.674
105,1997-01-07,I000024,James M. Inhofe,OK,2,Republican,Republican,1934-11-17,62,51,62.1397
105,1997-01-07,F000062,Dianne Feinstein,CA,1,Democratic,Democrat,1933-06-22,63,199,63.5452
106,1999-01-06,C001035,Susan M. Collins,ME,2,Republican,Republican,1952-12-07,46,30,46.0822
106,1999-01-06,D000563,Richard J. Durbin,IL,2,Democratic,Democrat,1944-11-21,54,46,54.126
106,1999-01-06,M000355,Mitch McConnell,KY,2,Republican,Republican,1942-02-20,56,320,56.8767
106,1999-01-06,R000122,Jack Reed,RI,2,Democratic,Democrat,1949-11-12,49,55,49.1507
106,1999-01-06,C000880,Mike Crapo,ID,3,Republican,Republican,1951-05-20,47,231,47.6329
106,1999-01-06,G000386,Chuck Grassley,IA,3,Republican,Republican,1933-09-17,65,111,65.3041
106,1999-01-06,M001111,Patty Murray,WA,3,Democratic,Democrat,1950-10-11,48,87,48.2384
106,1999-01-06,S000148,Charles E. Schumer,NY,3,Democratic,Democrat,1950-11-23,48,44,48.1205
106,1999-01-06,W000779,Ron Wyden,OR,3,Democratic,Democrat,1949-05-03,49,248,49.6795
106,1999-01-06,A000355,Spencer Abraham,MI,1,Republican,Republican,1952-06-12,46,208,46.5699
106,1999-01-06,A000356,John Ashcroft,MO,1,Republican,Republican,1942-05-09,56,242,56.663
106,1999-01-06,B000993,Richard H. Bryan,NV,1,Democratic,Democrat,1937-07-16,61,174,61.4767
106,1999-01-06,C000269,John Hubbard Chafee,RI,1,Republican,Republican,1922-10-22,76,76,76.2082
106,1999-01-06,G000333,T. Slade Gorton,WA,1,Republican,Republican,1928-01-08,70,363,70.9945
106,1999-01-06,G000367,Rod Grams,MN,1,Republican,Republican,1948-02-04,50,336,50.9205
106,1999-01-06,K000146,J. Robert Kerrey,NE,1,Democratic,Democrat,1943-08-27,55,132,55.3616
106,1999-01-06,M000019,Connie Mack,FL,1,Republican,Republican,1940-10-29,58,69,58.189
106,1999-01-06,M001054,Daniel Patrick Moynihan,NY,1,Democratic,Democrat,1927-03-16,71,296,71.811
106,1999-01-06,R000295,Charles S. Robb,VA,1,Democratic,Democrat,1939-06-26,59,194,59.5315
106,1999-01-06,R000460,William V. Roth,DE,1,Republican,Republican,1921-07-22,77,168,77.4603
106,1999-01-06,C001034,J. Maxwell Cleland,GA,2,Democratic,Democrat,1942-08-24,56,135,56.3699
106,1999-01-06,G000365,Phil Gramm,TX,2,Republican,Republican,1942-07-08,56,182,56.4986
106,1999-01-06,H000463,Jesse Helms,NC,2,Republican,Republican,1921-10-18,77,80,77.2192
106,1999-01-06,H001015,Tim Hutchinson,AR,2,Republican,Republican,1949-08-11,49,148,49.4055
106,1999-01-06,S000606,Robert Smith,NH,2,Republican,Republican,1941-03-30,57,282,57.7726
106,1999-01-06,T000457,Fred Thompson,TN,2,Republican,Republican,1942-08-19,56,140,56.3836
106,1999-01-06,T000254,J. Strom Thurmond,SC,2,Republican,Republican,1902-12-05,96,32,96.0877
106,1999-01-06,T000317,Robert Torricelli,NJ,2,Democratic,Democrat,1951-08-27,47,132,47.3616
106,1999-01-06,W000288,Paul David Wellstone,MN,2,Democratic,Democrat,1944-07-21,54,169,54.463
106,1999-01-06,B000780,John B. Breaux,LA,3,Democratic,Democrat,1944-03-01,54,311,54.8521
106,1999-01-06,C000077,Ben Nighthorse Campbell,CO,3,Republican,Republican,1933-04-13,65,268,65.7342
106,1999-01-06,C000813,Paul D. Coverdell,GA,3,Republican,Republican,1939-01-20,59,351,59.9616
106,1999-01-06,D000064,Thomas A. Daschle,SD,3,Democratic,Democrat,1947-12-09,51,28,51.0767
106,1999-01-06,E000286,John Reid Edwards,NC,3,Democratic,Democrat,1953-06-10,45,210,45.5753
106,1999-01-06,F000442,Peter G. Fitzgerald,IL,3,Republican,Republican,1960-10-20,38,78,38.2137
106,1999-01-06,G000352,Bob Graham,FL,3,Democratic,Democrat,1936-11-09,62,58,62.1589
106,1999-01-06,H000725,Ernest F. Hollings,SC,3,Democratic,Democrat,1922-01-01,77,5,77.0137
106,1999-01-06,M001085,Frank H. Murkowski,AK,3,Republican,Republican,1933-03-28,65,284,65.7781
106,1999-01-06,N000102,Don Nickles,OK,3,Republican,Republican,1948-12-06,50,31,50.0849
106,1999-01-06,B001126,Conrad Burns,MT,1,Republican,Republican,1935-01-25,63,346,63.9479
106,1999-01-06,D000294,Michael DeWine,OH,1,Republican,Republican,1947-01-05,52,1,52.0027
106,1999-01-06,F000439,William H. Frist,TN,1,Republican,Republican,1952-02-22,46,318,46.8712
106,1999-01-06,J000072,James M. Jeffords,VT,1,Republican,Republican,1934-05-11,64,240,64.6575
106,1999-01-06,S000059,Richard J. Santorum,PA,1,Republican,Republican,1958-05-10,40,241,40.6603
106,1999-01-06,S000064,Paul S. Sarbanes,MD,1,Democratic,Democrat,1933-02-03,65,337,65.9233
106,1999-01-06,A000109,Wayne A. Allard,CO,2,Republican,Republican,1943-12-02,55,35,55.0959
106,1999-01-06,C000858,Larry E. Craig,ID,2,Republican,Republican,1945-07-20,53,170,53.4658
106,1999-01-06,D000407,Pete V. Domenici,NM,2,Republican,Republican,1932-05-07,66,244,66.6685
106,1999-01-06,H001028,Charles T. Hagel,NE,2,Republican,Republican,1946-10-04,52,94,52.2575
106,1999-01-06,S001142,Gordon Harold Smith,OR,2,Republican,Republican,1952-05-25,46,226,46.6192
106,1999-01-06,S000888,Ted F. Stevens,AK,2,Republican,Republican,1923-11-18,75,49,75.1342
106,1999-01-06,W000154,John W. Warner,VA,2,Republican,Republican,1927-02-18,71,322,71.8822
106,1999-01-06,B001233,Evan Bayh,IN,3,Democratic,Democrat,1955-12-26,43,11,43.0301
106,1999-01-06,B000382,Robert F. Bennett,UT,3,Republican,Republican,1933-09-18,65,110,65.3014
106,1999-01-06,B000611,Christopher S. Bond,MO,3,Republican,Republican,1939-03-06,59,306,59.8384
106,1999-01-06,B000953,Samuel D. Brownback,KS,3,Republican,Republican,1956-09-12,42,116,42.3178
106,1999-01-06,B001066,Jim Bunning,KY,3,Republican,Republican,1931-10-23,67,75,67.2055
106,1999-01-06,D000388,Christopher J. Dodd,CT,3,Democratic,Democrat,1944-05-27,54,224,54.6137
106,1999-01-06,D000432,Byron L. Dorgan,ND,3,Democratic,Democrat,1942-05-14,56,237,56.6493
106,1999-01-06,F000061,Russell D. Feingold,WI,3,Democratic,Democrat,1953-03-02,45,310,45.8493
106,1999-01-06,G000445,Judd A. Gregg,NH,3,Republican,Republican,1947-02-14,51,326,51.8932
106,1999-01-06,L000035,Blanche Lambert Lincoln,AR,3,Democratic,Democrat,1960-09-30,38,98,38.2685
106,1999-01-06,S000709,Arlen Specter,PA,3,Republican,Republican,1930-02-12,68,328,68.8986
106,1999-01-06,V000126,George V. Voinovich,OH,3,Republican,Republican,1936-07-15,62,175,62.4795
106,1999-01-06,B001210,Robert C. Byrd,WV,1,Democratic,Democrat,1917-11-20,81,47,81.1288
106,1999-01-06,K000105,Edward M. Kennedy,MA,1,Democratic,Democrat,1932-02-22,66,318,66.8712
106,1999-01-06,L000447,Trent Lott,MS,1,Republican,Republican,1941-10-09,57,89,57.2438
106,1999-01-06,T000162,Craig Thomas,WY,1,Republican,Republican,1933-02-17,65,323,65.8849
106,1999-01-06,B000444,Joseph R. Biden,DE,2,Democratic,Democrat,1942-11-20,56,47,56.1288
106,1999-01-06,I000025,Daniel K. Inouye,HI,3,Democratic,Democrat,1924-09-07,74,121,74.3315
106,1999-01-06,A000069,Daniel K. Akaka,HI,1,Democratic,Democrat,1924-09-11,74,117,74.3205
106,1999-01-06,B000468,Jeff Bingaman,NM,1,Democratic,Democrat,1943-10-03,55,95,55.2603
106,1999-01-06,C000705,Kent Conrad,ND,1,Democratic,Democrat,1948-03-12,50,300,50.8219
106,1999-01-06,H001016,Kay Bailey Hutchison,TX,1,Republican,Republican,1943-07-22,55,168,55.4603
106,1999-01-06,K000305,Herb Kohl,WI,1,Democratic,Democrat,1935-02-07,63,333,63.9123
106,1999-01-06,L000304,Joseph I. Lieberman,CT,1,Democratic,Democrat,1942-02-24,56,316,56.8658
106,1999-01-06,L000504,Richard G. Lugar,IN,1,Republican,Republican,1932-04-04,66,277,66.7589
106,1999-01-06,S000663,Olympia J. Snowe,ME,1,Republican,Republican,1947-02-21,51,319,51.874
106,1999-01-06,K000148,John F. Kerry,MA,2,Democratic,Democrat,1943-12-11,55,26,55.0712
106,1999-01-06,L000123,Frank R. Lautenberg,NJ,1,Democratic,Democrat,1924-01-23,74,348,74.9534
106,1999-01-06,B000243,Max Baucus,MT,2,Democratic,Democrat,1941-12-11,57,26,57.0712
106,1999-01-06,H000206,Tom Harkin,IA,2,Democratic,Democrat,1939-11-19,59,48,59.1315
106,1999-01-06,J000177,Tim Johnson,SD,2,Democratic,Democrat,1946-12-28,52,9,52.0247
106,1999-01-06,L000550,Mary L. Landrieu,LA,2,Democratic,Democrat,1955-11-23,43,44,43.1205
106,1999-01-06,L000261,Carl Levin,MI,2,Democratic,Democrat,1934-06-28,64,192,64.526
106,1999-01-06,R000361,"John D. Rockefeller, IV",WV,2,Democratic,Democrat,1937-06-18,61,202,61.5534
106,1999-01-06,B000711,Barbara Boxer,CA,3,Democratic,Democrat,1940-11-11,58,56,58.1534
106,1999-01-06,M000702,Barbara A. Mikulski,MD,3,Democratic,Democrat,1936-07-20,62,170,62.4658
106,1999-01-06,R000146,Harry Reid,NV,3,Democratic,Democrat,1939-12-02,59,35,59.0959
106,1999-01-06,S001141,Jeff Sessions,AL,2,Republican,Republican,1946-12-24,52,13,52.0356
106,1999-01-06,C000567,Thad Cochran,MS,2,Republican,Republican,1937-12-07,61,30,61.0822
106,1999-01-06,M000303,John McCain,AZ,3,Republican,Republican,1936-08-29,62,130,62.3562
106,1999-01-06,K000352,Jon Kyl,AZ,1,Republican,Republican,1942-04-25,56,256,56.7014
106,1999-01-06,H000338,Orrin G. Hatch,UT,1,Republican,Republican,1934-03-22,64,290,64.7945
106,1999-01-06,E000285,Michael B. Enzi,WY,2,Republican,Republican,1944-02-01,54,339,54.9288
106,1999-01-06,R000307,Pat Roberts,KS,2,Republican,Republican,1936-04-20,62,261,62.7151
106,1999-01-06,L000174,Patrick J. Leahy,VT,3,Democratic,Democrat,1940-03-31,58,281,58.7699
106,1999-01-06,S000320,Richard C. Shelby,AL,3,Republican,Republican,1934-05-06,64,245,64.6712
106,1999-01-06,I000024,James M. Inhofe,OK,2,Republican,Republican,1934-11-17,64,50,64.137
106,1999-01-06,F000062,Dianne Feinstein,CA,1,Democratic,Democrat,1933-06-22,65,198,65.5425
107,2001-01-03,C000127,Maria Cantwell,WA,1,Democratic,Democrat,1958-10-13,42,82,42.2247
107,2001-01-03,C001035,Susan M. Collins,ME,2,Republican,Republican,1952-12-07,48,27,48.074
107,2001-01-03,D000563,Richard J. Durbin,IL,2,Democratic,Democrat,1944-11-21,56,43,56.1178
107,2001-01-03,M000355,Mitch McConnell,KY,2,Republican,Republican,1942-02-20,58,318,58.8689
107,2001-01-03,R000122,Jack Reed,RI,2,Democratic,Democrat,1949-11-12,51,52,51.1425
107,2001-01-03,C000880,Mike Crapo,ID,3,Republican,Republican,1951-05-20,49,228,49.6247
107,2001-01-03,G000386,Chuck Grassley,IA,3,Republican,Republican,1933-09-17,67,108,67.2959
107,2001-01-03,M001111,Patty Murray,WA,3,Democratic,Democrat,1950-10-11,50,84,50.2301
107,2001-01-03,S000148,Charles E. Schumer,NY,3,Democratic,Democrat,1950-11-23,50,41,50.1123
107,2001-01-03,W000779,Ron Wyden,OR,3,Democratic,Democrat,1949-05-03,51,245,51.6712
107,2001-01-03,C001034,J. Maxwell Cleland,GA,2,Democratic,Democrat,1942-08-24,58,132,58.3616
107,2001-01-03,G000365,Phil Gramm,TX,2,Republican,Republican,1942-07-08,58,179,58.4904
107,2001-01-03,H000463,Jesse Helms,NC,2,Republican,Republican,1921-10-18,79,77,79.211
107,2001-01-03,H001015,Tim Hutchinson,AR,2,Republican,Republican,1949-08-11,51,145,51.3973
107,2001-01-03,S000606,Robert Smith,NH,2,Republican,Republican,1941-03-30,59,279,59.7644
107,2001-01-03,T000457,Fred Thompson,TN,2,Republican,Republican,1942-08-19,58,137,58.3753
107,2001-01-03,T000254,J. Strom Thurmond,SC,2,Republican,Republican,1902-12-05,98,29,98.0795
107,2001-01-03,T000317,Robert Torricelli,NJ,2,Democratic,Democrat,1951-08-27,49,129,49.3534
107,2001-01-03,W000288,Paul David Wellstone,MN,2,Democratic,Democrat,1944-07-21,56,166,56.4548
107,2001-01-03,B000780,John B. Breaux,LA,3,Democratic,Democrat,1944-03-01,56,308,56.8438
107,2001-01-03,C000077,Ben Nighthorse Campbell,CO,3,Republican,Republican,1933-04-13,67,265,67.726
107,2001-01-03,D000064,Thomas A. Daschle,SD,3,Democratic,Democrat,1947-12-09,53,25,53.0685
107,2001-01-03,E000286,John Reid Edwards,NC,3,Democratic,Democrat,1953-06-10,47,207,47.5671
107,2001-01-03,F000442,Peter G. Fitzgerald,IL,3,Republican,Republican,1960-10-20,40,75,40.2055
107,2001-01-03,G000352,Bob Graham,FL,3,Democratic,Democrat,1936-11-09,64,55,64.1507
107,2001-01-03,H000725,Ernest F. Hollings,SC,3,Democratic,Democrat,1922-01-01,79,2,79.0055
107,2001-01-03,M001085,Frank H. Murkowski,AK,3,Republican,Republican,1933-03-28,67,281,67.7699
107,2001-01-03,N000102,Don Nickles,OK,3,Republican,Republican,1948-12-06,52,28,52.0767
107,2001-01-03,M001141,Zell Bryan Miller,GA,3,Democratic,Democrat,1932-02-24,68,314,68.8579
107,2001-01-03,A000121,George Felix Allen,VA,1,Republican,Republican,1952-03-08,48,301,48.8247
107,2001-01-03,B001126,Conrad Burns,MT,1,Republican,Republican,1935-01-25,65,344,65.9399
107,2001-01-03,C001043,Jean Carnahan,MO,1,Democratic,Democrat,1933-12-20,67,14,67.0384
107,2001-01-03,C001040,Lincoln D. Chafee,RI,1,Republican,Republican,1953-03-26,47,283,47.7753
107,2001-01-03,C001042,Jon Stevens Corzine,NJ,1,Democratic,Democrat,1947-01-01,54,2,54.0055
107,2001-01-03,D000596,Mark Dayton,MN,1,Democratic,Democrat,1947-01-26,53,343,53.9372
107,2001-01-03,D000294,Michael DeWine,OH,1,Republican,Republican,1947-01-05,53,364,53.9945
107,2001-01-03,F000439,William H. Frist,TN,1,Republican,Republican,1952-02-22,48,316,48.8634
107,2001-01-03,J000072,James M. Jeffords,VT,1,Other,Independent,1934-05-11,66,237,66.6493
107,2001-01-03,S000059,Richard J. Santorum,PA,1,Republican,Republican,1958-05-10,42,238,42.6521
107,2001-01-03,S000064,Paul S. Sarbanes,MD,1,Democratic,Democrat,1933-02-03,67,335,67.9153
107,2001-01-03,A000109,Wayne A. Allard,CO,2,Republican,Republican,1943-12-02,57,32,57.0877
107,2001-01-03,C000858,Larry E. Craig,ID,2,Republican,Republican,1945-07-20,55,167,55.4575
107,2001-01-03,D000407,Pete V. Domenici,NM,2,Republican,Republican,1932-05-07,68,241,68.6603
107,2001-01-03,H001028,Charles T. Hagel,NE,2,Republican,Republican,1946-10-04,54,91,54.2493
107,2001-01-03,S001142,Gordon Harold Smith,OR,2,Republican,Republican,1952-05-25,48,223,48.611
107,2001-01-03,S000888,Ted F. Stevens,AK,2,Republican,Republican,1923-11-18,77,46,77.126
107,2001-01-03,W000154,John W. Warner,VA,2,Republican,Republican,1927-02-18,73,320,73.8743
107,2001-01-03,B001233,Evan Bayh,IN,3,Democratic,Democrat,1955-12-26,45,8,45.0219
107,2001-01-03,B000382,Robert F. Bennett,UT,3,Republican,Republican,1933-09-18,67,107,67.2932
107,2001-01-03,B000611,Christopher S. Bond,MO,3,Republican,Republican,1939-03-06,61,303,61.8301
107,2001-01-03,B000953,Samuel D. Brownback,KS,3,Republican,Republican,1956-09-12,44,113,44.3096
107,2001-01-03,B001066,Jim Bunning,KY,3,Republican,Republican,1931-10-23,69,72,69.1973
107,2001-01-03,D000388,Christopher J. Dodd,CT,3,Democratic,Democrat,1944-05-27,56,221,56.6055
107,2001-01-03,D000432,Byron L. Dorgan,ND,3,Democratic,Democrat,1942-05-14,58,234,58.6411
107,2001-01-03,F000061,Russell D. Feingold,WI,3,Democratic,Democrat,1953-03-02,47,307,47.8411
107,2001-01-03,G000445,Judd A. Gregg,NH,3,Republican,Republican,1947-02-14,53,324,53.8852
107,2001-01-03,L000035,Blanche Lambert Lincoln,AR,3,Democratic,Democrat,1960-09-30,40,95,40.2603
107,2001-01-03,S000709,Arlen Specter,PA,3,Republican,Republican,1930-02-12,70,326,70.8907
107,2001-01-03,V000126,George V. Voinovich,OH,3,Republican,Republican,1936-07-15,64,172,64.4712
107,2001-01-03,B001210,Robert C. Byrd,WV,1,Democratic,Democrat,1917-11-20,83,44,83.1205
107,2001-01-03,C001041,Hillary Rodham Clinton,NY,1,Democratic,Democrat,1947-10-26,53,69,53.189
107,2001-01-03,E000194,John Eric Ensign,NV,1,Republican,Republican,1958-03-25,42,284,42.7781
107,2001-01-03,K000105,Edward M. Kennedy,MA,1,Democratic,Democrat,1932-02-22,68,316,68.8634
107,2001-01-03,L000447,Trent Lott,MS,1,Republican,Republican,1941-10-09,59,86,59.2356
107,2001-01-03,T000162,Craig Thomas,WY,1,Republican,Republican,1933-02-17,67,321,67.877
107,2001-01-03,B000444,Joseph R. Biden,DE,2,Democratic,Democrat,1942-11-20,58,44,58.1205
107,2001-01-03,I000025,Daniel K. Inouye,HI,3,Democratic,Democrat,1924-09-07,76,118,76.3233
107,2001-01-03,A000069,Daniel K. Akaka,HI,1,Democratic,Democrat,1924-09-11,76,114,76.3123
107,2001-01-03,B000468,Jeff Bingaman,NM,1,Democratic,Democrat,1943-10-03,57,92,57.2521
107,2001-01-03,C000705,Kent Conrad,ND,1,Democratic,Democrat,1948-03-12,52,297,52.8137
107,2001-01-03,H001016,Kay Bailey Hutchison,TX,1,Republican,Republican,1943-07-22,57,165,57.4521
107,2001-01-03,K000305,Herb Kohl,WI,1,Democratic,Democrat,1935-02-07,65,331,65.9044
107,2001-01-03,L000304,Joseph I. Lieberman,CT,1,Democratic,Democrat,1942-02-24,58,314,58.8579
107,2001-01-03,L000504,Richard G. Lugar,IN,1,Republican,Republican,1932-04-04,68,274,68.7507
107,2001-01-03,N000180,Ben Nelson,NE,1,Democratic,Democrat,1941-05-17,59,231,59.6329
107,2001-01-03,S000663,Olympia J. Snowe,ME,1,Republican,Republican,1947-02-21,53,317,53.8661
107,2001-01-03,K000148,John F. Kerry,MA,2,Democratic,Democrat,1943-12-11,57,23,57.063
107,2001-01-03,B000243,Max Baucus,MT,2,Democratic,Democrat,1941-12-11,59,23,59.063
107,2001-01-03,H000206,Tom Harkin,IA,2,Democratic,Democrat,1939-11-19,61,45,61.1233
107,2001-01-03,J000177,Tim Johnson,SD,2,Democratic,Democrat,1946-12-28,54,6,54.0164
107,2001-01-03,L000550,Mary L. Landrieu,LA,2,Democratic,Democrat,1955-11-23,45,41,45.1123
107,2001-01-03,L000261,Carl Levin,MI,2,Democratic,Democrat,1934-06-28,66,189,66.5178
107,2001-01-03,R000361,"John D. Rockefeller, IV",WV,2,Democratic,Democrat,1937-06-18,63,199,63.5452
107,2001-01-03,B000711,Barbara Boxer,CA,3,Democratic,Democrat,1940-11-11,60,53,60.1452
107,2001-01-03,M000702,Barbara A. Mikulski,MD,3,Democratic,Democrat,1936-07-20,64,167,64.4575
107,2001-01-03,R000146,Harry Reid,NV,3,Democratic,Democrat,1939-12-02,61,32,61.0877
107,2001-01-03,S001141,Jeff Sessions,AL,2,Republican,Republican,1946-12-24,54,10,54.0274
107,2001-01-03,C000567,Thad Cochran,MS,2,Republican,Republican,1937-12-07,63,27,63.074
107,2001-01-03,M000303,John McCain,AZ,3,Republican,Republican,1936-08-29,64,127,64.3479
107,2001-01-03,K000352,Jon Kyl,AZ,1,Republican,Republican,1942-04-25,58,253,58.6932
107,2001-01-03,H000338,Orrin G. Hatch,UT,1,Republican,Republican,1934-03-22,66,287,66.7863
107,2001-01-03,N000032,Bill Nelson,FL,1,Democratic,Democrat,1942-09-29,58,96,58.263
107,2001-01-03,E000285,Michael B. Enzi,WY,2,Republican,Republican,1944-02-01,56,337,56.9208
107,2001-01-03,R000307,Pat Roberts,KS,2,Republican,Republican,1936-04-20,64,258,64.7068
107,2001-01-03,L000174,Patrick J. Leahy,VT,3,Democratic,Democrat,1940-03-31,60,278,60.7616
107,2001-01-03,S000320,Richard C. Shelby,AL,3,Republican,Republican,1934-05-06,66,242,66.663
107,2001-01-03,I000024,James M. Inhofe,OK,2,Republican,Republican,1934-11-17,66,47,66.1288
107,2001-01-03,F000062,Dianne Feinstein,CA,1,Democratic,Democrat,1933-06-22,67,195,67.5342
107,2001-01-03,C000174,Thomas R. Carper,DE,1,Democratic,Democrat,1947-01-23,53,346,53.9454
107,2001-01-03,S000770,Debbie Stabenow,MI,1,Democratic,Democrat,1950-04-29,50,249,50.6822
108,2003-01-07,C000127,Maria Cantwell,WA,1,Democratic,Democrat,1958-10-13,44,86,44.2356
108,2003-01-07,C001035,Susan M. Collins,ME,2,Republican,Republican,1952-12-07,50,31,50.0849
108,2003-01-07,C001056,John Cornyn,TX,2,Republican,Republican,1952-02-02,50,339,50.9288
108,2003-01-07,D000563,Richard J. Durbin,IL,2,Democratic,Democrat,1944-11-21,58,47,58.1288
108,2003-01-07,M000355,Mitch McConnell,KY,2,Republican,Republican,1942-02-20,60,321,60.8795
108,2003-01-07,R000122,Jack Reed,RI,2,Democratic,Democrat,1949-11-12,53,56,53.1534
108,2003-01-07,C000880,Mike Crapo,ID,3,Republican,Republican,1951-05-20,51,232,51.6356
108,2003-01-07,G000386,Chuck Grassley,IA,3,Republican,Republican,1933-09-17,69,112,69.3068
108,2003-01-07,M001153,Lisa Murkowski,AK,3,Republican,Republican,1957-05-22,45,230,45.6301
108,2003-01-07,M001111,Patty Murray,WA,3,Democratic,Democrat,1950-10-11,52,88,52.2411
108,2003-01-07,S000148,Charles E. Schumer,NY,3,Democratic,Democrat,1950-11-23,52,45,52.1233
108,2003-01-07,W000779,Ron Wyden,OR,3,Democratic,Democrat,1949-05-03,53,249,53.6822
108,2003-01-07,B000780,John B. Breaux,LA,3,Democratic,Democrat,1944-03-01,58,312,58.8548
108,2003-01-07,C000077,Ben Nighthorse Campbell,CO,3,Republican,Republican,1933-04-13,69,269,69.737
108,2003-01-07,D000064,Thomas A. Daschle,SD,3,Democratic,Democrat,1947-12-09,55,29,55.0795
108,2003-01-07,E000286,John Reid Edwards,NC,3,Democratic,Democrat,1953-06-10,49,211,49.5781
108,2003-01-07,F000442,Peter G. Fitzgerald,IL,3,Republican,Republican,1960-10-20,42,79,42.2164
108,2003-01-07,G000352,Bob Graham,FL,3,Democratic,Democrat,1936-11-09,66,59,66.1616
108,2003-01-07,H000725,Ernest F. Hollings,SC,3,Democratic,Democrat,1922-01-01,81,6,81.0164
108,2003-01-07,N000102,Don Nickles,OK,3,Republican,Republican,1948-12-06,54,32,54.0877
108,2003-01-07,M001141,Zell Bryan Miller,GA,3,Democratic,Democrat,1932-02-24,70,317,70.8685
108,2003-01-07,A000121,George Felix Allen,VA,1,Republican,Republican,1952-03-08,50,305,50.8356
108,2003-01-07,B001126,Conrad Burns,MT,1,Republican,Republican,1935-01-25,67,347,67.9507
108,2003-01-07,C001040,Lincoln D. Chafee,RI,1,Republican,Republican,1953-03-26,49,287,49.7863
108,2003-01-07,C001042,Jon Stevens Corzine,NJ,1,Democratic,Democrat,1947-01-01,56,6,56.0164
108,2003-01-07,D000596,Mark Dayton,MN,1,Democratic,Democrat,1947-01-26,55,346,55.9479
108,2003-01-07,D000294,Michael DeWine,OH,1,Republican,Republican,1947-01-05,56,2,56.0055
108,2003-01-07,F000439,William H. Frist,TN,1,Republican,Republican,1952-02-22,50,319,50.874
108,2003-01-07,J000072,James M. Jeffords,VT,1,Other,Independent,1934-05-11,68,241,68.6603
108,2003-01-07,S000059,Richard J. Santorum,PA,1,Republican,Republican,1958-05-10,44,242,44.663
108,2003-01-07,S000064,Paul S. Sarbanes,MD,1,Democratic,Democrat,1933-02-03,69,338,69.926
108,2003-01-07,T000024,James M. Talent,MO,1,Republican,Republican,1956-10-18,46,81,46.2219
108,2003-01-07,A000109,Wayne A. Allard,CO,2,Republican,Republican,1943-12-02,59,36,59.0986
108,2003-01-07,C001057,Norm Coleman,MN,2,Republican,Republican,1949-08-17,53,143,53.3918
108,2003-01-07,C000858,Larry E. Craig,ID,2,Republican,Republican,1945-07-20,57,171,57.4685
108,2003-01-07,D000601,Elizabeth H. Dole,NC,2,Republican,Republican,1936-07-29,66,162,66.4438
108,2003-01-07,D000407,Pete V. Domenici,NM,2,Republican,Republican,1932-05-07,70,245,70.6712
108,2003-01-07,H001028,Charles T. Hagel,NE,2,Republican,Republican,1946-10-04,56,95,56.2603
108,2003-01-07,S001142,Gordon Harold Smith,OR,2,Republican,Republican,1952-05-25,50,227,50.6219
108,2003-01-07,S000888,Ted F. Stevens,AK,2,Republican,Republican,1923-11-18,79,50,79.137
108,2003-01-07,S001078,John E. Sununu,NH,2,Republican,Republican,1964-09-10,38,119,38.326
108,2003-01-07,W000154,John W. Warner,VA,2,Republican,Republican,1927-02-18,75,323,75.8849
108,2003-01-07,B001233,Evan Bayh,IN,3,Democratic,Democrat,1955-12-26,47,12,47.0329
108,2003-01-07,B000382,Robert F. Bennett,UT,3,Republican,Republican,1933-09-18,69,111,69.3041
108,2003-01-07,B000611,Christopher S. Bond,MO,3,Republican,Republican,1939-03-06,63,307,63.8411
108,2003-01-07,B000953,Samuel D. Brownback,KS,3,Republican,Republican,1956-09-12,46,117,46.3205
108,2003-01-07,B001066,Jim Bunning,KY,3,Republican,Republican,1931-10-23,71,76,71.2082
108,2003-01-07,D000388,Christopher J. Dodd,CT,3,Democratic,Democrat,1944-05-27,58,225,58.6164
108,2003-01-07,D000432,Byron L. Dorgan,ND,3,Democratic,Democrat,1942-05-14,60,238,60.6521
108,2003-01-07,F000061,Russell D. Feingold,WI,3,Democratic,Democrat,1953-03-02,49,311,49.8521
108,2003-01-07,G000445,Judd A. Gregg,NH,3,Republican,Republican,1947-02-14,55,327,55.8959
108,2003-01-07,L000035,Blanche Lambert Lincoln,AR,3,Democratic,Democrat,1960-09-30,42,99,42.2712
108,2003-01-07,S000709,Arlen Specter,PA,3,Republican,Republican,1930-02-12,72,329,72.9014
108,2003-01-07,V000126,George V. Voinovich,OH,3,Republican,Republican,1936-07-15,66,176,66.4822
108,2003-01-07,B001210,Robert C. Byrd,WV,1,Democratic,Democrat,1917-11-20,85,48,85.1315
108,2003-01-07,C001041,Hillary Rodham Clinton,NY,1,Democratic,Democrat,1947-10-26,55,73,55.2
108,2003-01-07,E000194,John Eric Ensign,NV,1,Republican,Republican,1958-03-25,44,288,44.789
108,2003-01-07,K000105,Edward M. Kennedy,MA,1,Democratic,Democrat,1932-02-22,70,319,70.874
108,2003-01-07,L000447,Trent Lott,MS,1,Republican,Republican,1941-10-09,61,90,61.2466
108,2003-01-07,T000162,Craig Thomas,WY,1,Republican,Republican,1933-02-17,69,324,69.8877
108,2003-01-07,B000444,Joseph R. Biden,DE,2,Democratic,Democrat,1942-11-20,60,48,60.1315
108,2003-01-07,I000025,Daniel K. Inouye,HI,3,Democratic,Democrat,1924-09-07,78,122,78.3342
108,2003-01-07,A000069,Daniel K. Akaka,HI,1,Democratic,Democrat,1924-09-11,78,118,78.3233
108,2003-01-07,B000468,Jeff Bingaman,NM,1,Democratic,Democrat,1943-10-03,59,96,59.263
108,2003-01-07,C000705,Kent Conrad,ND,1,Democratic,Democrat,1948-03-12,54,301,54.8247
108,2003-01-07,H001016,Kay Bailey Hutchison,TX,1,Republican,Republican,1943-07-22,59,169,59.463
108,2003-01-07,K000305,Herb Kohl,WI,1,Democratic,Democrat,1935-02-07,67,334,67.9151
108,2003-01-07,L000304,Joseph I. Lieberman,CT,1,Democratic,Democrat,1942-02-24,60,317,60.8685
108,2003-01-07,L000504,Richard G. Lugar,IN,1,Republican,Republican,1932-04-04,70,278,70.7616
108,2003-01-07,N000180,Ben Nelson,NE,1,Democratic,Democrat,1941-05-17,61,235,61.6438
108,2003-01-07,S000663,Olympia J. Snowe,ME,1,Republican,Republican,1947-02-21,55,320,55.8767
108,2003-01-07,K000148,John F. Kerry,MA,2,Democratic,Democrat,1943-12-11,59,27,59.074
108,2003-01-07,L000123,Frank R. Lautenberg,NJ,2,Democratic,Democrat,1924-01-23,78,349,78.9562
108,2003-01-07,B000243,Max Baucus,MT,2,Democratic,Democrat,1941-12-11,61,27,61.074
108,2003-01-07,C000286,Saxby Chambliss,GA,2,Republican,Republican,1943-11-10,59,58,59.1589
108,2003-01-07,H000206,Tom Harkin,IA,2,Democratic,Democrat,1939-11-19,63,49,63.1342
108,2003-01-07,J000177,Tim Johnson,SD,2,Democratic,Democrat,1946-12-28,56,10,56.0274
108,2003-01-07,L000550,Mary L. Landrieu,LA,2,Democratic,Democrat,1955-11-23,47,45,47.1233
108,2003-01-07,L000261,Carl Levin,MI,2,Democratic,Democrat,1934-06-28,68,193,68.5288
108,2003-01-07,P000590,Mark L. Pryor,AR,2,Democratic,Democrat,1963-01-10,39,362,39.9918
108,2003-01-07,R000361,"John D. Rockefeller, IV",WV,2,Democratic,Democrat,1937-06-18,65,203,65.5562
108,2003-01-07,B000711,Barbara Boxer,CA,3,Democratic,Democrat,1940-11-11,62,57,62.1562
108,2003-01-07,M000702,Barbara A. Mikulski,MD,3,Democratic,Democrat,1936-07-20,66,171,66.4685
108,2003-01-07,R000146,Harry Reid,NV,3,Democratic,Democrat,1939-12-02,63,36,63.0986
108,2003-01-07,S001141,Jeff Sessions,AL,2,Republican,Republican,1946-12-24,56,14,56.0384
108,2003-01-07,C000567,Thad Cochran,MS,2,Republican,Republican,1937-12-07,65,31,65.0849
108,2003-01-07,M000303,John McCain,AZ,3,Republican,Republican,1936-08-29,66,131,66.3589
108,2003-01-07,K000352,Jon Kyl,AZ,1,Republican,Republican,1942-04-25,60,257,60.7041
108,2003-01-07,H000338,Orrin G. Hatch,UT,1,Republican,Republican,1934-03-22,68,291,68.7973
108,2003-01-07,N000032,Bill Nelson,FL,1,Democratic,Democrat,1942-09-29,60,100,60.274
108,2003-01-07,A000360,Lamar Alexander,TN,2,Republican,Republican,1940-07-03,62,188,62.5151
108,2003-01-07,E000285,Michael B. Enzi,WY,2,Republican,Republican,1944-02-01,58,340,58.9315
108,2003-01-07,R000307,Pat Roberts,KS,2,Republican,Republican,1936-04-20,66,262,66.7178
108,2003-01-07,L000174,Patrick J. Leahy,VT,3,Democratic,Democrat,1940-03-31,62,282,62.7726
108,2003-01-07,S000320,Richard C. Shelby,AL,3,Republican,Republican,1934-05-06,68,246,68.674
108,2003-01-07,I000024,James M. Inhofe,OK,2,Republican,Republican,1934-11-17,68,51,68.1397
108,2003-01-07,F000062,Dianne Feinstein,CA,1,Democratic,Democrat,1933-06-22,69,199,69.5452
108,2003-01-07,C000174,Thomas R. Carper,DE,1,Democratic,Democrat,1947-01-23,55,349,55.9562
108,2003-01-07,S000770,Debbie Stabenow,MI,1,Democratic,Democrat,1950-04-29,52,253,52.6932
108,2003-01-07,G000359,Lindsey Graham,SC,2,Republican,Republican,1955-07-09,47,182,47.4986
109,2005-01-04,C000127,Maria Cantwell,WA,1,Democratic,Democrat,1958-10-13,46,83,46.2274
109,2005-01-04,C001035,Susan M. Collins,ME,2,Republican,Republican,1952-12-07,52,28,52.0767
109,2005-01-04,C001056,John Cornyn,TX,2,Republican,Republican,1952-02-02,52,337,52.9208
109,2005-01-04,D000563,Richard J. Durbin,IL,2,Democratic,Democrat,1944-11-21,60,44,60.1205
109,2005-01-04,M000355,Mitch McConnell,KY,2,Republican,Republican,1942-02-20,62,319,62.8716
109,2005-01-04,R000122,Jack Reed,RI,2,Democratic,Democrat,1949-11-12,55,53,55.1452
109,2005-01-04,C000880,Mike Crapo,ID,3,Republican,Republican,1951-05-20,53,229,53.6274
109,2005-01-04,G000386,Chuck Grassley,IA,3,Republican,Republican,1933-09-17,71,109,71.2986
109,2005-01-04,M001153,Lisa Murkowski,AK,3,Republican,Republican,1957-05-22,47,227,47.6219
109,2005-01-04,M001111,Patty Murray,WA,3,Democratic,Democrat,1950-10-11,54,85,54.2329
109,2005-01-04,S000148,Charles E. Schumer,NY,3,Democratic,Democrat,1950-11-23,54,42,54.1151
109,2005-01-04,T000250,John Thune,SD,3,Republican,Republican,1961-01-07,43,363,43.9918
109,2005-01-04,W000779,Ron Wyden,OR,3,Democratic,Democrat,1949-05-03,55,246,55.674
109,2005-01-04,A000121,George Felix Allen,VA,1,Republican,Republican,1952-03-08,52,302,52.8274
109,2005-01-04,B001126,Conrad Burns,MT,1,Republican,Republican,1935-01-25,69,345,69.9426
109,2005-01-04,C001040,Lincoln D. Chafee,RI,1,Republican,Republican,1953-03-26,51,284,51.7781
109,2005-01-04,C001042,Jon Stevens Corzine,NJ,1,Democratic,Democrat,1947-01-01,58,3,58.0082
109,2005-01-04,D000596,Mark Dayton,MN,1,Democratic,Democrat,1947-01-26,57,344,57.9399
109,2005-01-04,D000294,Michael DeWine,OH,1,Republican,Republican,1947-01-05,57,365,57.9973
109,2005-01-04,F000439,William H. Frist,TN,1,Republican,Republican,1952-02-22,52,317,52.8661
109,2005-01-04,J000072,James M. Jeffords,VT,1,Other,Independent,1934-05-11,70,238,70.6521
109,2005-01-04,S000059,Richard J. Santorum,PA,1,Republican,Republican,1958-05-10,46,239,46.6548
109,2005-01-04,S000064,Paul S. Sarbanes,MD,1,Democratic,Democrat,1933-02-03,71,336,71.918
109,2005-01-04,T000024,James M. Talent,MO,1,Republican,Republican,1956-10-18,48,78,48.2137
109,2005-01-04,A000109,Wayne A. Allard,CO,2,Republican,Republican,1943-12-02,61,33,61.0904
109,2005-01-04,C001057,Norm Coleman,MN,2,Republican,Republican,1949-08-17,55,140,55.3836
109,2005-01-04,C000858,Larry E. Craig,ID,2,Republican,Republican,1945-07-20,59,168,59.4603
109,2005-01-04,D000601,Elizabeth H. Dole,NC,2,Republican,Republican,1936-07-29,68,159,68.4356
109,2005-01-04,D000407,Pete V. Domenici,NM,2,Republican,Republican,1932-05-07,72,242,72.663
109,2005-01-04,H001028,Charles T. Hagel,NE,2,Republican,Republican,1946-10-04,58,92,58.2521
109,2005-01-04,S001142,Gordon Harold Smith,OR,2,Republican,Republican,1952-05-25,52,224,52.6137
109,2005-01-04,S000888,Ted F. Stevens,AK,2,Republican,Republican,1923-11-18,81,47,81.1288
109,2005-01-04,S001078,John E. Sununu,NH,2,Republican,Republican,1964-09-10,40,116,40.3178
109,2005-01-04,W000154,John W. Warner,VA,2,Republican,Republican,1927-02-18,77,321,77.877
109,2005-01-04,B001233,Evan Bayh,IN,3,Democratic,Democrat,1955-12-26,49,9,49.0247
109,2005-01-04,B000382,Robert F. Bennett,UT,3,Republican,Republican,1933-09-18,71,108,71.2959
109,2005-01-04,B000611,Christopher S. Bond,MO,3,Republican,Republican,1939-03-06,65,304,65.8329
109,2005-01-04,B000953,Samuel D. Brownback,KS,3,Republican,Republican,1956-09-12,48,114,48.3123
109,2005-01-04,B001066,Jim Bunning,KY,3,Republican,Republican,1931-10-23,73,73,73.2
109,2005-01-04,D000388,Christopher J. Dodd,CT,3,Democratic,Democrat,1944-05-27,60,222,60.6082
109,2005-01-04,D000432,Byron L. Dorgan,ND,3,Democratic,Democrat,1942-05-14,62,235,62.6438
109,2005-01-04,F000061,Russell D. Feingold,WI,3,Democratic,Democrat,1953-03-02,51,308,51.8438
109,2005-01-04,G000445,Judd A. Gregg,NH,3,Republican,Republican,1947-02-14,57,325,57.888
109,2005-01-04,L000035,Blanche Lambert Lincoln,AR,3,Democratic,Democrat,1960-09-30,44,96,44.263
109,2005-01-04,M001162,Mel Martinez,FL,3,Republican,Republican,1946-10-23,58,73,58.2
109,2005-01-04,S001163,Ken Salazar,CO,3,Democratic,Democrat,1955-03-02,49,308,49.8438
109,2005-01-04,S000709,Arlen Specter,PA,3,Democratic,Democrat,1930-02-12,74,327,74.8934
109,2005-01-04,V000126,George V. Voinovich,OH,3,Republican,Republican,1936-07-15,68,173,68.474
109,2005-01-04,B001210,Robert C. Byrd,WV,1,Democratic,Democrat,1917-11-20,87,45,87.1233
109,2005-01-04,C001041,Hillary Rodham Clinton,NY,1,Democratic,Democrat,1947-10-26,57,70,57.1918
109,2005-01-04,E000194,John Eric Ensign,NV,1,Republican,Republican,1958-03-25,46,285,46.7808
109,2005-01-04,K000105,Edward M. Kennedy,MA,1,Democratic,Democrat,1932-02-22,72,317,72.8661
109,2005-01-04,L000447,Trent Lott,MS,1,Republican,Republican,1941-10-09,63,87,63.2384
109,2005-01-04,T000162,Craig Thomas,WY,1,Republican,Republican,1933-02-17,71,322,71.8798
109,2005-01-04,B000444,Joseph R. Biden,DE,2,Democratic,Democrat,1942-11-20,62,45,62.1233
109,2005-01-04,O000167,Barack Obama,IL,3,Democratic,Democrat,1961-08-04,43,153,43.4192
109,2005-01-04,I000025,Daniel K. Inouye,HI,3,Democratic,Democrat,1924-09-07,80,119,80.326
109,2005-01-04,A000069,Daniel K. Akaka,HI,1,Democratic,Democrat,1924-09-11,80,115,80.3151
109,2005-01-04,B000468,Jeff Bingaman,NM,1,Democratic,Democrat,1943-10-03,61,93,61.2548
109,2005-01-04,C000705,Kent Conrad,ND,1,Democratic,Democrat,1948-03-12,56,298,56.8164
109,2005-01-04,H001016,Kay Bailey Hutchison,TX,1,Republican,Republican,1943-07-22,61,166,61.4548
109,2005-01-04,K000305,Herb Kohl,WI,1,Democratic,Democrat,1935-02-07,69,332,69.9071
109,2005-01-04,L000304,Joseph I. Lieberman,CT,1,Democratic,Democrat,1942-02-24,62,315,62.8607
109,2005-01-04,L000504,Richard G. Lugar,IN,1,Republican,Republican,1932-04-04,72,275,72.7534
109,2005-01-04,N000180,Ben Nelson,NE,1,Democratic,Democrat,1941-05-17,63,232,63.6356
109,2005-01-04,S000663,Olympia J. Snowe,ME,1,Republican,Republican,1947-02-21,57,318,57.8689
109,2005-01-04,D000595,Jim DeMint,SC,3,Republican,Republican,1951-09-02,53,124,53.3397
109,2005-01-04,K000148,John F. Kerry,MA,2,Democratic,Democrat,1943-12-11,61,24,61.0658
109,2005-01-04,L000123,Frank R. Lautenberg,NJ,2,Democratic,Democrat,1924-01-23,80,347,80.9481
109,2005-01-04,B000243,Max Baucus,MT,2,Democratic,Democrat,1941-12-11,63,24,63.0658
109,2005-01-04,C000286,Saxby Chambliss,GA,2,Republican,Republican,1943-11-10,61,55,61.1507
109,2005-01-04,H000206,Tom Harkin,IA,2,Democratic,Democrat,1939-11-19,65,46,65.126
109,2005-01-04,J000177,Tim Johnson,SD,2,Democratic,Democrat,1946-12-28,58,7,58.0192
109,2005-01-04,L000550,Mary L. Landrieu,LA,2,Democratic,Democrat,1955-11-23,49,42,49.1151
109,2005-01-04,L000261,Carl Levin,MI,2,Democratic,Democrat,1934-06-28,70,190,70.5205
109,2005-01-04,P000590,Mark L. Pryor,AR,2,Democratic,Democrat,1963-01-10,41,360,41.9836
109,2005-01-04,R000361,"John D. Rockefeller, IV",WV,2,Democratic,Democrat,1937-06-18,67,200,67.5479
109,2005-01-04,C000560,Tom Coburn,OK,3,Republican,Republican,1948-03-14,56,296,56.811
109,2005-01-04,B000711,Barbara Boxer,CA,3,Democratic,Democrat,1940-11-11,64,54,64.1479
109,2005-01-04,M000702,Barbara A. Mikulski,MD,3,Democratic,Democrat,1936-07-20,68,168,68.4603
109,2005-01-04,R000146,Harry Reid,NV,3,Democratic,Democrat,1939-12-02,65,33,65.0904
109,2005-01-04,V000127,David Vitter,LA,3,Republican,Republican,1961-05-03,43,246,43.674
109,2005-01-04,S001141,Jeff Sessions,AL,2,Republican,Republican,1946-12-24,58,11,58.0301
109,2005-01-04,C000567,Thad Cochran,MS,2,Republican,Republican,1937-12-07,67,28,67.0767
109,2005-01-04,M000303,John McCain,AZ,3,Republican,Republican,1936-08-29,68,128,68.3507
109,2005-01-04,K000352,Jon Kyl,AZ,1,Republican,Republican,1942-04-25,62,254,62.6959
109,2005-01-04,H000338,Orrin G. Hatch,UT,1,Republican,Republican,1934-03-22,70,288,70.789
109,2005-01-04,N000032,Bill Nelson,FL,1,Democratic,Democrat,1942-09-29,62,97,62.2658
109,2005-01-04,I000055,Johnny Isakson,GA,3,Republican,Republican,1944-12-28,60,7,60.0192
109,2005-01-04,A000360,Lamar Alexander,TN,2,Republican,Republican,1940-07-03,64,185,64.5068
109,2005-01-04,E000285,Michael B. Enzi,WY,2,Republican,Republican,1944-02-01,60,338,60.9235
109,2005-01-04,R000307,Pat Roberts,KS,2,Republican,Republican,1936-04-20,68,259,68.7096
109,2005-01-04,B001135,Richard Burr,NC,3,Republican,Republican,1955-11-30,49,35,49.0959
109,2005-01-04,L000174,Patrick J. Leahy,VT,3,Democratic,Democrat,1940-03-31,64,279,64.7644
109,2005-01-04,S000320,Richard C. Shelby,AL,3,Republican,Republican,1934-05-06,70,243,70.6658
109,2005-01-04,I000024,James M. Inhofe,OK,2,Republican,Republican,1934-11-17,70,48,70.1315
109,2005-01-04,F000062,Dianne Feinstein,CA,1,Democratic,Democrat,1933-06-22,71,196,71.537
109,2005-01-04,C000174,Thomas R. Carper,DE,1,Democratic,Democrat,1947-01-23,57,347,57.9481
109,2005-01-04,S000770,Debbie Stabenow,MI,1,Democratic,Democrat,1950-04-29,54,250,54.6849
109,2005-01-04,G000359,Lindsey Graham,SC,2,Republican,Republican,1955-07-09,49,179,49.4904
110,2007-01-04,C000127,Maria Cantwell,WA,1,Democratic,Democrat,1958-10-13,48,83,48.2274
110,2007-01-04,K000367,Amy Klobuchar,MN,1,Democratic,Democrat,1960-05-25,46,224,46.6137
110,2007-01-04,S000033,Bernard Sanders,VT,1,Other,Independent,1941-09-08,65,118,65.3233
110,2007-01-04,W000802,Sheldon Whitehouse,RI,1,Democratic,Democrat,1955-10-20,51,76,51.2082
110,2007-01-04,C001035,Susan M. Collins,ME,2,Republican,Republican,1952-12-07,54,28,54.0767
110,2007-01-04,C001056,John Cornyn,TX,2,Republican,Republican,1952-02-02,54,336,54.9205
110,2007-01-04,D000563,Richard J. Durbin,IL,2,Democratic,Democrat,1944-11-21,62,44,62.1205
110,2007-01-04,M000355,Mitch McConnell,KY,2,Republican,Republican,1942-02-20,64,318,64.8712
110,2007-01-04,R000122,Jack Reed,RI,2,Democratic,Democrat,1949-11-12,57,53,57.1452
110,2007-01-04,C000880,Mike Crapo,ID,3,Republican,Republican,1951-05-20,55,229,55.6274
110,2007-01-04,G000386,Chuck Grassley,IA,3,Republican,Republican,1933-09-17,73,109,73.2986
110,2007-01-04,M001153,Lisa Murkowski,AK,3,Republican,Republican,1957-05-22,49,227,49.6219
110,2007-01-04,M001111,Patty Murray,WA,3,Democratic,Democrat,1950-10-11,56,85,56.2329
110,2007-01-04,S000148,Charles E. Schumer,NY,3,Democratic,Democrat,1950-11-23,56,42,56.1151
110,2007-01-04,T000250,John Thune,SD,3,Republican,Republican,1961-01-07,45,362,45.9918
110,2007-01-04,W000779,Ron Wyden,OR,3,Democratic,Democrat,1949-05-03,57,246,57.674
110,2007-01-04,A000109,Wayne A. Allard,CO,2,Republican,Republican,1943-12-02,63,33,63.0904
110,2007-01-04,C001057,Norm Coleman,MN,2,Republican,Republican,1949-08-17,57,140,57.3836
110,2007-01-04,C000858,Larry E. Craig,ID,2,Republican,Republican,1945-07-20,61,168,61.4603
110,2007-01-04,D000601,Elizabeth H. Dole,NC,2,Republican,Republican,1936-07-29,70,159,70.4356
110,2007-01-04,D000407,Pete V. Domenici,NM,2,Republican,Republican,1932-05-07,74,242,74.663
110,2007-01-04,H001028,Charles T. Hagel,NE,2,Republican,Republican,1946-10-04,60,92,60.2521
110,2007-01-04,S001142,Gordon Harold Smith,OR,2,Republican,Republican,1952-05-25,54,224,54.6137
110,2007-01-04,S000888,Ted F. Stevens,AK,2,Republican,Republican,1923-11-18,83,47,83.1288
110,2007-01-04,S001078,John E. Sununu,NH,2,Republican,Republican,1964-09-10,42,116,42.3178
110,2007-01-04,W000154,John W. Warner,VA,2,Republican,Republican,1927-02-18,79,320,79.8767
110,2007-01-04,B001233,Evan Bayh,IN,3,Democratic,Democrat,1955-12-26,51,9,51.0247
110,2007-01-04,B000382,Robert F. Bennett,UT,3,Republican,Republican,1933-09-18,73,108,73.2959
110,2007-01-04,B000611,Christopher S. Bond,MO,3,Republican,Republican,1939-03-06,67,304,67.8329
110,2007-01-04,B000953,Samuel D. Brownback,KS,3,Republican,Republican,1956-09-12,50,114,50.3123
110,2007-01-04,B001066,Jim Bunning,KY,3,Republican,Republican,1931-10-23,75,73,75.2
110,2007-01-04,D000388,Christopher J. Dodd,CT,3,Democratic,Democrat,1944-05-27,62,222,62.6082
110,2007-01-04,D000432,Byron L. Dorgan,ND,3,Democratic,Democrat,1942-05-14,64,235,64.6438
110,2007-01-04,F000061,Russell D. Feingold,WI,3,Democratic,Democrat,1953-03-02,53,308,53.8438
110,2007-01-04,G000445,Judd A. Gregg,NH,3,Republican,Republican,1947-02-14,59,324,59.8877
110,2007-01-04,L000035,Blanche Lambert Lincoln,AR,3,Democratic,Democrat,1960-09-30,46,96,46.263
110,2007-01-04,M001162,Mel Martinez,FL,3,Republican,Republican,1946-10-23,60,73,60.2
110,2007-01-04,S001163,Ken Salazar,CO,3,Democratic,Democrat,1955-03-02,51,308,51.8438
110,2007-01-04,S000709,Arlen Specter,PA,3,Democratic,Democrat,1930-02-12,76,326,76.8932
110,2007-01-04,V000126,George V. Voinovich,OH,3,Republican,Republican,1936-07-15,70,173,70.474
110,2007-01-04,B001210,Robert C. Byrd,WV,1,Democratic,Democrat,1917-11-20,89,45,89.1233
110,2007-01-04,C001041,Hillary Rodham Clinton,NY,1,Democratic,Democrat,1947-10-26,59,70,59.1918
110,2007-01-04,E000194,John Eric Ensign,NV,1,Republican,Republican,1958-03-25,48,285,48.7808
110,2007-01-04,K000105,Edward M. Kennedy,MA,1,Democratic,Democrat,1932-02-22,74,316,74.8658
110,2007-01-04,L000447,Trent Lott,MS,1,Republican,Republican,1941-10-09,65,87,65.2384
110,2007-01-04,T000162,Craig Thomas,WY,1,Republican,Republican,1933-02-17,73,321,73.8795
110,2007-01-04,B000444,Joseph R. Biden,DE,2,Democratic,Democrat,1942-11-20,64,45,64.1233
110,2007-01-04,O000167,Barack Obama,IL,3,Democratic,Democrat,1961-08-04,45,153,45.4192
110,2007-01-04,I000025,Daniel K. Inouye,HI,3,Democratic,Democrat,1924-09-07,82,119,82.326
110,2007-01-04,A000069,Daniel K. Akaka,HI,1,Democratic,Democrat,1924-09-11,82,115,82.3151
110,2007-01-04,B000468,Jeff Bingaman,NM,1,Democratic,Democrat,1943-10-03,63,93,63.2548
110,2007-01-04,C000705,Kent Conrad,ND,1,Democratic,Democrat,1948-03-12,58,298,58.8164
110,2007-01-04,H001016,Kay Bailey Hutchison,TX,1,Republican,Republican,1943-07-22,63,166,63.4548
110,2007-01-04,K000305,Herb Kohl,WI,1,Democratic,Democrat,1935-02-07,71,331,71.9068
110,2007-01-04,L000304,Joseph I. Lieberman,CT,1,Other,Independent,1942-02-24,64,314,64.8603
110,2007-01-04,L000504,Richard G. Lugar,IN,1,Republican,Republican,1932-04-04,74,275,74.7534
110,2007-01-04,N000180,Ben Nelson,NE,1,Democratic,Democrat,1941-05-17,65,232,65.6356
110,2007-01-04,S000663,Olympia J. Snowe,ME,1,Republican,Republican,1947-02-21,59,317,59.8685
110,2007-01-04,W000803,Jim Webb,VA,1,Democratic,Democrat,1946-02-09,60,329,60.9014
110,2007-01-04,D000595,Jim DeMint,SC,3,Republican,Republican,1951-09-02,55,124,55.3397
110,2007-01-04,K000148,John F. Kerry,MA,2,Democratic,Democrat,1943-12-11,63,24,63.0658
110,2007-01-04,L000123,Frank R. Lautenberg,NJ,2,Democratic,Democrat,1924-01-23,82,346,82.9479
110,2007-01-04,B000243,Max Baucus,MT,2,Democratic,Democrat,1941-12-11,65,24,65.0658
110,2007-01-04,C000286,Saxby Chambliss,GA,2,Republican,Republican,1943-11-10,63,55,63.1507
110,2007-01-04,H000206,Tom Harkin,IA,2,Democratic,Democrat,1939-11-19,67,46,67.126
110,2007-01-04,J000177,Tim Johnson,SD,2,Democratic,Democrat,1946-12-28,60,7,60.0192
110,2007-01-04,L000550,Mary L. Landrieu,LA,2,Democratic,Democrat,1955-11-23,51,42,51.1151
110,2007-01-04,L000261,Carl Levin,MI,2,Democratic,Democrat,1934-06-28,72,190,72.5205
110,2007-01-04,P000590,Mark L. Pryor,AR,2,Democratic,Democrat,1963-01-10,43,359,43.9836
110,2007-01-04,R000361,"John D. Rockefeller, IV",WV,2,Democratic,Democrat,1937-06-18,69,200,69.5479
110,2007-01-04,C000560,Tom Coburn,OK,3,Republican,Republican,1948-03-14,58,296,58.811
110,2007-01-04,B000711,Barbara Boxer,CA,3,Democratic,Democrat,1940-11-11,66,54,66.1479
110,2007-01-04,M000702,Barbara A. Mikulski,MD,3,Democratic,Democrat,1936-07-20,70,168,70.4603
110,2007-01-04,R000146,Harry Reid,NV,3,Democratic,Democrat,1939-12-02,67,33,67.0904
110,2007-01-04,V000127,David Vitter,LA,3,Republican,Republican,1961-05-03,45,246,45.674
110,2007-01-04,S001141,Jeff Sessions,AL,2,Republican,Republican,1946-12-24,60,11,60.0301
110,2007-01-04,C000567,Thad Cochran,MS,2,Republican,Republican,1937-12-07,69,28,69.0767
110,2007-01-04,M000303,John McCain,AZ,3,Republican,Republican,1936-08-29,70,128,70.3507
110,2007-01-04,K000352,Jon Kyl,AZ,1,Republican,Republican,1942-04-25,64,254,64.6959
110,2007-01-04,C001071,Bob Corker,TN,1,Republican,Republican,1952-08-24,54,133,54.3644
110,2007-01-04,H000338,Orrin G. Hatch,UT,1,Republican,Republican,1934-03-22,72,288,72.789
110,2007-01-04,M001170,Claire McCaskill,MO,1,Democratic,Democrat,1953-07-24,53,164,53.4493
110,2007-01-04,N000032,Bill Nelson,FL,1,Democratic,Democrat,1942-09-29,64,97,64.2658
110,2007-01-04,I000055,Johnny Isakson,GA,3,Republican,Republican,1944-12-28,62,7,62.0192
110,2007-01-04,A000360,Lamar Alexander,TN,2,Republican,Republican,1940-07-03,66,185,66.5068
110,2007-01-04,E000285,Michael B. Enzi,WY,2,Republican,Republican,1944-02-01,62,337,62.9233
110,2007-01-04,R000307,Pat Roberts,KS,2,Republican,Republican,1936-04-20,70,259,70.7096
110,2007-01-04,B001135,Richard Burr,NC,3,Republican,Republican,1955-11-30,51,35,51.0959
110,2007-01-04,L000174,Patrick J. Leahy,VT,3,Democratic,Democrat,1940-03-31,66,279,66.7644
110,2007-01-04,S000320,Richard C. Shelby,AL,3,Republican,Republican,1934-05-06,72,243,72.6658
110,2007-01-04,I000024,James M. Inhofe,OK,2,Republican,Republican,1934-11-17,72,48,72.1315
110,2007-01-04,F000062,Dianne Feinstein,CA,1,Democratic,Democrat,1933-06-22,73,196,73.537
110,2007-01-04,M000639,Robert Menendez,NJ,1,Democratic,Democrat,1954-01-01,53,3,53.0082
110,2007-01-04,B000944,Sherrod Brown,OH,1,Democratic,Democrat,1952-11-09,54,56,54.1534
110,2007-01-04,C000141,Benjamin L. Cardin,MD,1,Democratic,Democrat,1943-10-05,63,91,63.2493
110,2007-01-04,C000174,Thomas R. Carper,DE,1,Democratic,Democrat,1947-01-23,59,346,59.9479
110,2007-01-04,C001070,"Robert P. Casey, Jr.",PA,1,Democratic,Democrat,1960-04-13,46,266,46.7288
110,2007-01-04,S000770,Debbie Stabenow,MI,1,Democratic,Democrat,1950-04-29,56,250,56.6849
110,2007-01-04,T000464,Jon Tester,MT,1,Democratic,Democrat,1956-08-21,50,136,50.3726
110,2007-01-04,G000359,Lindsey Graham,SC,2,Republican,Republican,1955-07-09,51,179,51.4904
111,2009-01-06,C000127,Maria Cantwell,WA,1,Democratic,Democrat,1958-10-13,50,85,50.2329
111,2009-01-06,K000367,Amy Klobuchar,MN,1,Democratic,Democrat,1960-05-25,48,226,48.6192
111,2009-01-06,S000033,Bernard Sanders,VT,1,Other,Independent,1941-09-08,67,120,67.3288
111,2009-01-06,W000802,Sheldon Whitehouse,RI,1,Democratic,Democrat,1955-10-20,53,78,53.2137
111,2009-01-06,B001261,John Barrasso,WY,1,Republican,Republican,1952-07-21,56,169,56.463
111,2009-01-06,W000437,Roger F. Wicker,MS,1,Republican,Republican,1951-07-05,57,185,57.5068
111,2009-01-06,C001035,Susan M. Collins,ME,2,Republican,Republican,1952-12-07,56,30,56.0822
111,2009-01-06,C001056,John Cornyn,TX,2,Republican,Republican,1952-02-02,56,339,56.9262
111,2009-01-06,D000563,Richard J. Durbin,IL,2,Democratic,Democrat,1944-11-21,64,46,64.126
111,2009-01-06,M000355,Mitch McConnell,KY,2,Republican,Republican,1942-02-20,66,321,66.877
111,2009-01-06,M001176,Jeff Merkley,OR,2,Democratic,Democrat,1956-10-24,52,74,52.2027
111,2009-01-06,R000122,Jack Reed,RI,2,Democratic,Democrat,1949-11-12,59,55,59.1507
111,2009-01-06,R000584,James E. Risch,ID,2,Republican,Republican,1943-05-03,65,248,65.6795
111,2009-01-06,S001181,Jeanne Shaheen,NH,2,Democratic,Democrat,1947-01-28,61,344,61.9399
111,2009-01-06,W000805,Mark R. Warner,VA,2,Democratic,Democrat,1954-12-15,54,22,54.0603
111,2009-01-06,C000880,Mike Crapo,ID,3,Republican,Republican,1951-05-20,57,231,57.6329
111,2009-01-06,G000386,Chuck Grassley,IA,3,Republican,Republican,1933-09-17,75,111,75.3041
111,2009-01-06,M001153,Lisa Murkowski,AK,3,Republican,Republican,1957-05-22,51,229,51.6274
111,2009-01-06,M001111,Patty Murray,WA,3,Democratic,Democrat,1950-10-11,58,87,58.2384
111,2009-01-06,S000148,Charles E. Schumer,NY,3,Democratic,Democrat,1950-11-23,58,44,58.1205
111,2009-01-06,T000250,John Thune,SD,3,Republican,Republican,1961-01-07,47,365,47.9973
111,2009-01-06,W000779,Ron Wyden,OR,3,Democratic,Democrat,1949-05-03,59,248,59.6795
111,2009-01-06,B001233,Evan Bayh,IN,3,Democratic,Democrat,1955-12-26,53,11,53.0301
111,2009-01-06,B000382,Robert F. Bennett,UT,3,Republican,Republican,1933-09-18,75,110,75.3014
111,2009-01-06,B000611,Christopher S. Bond,MO,3,Republican,Republican,1939-03-06,69,306,69.8384
111,2009-01-06,B000953,Samuel D. Brownback,KS,3,Republican,Republican,1956-09-12,52,116,52.3178
111,2009-01-06,B001066,Jim Bunning,KY,3,Republican,Republican,1931-10-23,77,75,77.2055
111,2009-01-06,D000388,Christopher J. Dodd,CT,3,Democratic,Democrat,1944-05-27,64,224,64.6137
111,2009-01-06,D000432,Byron L. Dorgan,ND,3,Democratic,Democrat,1942-05-14,66,237,66.6493
111,2009-01-06,F000061,Russell D. Feingold,WI,3,Democratic,Democrat,1953-03-02,55,310,55.8493
111,2009-01-06,G000445,Judd A. Gregg,NH,3,Republican,Republican,1947-02-14,61,327,61.8934
111,2009-01-06,L000035,Blanche Lambert Lincoln,AR,3,Democratic,Democrat,1960-09-30,48,98,48.2685
111,2009-01-06,M001162,Mel Martinez,FL,3,Republican,Republican,1946-10-23,62,75,62.2055
111,2009-01-06,S001163,Ken Salazar,CO,3,Democratic,Democrat,1955-03-02,53,310,53.8493
111,2009-01-06,S000709,Arlen Specter,PA,3,Democratic,Democrat,1930-02-12,78,329,78.8989
111,2009-01-06,V000126,George V. Voinovich,OH,3,Republican,Republican,1936-07-15,72,175,72.4795
111,2009-01-06,B001210,Robert C. Byrd,WV,1,Democratic,Democrat,1917-11-20,91,47,91.1288
111,2009-01-06,C001041,Hillary Rodham Clinton,NY,1,Democratic,Democrat,1947-10-26,61,72,61.1973
111,2009-01-06,E000194,John Eric Ensign,NV,1,Republican,Republican,1958-03-25,50,287,50.7863
111,2009-01-06,K000105,Edward M. Kennedy,MA,1,Democratic,Democrat,1932-02-22,76,319,76.8716
111,2009-01-06,B000444,Joseph R. Biden,DE,2,Democratic,Democrat,1942-11-20,66,47,66.1288
111,2009-01-06,I000025,Daniel K. Inouye,HI,3,Democratic,Democrat,1924-09-07,84,121,84.3315
111,2009-01-06,A000069,Daniel K. Akaka,HI,1,Democratic,Democrat,1924-09-11,84,117,84.3205
111,2009-01-06,B000468,Jeff Bingaman,NM,1,Democratic,Democrat,1943-10-03,65,95,65.2603
111,2009-01-06,C000705,Kent Conrad,ND,1,Democratic,Democrat,1948-03-12,60,300,60.8219
111,2009-01-06,H001016,Kay Bailey Hutchison,TX,1,Republican,Republican,1943-07-22,65,168,65.4603
111,2009-01-06,K000305,Herb Kohl,WI,1,Democratic,Democrat,1935-02-07,73,334,73.9126
111,2009-01-06,L000304,Joseph I. Lieberman,CT,1,Other,Independent,1942-02-24,66,317,66.8661
111,2009-01-06,L000504,Richard G. Lugar,IN,1,Republican,Republican,1932-04-04,76,277,76.7589
111,2009-01-06,N000180,Ben Nelson,NE,1,Democratic,Democrat,1941-05-17,67,234,67.6411
111,2009-01-06,S000663,Olympia J. Snowe,ME,1,Republican,Republican,1947-02-21,61,320,61.8743
111,2009-01-06,W000803,Jim Webb,VA,1,Democratic,Democrat,1946-02-09,62,332,62.9071
111,2009-01-06,D000595,Jim DeMint,SC,3,Republican,Republican,1951-09-02,57,126,57.3452
111,2009-01-06,K000148,John F. Kerry,MA,2,Democratic,Democrat,1943-12-11,65,26,65.0712
111,2009-01-06,L000123,Frank R. Lautenberg,NJ,2,Democratic,Democrat,1924-01-23,84,349,84.9536
111,2009-01-06,B000243,Max Baucus,MT,2,Democratic,Democrat,1941-12-11,67,26,67.0712
111,2009-01-06,B001265,Mark Begich,AK,2,Democratic,Democrat,1962-03-30,46,282,46.7726
111,2009-01-06,C000286,Saxby Chambliss,GA,2,Republican,Republican,1943-11-10,65,57,65.1562
111,2009-01-06,H001049,Kay R. Hagan,NC,2,Democratic,Democrat,1953-05-26,55,225,55.6164
111,2009-01-06,H000206,Tom Harkin,IA,2,Democratic,Democrat,1939-11-19,69,48,69.1315
111,2009-01-06,J000177,Tim Johnson,SD,2,Democratic,Democrat,1946-12-28,62,9,62.0247
111,2009-01-06,L000550,Mary L. Landrieu,LA,2,Democratic,Democrat,1955-11-23,53,44,53.1205
111,2009-01-06,L000261,Carl Levin,MI,2,Democratic,Democrat,1934-06-28,74,192,74.526
111,2009-01-06,P000590,Mark L. Pryor,AR,2,Democratic,Democrat,1963-01-10,45,362,45.9891
111,2009-01-06,R000361,"John D. Rockefeller, IV",WV,2,Democratic,Democrat,1937-06-18,71,202,71.5534
111,2009-01-06,U000038,Mark Udall,CO,2,Democratic,Democrat,1950-07-18,58,172,58.4712
111,2009-01-06,C000560,Tom Coburn,OK,3,Republican,Republican,1948-03-14,60,298,60.8164
111,2009-01-06,J000291,Mike Johanns,NE,2,Republican,Republican,1950-06-18,58,202,58.5534
111,2009-01-06,B000711,Barbara Boxer,CA,3,Democratic,Democrat,1940-11-11,68,56,68.1534
111,2009-01-06,M000702,Barbara A. Mikulski,MD,3,Democratic,Democrat,1936-07-20,72,170,72.4658
111,2009-01-06,R000146,Harry Reid,NV,3,Democratic,Democrat,1939-12-02,69,35,69.0959
111,2009-01-06,V000127,David Vitter,LA,3,Republican,Republican,1961-05-03,47,248,47.6795
111,2009-01-06,S001141,Jeff Sessions,AL,2,Republican,Republican,1946-12-24,62,13,62.0356
111,2009-01-06,C000567,Thad Cochran,MS,2,Republican,Republican,1937-12-07,71,30,71.0822
111,2009-01-06,M000303,John McCain,AZ,3,Republican,Republican,1936-08-29,72,130,72.3562
111,2009-01-06,K000352,Jon Kyl,AZ,1,Republican,Republican,1942-04-25,66,256,66.7014
111,2009-01-06,C001071,Bob Corker,TN,1,Republican,Republican,1952-08-24,56,135,56.3699
111,2009-01-06,H000338,Orrin G. Hatch,UT,1,Republican,Republican,1934-03-22,74,290,74.7945
111,2009-01-06,M001170,Claire McCaskill,MO,1,Democratic,Democrat,1953-07-24,55,166,55.4548
111,2009-01-06,N000032,Bill Nelson,FL,1,Democratic,Democrat,1942-09-29,66,99,66.2712
111,2009-01-06,I000055,Johnny Isakson,GA,3,Republican,Republican,1944-12-28,64,9,64.0247
111,2009-01-06,A000360,Lamar Alexander,TN,2,Republican,Republican,1940-07-03,68,187,68.5123
111,2009-01-06,E000285,Michael B. Enzi,WY,2,Republican,Republican,1944-02-01,64,340,64.929
111,2009-01-06,R000307,Pat Roberts,KS,2,Republican,Republican,1936-04-20,72,261,72.7151
111,2009-01-06,U000039,Tom Udall,NM,2,Democratic,Democrat,1948-05-18,60,233,60.6384
111,2009-01-06,B001135,Richard Burr,NC,3,Republican,Republican,1955-11-30,53,37,53.1014
111,2009-01-06,L000174,Patrick J. Leahy,VT,3,Democratic,Democrat,1940-03-31,68,281,68.7699
111,2009-01-06,S000320,Richard C. Shelby,AL,3,Republican,Republican,1934-05-06,74,245,74.6712
111,2009-01-06,I000024,James M. Inhofe,OK,2,Republican,Republican,1934-11-17,74,50,74.137
111,2009-01-06,F000062,Dianne Feinstein,CA,1,Democratic,Democrat,1933-06-22,75,198,75.5425
111,2009-01-06,M000639,Robert Menendez,NJ,1,Democratic,Democrat,1954-01-01,55,5,55.0137
111,2009-01-06,B000944,Sherrod Brown,OH,1,Democratic,Democrat,1952-11-09,56,58,56.1589
111,2009-01-06,C000141,Benjamin L. Cardin,MD,1,Democratic,Democrat,1943-10-05,65,93,65.2548
111,2009-01-06,C000174,Thomas R. Carper,DE,1,Democratic,Democrat,1947-01-23,61,349,61.9536
111,2009-01-06,C001070,"Robert P. Casey, Jr.",PA,1,Democratic,Democrat,1960-04-13,48,268,48.7342
111,2009-01-06,S000770,Debbie Stabenow,MI,1,Democratic,Democrat,1950-04-29,58,252,58.6904
111,2009-01-06,T000464,Jon Tester,MT,1,Democratic,Democrat,1956-08-21,52,138,52.3781
111,2009-01-06,G000359,Lindsey Graham,SC,2,Republican,Republican,1955-07-09,53,181,53.4959
112,2011-01-05,C000127,Maria Cantwell,WA,1,Democratic,Democrat,1958-10-13,52,84,52.2301
112,2011-01-05,K000367,Amy Klobuchar,MN,1,Democratic,Democrat,1960-05-25,50,225,50.6164
112,2011-01-05,S000033,Bernard Sanders,VT,1,Other,Independent,1941-09-08,69,119,69.326
112,2011-01-05,W000802,Sheldon Whitehouse,RI,1,Democratic,Democrat,1955-10-20,55,77,55.211
112,2011-01-05,B001261,John Barrasso,WY,1,Republican,Republican,1952-07-21,58,168,58.4603
112,2011-01-05,W000437,Roger F. Wicker,MS,1,Republican,Republican,1951-07-05,59,184,59.5041
112,2011-01-05,C001035,Susan M. Collins,ME,2,Republican,Republican,1952-12-07,58,29,58.0795
112,2011-01-05,C001056,John Cornyn,TX,2,Republican,Republican,1952-02-02,58,337,58.9233
112,2011-01-05,D000563,Richard J. Durbin,IL,2,Democratic,Democrat,1944-11-21,66,45,66.1233
112,2011-01-05,M000355,Mitch McConnell,KY,2,Republican,Republican,1942-02-20,68,319,68.874
112,2011-01-05,M001176,Jeff Merkley,OR,2,Democratic,Democrat,1956-10-24,54,73,54.2
112,2011-01-05,R000122,Jack Reed,RI,2,Democratic,Democrat,1949-11-12,61,54,61.1479
112,2011-01-05,R000584,James E. Risch,ID,2,Republican,Republican,1943-05-03,67,247,67.6767
112,2011-01-05,S001181,Jeanne Shaheen,NH,2,Democratic,Democrat,1947-01-28,63,342,63.937
112,2011-01-05,W000805,Mark R. Warner,VA,2,Democratic,Democrat,1954-12-15,56,21,56.0575
112,2011-01-05,G000555,Kirsten E. Gillibrand,NY,1,Democratic,Democrat,1966-12-09,44,27,44.074
112,2011-01-05,C001088,Christopher A. Coons,DE,2,Democratic,Democrat,1963-09-09,47,118,47.3233
112,2011-01-05,B001267,Michael F. Bennet,CO,3,Democratic,Democrat,1964-11-28,46,38,46.1041
112,2011-01-05,B001277,Richard Blumenthal,CT,3,Democratic,Democrat,1946-02-13,64,326,64.8932
112,2011-01-05,B001236,John Boozman,AR,3,Republican,Republican,1950-12-10,60,26,60.0712
112,2011-01-05,C000880,Mike Crapo,ID,3,Republican,Republican,1951-05-20,59,230,59.6301
112,2011-01-05,G000386,Chuck Grassley,IA,3,Republican,Republican,1933-09-17,77,110,77.3014
112,2011-01-05,H001061,John Hoeven,ND,3,Republican,Republican,1957-03-13,53,298,53.8164
112,2011-01-05,J000293,Ron Johnson,WI,3,Republican,Republican,1955-04-08,55,272,55.7452
112,2011-01-05,L000577,Mike Lee,UT,3,Republican,Republican,1971-06-04,39,215,39.589
112,2011-01-05,M000934,Jerry Moran,KS,3,Republican,Republican,1954-05-29,56,221,56.6055
112,2011-01-05,M001153,Lisa Murkowski,AK,3,Republican,Republican,1957-05-22,53,228,53.6247
112,2011-01-05,M001111,Patty Murray,WA,3,Democratic,Democrat,1950-10-11,60,86,60.2356
112,2011-01-05,P000603,Rand Paul,KY,3,Republican,Republican,1963-01-07,47,363,47.9945
112,2011-01-05,S000148,Charles E. Schumer,NY,3,Democratic,Democrat,1950-11-23,60,43,60.1178
112,2011-01-05,T000250,John Thune,SD,3,Republican,Republican,1961-01-07,49,363,49.9945
112,2011-01-05,W000779,Ron Wyden,OR,3,Democratic,Democrat,1949-05-03,61,247,61.6767
112,2011-01-05,E000194,John Eric Ensign,NV,1,Republican,Republican,1958-03-25,52,286,52.7836
112,2011-01-05,I000025,Daniel K. Inouye,HI,3,Democratic,Democrat,1924-09-07,86,120,86.3288
112,2011-01-05,A000069,Daniel K. Akaka,HI,1,Democratic,Democrat,1924-09-11,86,116,86.3178
112,2011-01-05,B000468,Jeff Bingaman,NM,1,Democratic,Democrat,1943-10-03,67,94,67.2575
112,2011-01-05,C000705,Kent Conrad,ND,1,Democratic,Democrat,1948-03-12,62,299,62.8192
112,2011-01-05,H001016,Kay Bailey Hutchison,TX,1,Republican,Republican,1943-07-22,67,167,67.4575
112,2011-01-05,K000305,Herb Kohl,WI,1,Democratic,Democrat,1935-02-07,75,332,75.9096
112,2011-01-05,L000304,Joseph I. Lieberman,CT,1,Other,Independent,1942-02-24,68,315,68.863
112,2011-01-05,L000504,Richard G. Lugar,IN,1,Republican,Republican,1932-04-04,78,276,78.7562
112,2011-01-05,N000180,Ben Nelson,NE,1,Democratic,Democrat,1941-05-17,69,233,69.6384
112,2011-01-05,S000663,Olympia J. Snowe,ME,1,Republican,Republican,1947-02-21,63,318,63.8712
112,2011-01-05,W000803,Jim Webb,VA,1,Democratic,Democrat,1946-02-09,64,330,64.9041
112,2011-01-05,B001268,Scott P. Brown,MA,1,Republican,Republican,1959-09-12,51,115,51.3151
112,2011-01-05,D000595,Jim DeMint,SC,3,Republican,Republican,1951-09-02,59,125,59.3425
112,2011-01-05,K000148,John F. Kerry,MA,2,Democratic,Democrat,1943-12-11,67,25,67.0685
112,2011-01-05,L000123,Frank R. Lautenberg,NJ,2,Democratic,Democrat,1924-01-23,86,347,86.9507
112,2011-01-05,B000243,Max Baucus,MT,2,Democratic,Democrat,1941-12-11,69,25,69.0685
112,2011-01-05,B001265,Mark Begich,AK,2,Democratic,Democrat,1962-03-30,48,281,48.7699
112,2011-01-05,C000286,Saxby Chambliss,GA,2,Republican,Republican,1943-11-10,67,56,67.1534
112,2011-01-05,H001049,Kay R. Hagan,NC,2,Democratic,Democrat,1953-05-26,57,224,57.6137
112,2011-01-05,H000206,Tom Harkin,IA,2,Democratic,Democrat,1939-11-19,71,47,71.1288
112,2011-01-05,J000177,Tim Johnson,SD,2,Democratic,Democrat,1946-12-28,64,8,64.0219
112,2011-01-05,L000550,Mary L. Landrieu,LA,2,Democratic,Democrat,1955-11-23,55,43,55.1178
112,2011-01-05,L000261,Carl Levin,MI,2,Democratic,Democrat,1934-06-28,76,191,76.5233
112,2011-01-05,P000590,Mark L. Pryor,AR,2,Democratic,Democrat,1963-01-10,47,360,47.9863
112,2011-01-05,R000361,"John D. Rockefeller, IV",WV,2,Democratic,Democrat,1937-06-18,73,201,73.5507
112,2011-01-05,U000038,Mark Udall,CO,2,Democratic,Democrat,1950-07-18,60,171,60.4685
112,2011-01-05,C000560,Tom Coburn,OK,3,Republican,Republican,1948-03-14,62,297,62.8137
112,2011-01-05,J000291,Mike Johanns,NE,2,Republican,Republican,1950-06-18,60,201,60.5507
112,2011-01-05,A000368,Kelly Ayotte,NH,3,Republican,Republican,1968-06-27,42,192,42.526
112,2011-01-05,B000711,Barbara Boxer,CA,3,Democratic,Democrat,1940-11-11,70,55,70.1507
112,2011-01-05,C000542,Daniel Coats,IN,3,Republican,Republican,1943-05-16,67,234,67.6411
112,2011-01-05,K000360,Mark Kirk,IL,3,Republican,Republican,1959-09-15,51,112,51.3068
112,2011-01-05,M000702,Barbara A. Mikulski,MD,3,Democratic,Democrat,1936-07-20,74,169,74.463
112,2011-01-05,R000146,Harry Reid,NV,3,Democratic,Democrat,1939-12-02,71,34,71.0932
112,2011-01-05,V000127,David Vitter,LA,3,Republican,Republican,1961-05-03,49,247,49.6767
112,2011-01-05,S001141,Jeff Sessions,AL,2,Republican,Republican,1946-12-24,64,12,64.0329
112,2011-01-05,F000457,Al Franken,MN,2,Democratic,Democrat,1951-05-21,59,229,59.6274
112,2011-01-05,C000567,Thad Cochran,MS,2,Republican,Republican,1937-12-07,73,29,73.0795
112,2011-01-05,M000303,John McCain,AZ,3,Republican,Republican,1936-08-29,74,129,74.3534
112,2011-01-05,K000352,Jon Kyl,AZ,1,Republican,Republican,1942-04-25,68,255,68.6986
112,2011-01-05,C001071,Bob Corker,TN,1,Republican,Republican,1952-08-24,58,134,58.3671
112,2011-01-05,H000338,Orrin G. Hatch,UT,1,Republican,Republican,1934-03-22,76,289,76.7918
112,2011-01-05,M001170,Claire McCaskill,MO,1,Democratic,Democrat,1953-07-24,57,165,57.4521
112,2011-01-05,N000032,Bill Nelson,FL,1,Democratic,Democrat,1942-09-29,68,98,68.2685
112,2011-01-05,I000055,Johnny Isakson,GA,3,Republican,Republican,1944-12-28,66,8,66.0219
112,2011-01-05,A000360,Lamar Alexander,TN,2,Republican,Republican,1940-07-03,70,186,70.5096
112,2011-01-05,E000285,Michael B. Enzi,WY,2,Republican,Republican,1944-02-01,66,338,66.926
112,2011-01-05,R000307,Pat Roberts,KS,2,Republican,Republican,1936-04-20,74,260,74.7123
112,2011-01-05,U000039,Tom Udall,NM,2,Democratic,Democrat,1948-05-18,62,232,62.6356
112,2011-01-05,B000575,Roy Blunt,MO,3,Republican,Republican,1950-01-10,60,360,60.9863
112,2011-01-05,B001135,Richard Burr,NC,3,Republican,Republican,1955-11-30,55,36,55.0986
112,2011-01-05,L000174,Patrick J. Leahy,VT,3,Democratic,Democrat,1940-03-31,70,280,70.7671
112,2011-01-05,P000449,Rob Portman,OH,3,Republican,Republican,1955-12-19,55,17,55.0466
112,2011-01-05,S000320,Richard C. Shelby,AL,3,Republican,Republican,1934-05-06,76,244,76.6685
112,2011-01-05,T000461,Patrick J. Toomey,PA,3,Republican,Republican,1961-11-17,49,49,49.1342
112,2011-01-05,I000024,James M. Inhofe,OK,2,Republican,Republican,1934-11-17,76,49,76.1342
112,2011-01-05,F000062,Dianne Feinstein,CA,1,Democratic,Democrat,1933-06-22,77,197,77.5397
112,2011-01-05,M000639,Robert Menendez,NJ,1,Democratic,Democrat,1954-01-01,57,4,57.011
112,2011-01-05,B000944,Sherrod Brown,OH,1,Democratic,Democrat,1952-11-09,58,57,58.1562
112,2011-01-05,C000141,Benjamin L. Cardin,MD,1,Democratic,Democrat,1943-10-05,67,92,67.2521
112,2011-01-05,C000174,Thomas R. Carper,DE,1,Democratic,Democrat,1947-01-23,63,347,63.9507
112,2011-01-05,C001070,"Robert P. Casey, Jr.",PA,1,Democratic,Democrat,1960-04-13,50,267,50.7315
112,2011-01-05,S000770,Debbie Stabenow,MI,1,Democratic,Democrat,1950-04-29,60,251,60.6877
112,2011-01-05,T000464,Jon Tester,MT,1,Democratic,Democrat,1956-08-21,54,137,54.3753
112,2011-01-05,M001183,"Joe Manchin, III",WV,1,Democratic,Democrat,1947-08-24,63,134,63.3671
112,2011-01-05,R000595,Marco Rubio,FL,3,Republican,Republican,1971-05-28,39,222,39.6082
112,2011-01-05,G000359,Lindsey Graham,SC,2,Republican,Republican,1955-07-09,55,180,55.4932
113,2013-01-03,C000127,Maria Cantwell,WA,1,Democratic,Democrat,1958-10-13,54,82,54.2247
113,2013-01-03,K000367,Amy Klobuchar,MN,1,Democratic,Democrat,1960-05-25,52,223,52.611
113,2013-01-03,S000033,Bernard Sanders,VT,1,Other,Independent,1941-09-08,71,117,71.3205
113,2013-01-03,W000802,Sheldon Whitehouse,RI,1,Democratic,Democrat,1955-10-20,57,75,57.2055
113,2013-01-03,B001261,John Barrasso,WY,1,Republican,Republican,1952-07-21,60,166,60.4548
113,2013-01-03,W000437,Roger F. Wicker,MS,1,Republican,Republican,1951-07-05,61,182,61.4986
113,2013-01-03,C001035,Susan M. Collins,ME,2,Republican,Republican,1952-12-07,60,27,60.074
113,2013-01-03,C001056,John Cornyn,TX,2,Republican,Republican,1952-02-02,60,336,60.918
113,2013-01-03,D000563,Richard J. Durbin,IL,2,Democratic,Democrat,1944-11-21,68,43,68.1178
113,2013-01-03,M000355,Mitch McConnell,KY,2,Republican,Republican,1942-02-20,70,318,70.8689
113,2013-01-03,M001176,Jeff Merkley,OR,2,Democratic,Democrat,1956-10-24,56,71,56.1945
113,2013-01-03,R000122,Jack Reed,RI,2,Democratic,Democrat,1949-11-12,63,52,63.1425
113,2013-01-03,R000584,James E. Risch,ID,2,Republican,Republican,1943-05-03,69,245,69.6712
113,2013-01-03,S001181,Jeanne Shaheen,NH,2,Democratic,Democrat,1947-01-28,65,341,65.9317
113,2013-01-03,W000805,Mark R. Warner,VA,2,Democratic,Democrat,1954-12-15,58,19,58.0521
113,2013-01-03,G000555,Kirsten E. Gillibrand,NY,1,Democratic,Democrat,1966-12-09,46,25,46.0685
113,2013-01-03,C001088,Christopher A. Coons,DE,2,Democratic,Democrat,1963-09-09,49,116,49.3178
113,2013-01-03,B001230,Tammy Baldwin,WI,1,Democratic,Democrat,1962-02-11,50,327,50.8934
113,2013-01-03,B001267,Michael F. Bennet,CO,3,Democratic,Democrat,1964-11-28,48,36,48.0986
113,2013-01-03,B001277,Richard Blumenthal,CT,3,Democratic,Democrat,1946-02-13,66,325,66.888
113,2013-01-03,B001236,John Boozman,AR,3,Republican,Republican,1950-12-10,62,24,62.0658
113,2013-01-03,C000880,Mike Crapo,ID,3,Republican,Republican,1951-05-20,61,228,61.6247
113,2013-01-03,G000386,Chuck Grassley,IA,3,Republican,Republican,1933-09-17,79,108,79.2959
113,2013-01-03,H001046,Martin Heinrich,NM,1,Democratic,Democrat,1971-10-17,41,78,41.2137
113,2013-01-03,H001042,Mazie K. Hirono,HI,1,Democratic,Democrat,1947-11-03,65,61,65.1671
113,2013-01-03,H001061,John Hoeven,ND,3,Republican,Republican,1957-03-13,55,296,55.811
113,2013-01-03,J000293,Ron Johnson,WI,3,Republican,Republican,1955-04-08,57,270,57.7397
113,2013-01-03,L000577,Mike Lee,UT,3,Republican,Republican,1971-06-04,41,213,41.5836
113,2013-01-03,M000934,Jerry Moran,KS,3,Republican,Republican,1954-05-29,58,219,58.6
113,2013-01-03,M001153,Lisa Murkowski,AK,3,Republican,Republican,1957-05-22,55,226,55.6192
113,2013-01-03,M001169,Christopher Murphy,CT,1,Democratic,Democrat,1973-08-03,39,153,39.4192
113,2013-01-03,M001111,Patty Murray,WA,3,Democratic,Democrat,1950-10-11,62,84,62.2301
113,2013-01-03,P000603,Rand Paul,KY,3,Republican,Republican,1963-01-07,49,362,49.9891
113,2013-01-03,S000148,Charles E. Schumer,NY,3,Democratic,Democrat,1950-11-23,62,41,62.1123
113,2013-01-03,S001184,Tim Scott,SC,3,Republican,Republican,1965-09-19,47,106,47.2904
113,2013-01-03,T000250,John Thune,SD,3,Republican,Republican,1961-01-07,51,362,51.9891
113,2013-01-03,W000779,Ron Wyden,OR,3,Democratic,Democrat,1949-05-03,63,245,63.6712
113,2013-01-03,S001194,Brian Schatz,HI,3,Democratic,Democrat,1972-10-20,40,75,40.2055
113,2013-01-03,W000817,Elizabeth Warren,MA,1,Democratic,Democrat,1949-06-22,63,195,63.5342
113,2013-01-03,K000383,"Angus S. King, Jr.",ME,1,Other,Independent,1944-03-31,68,278,68.7616
113,2013-01-03,F000463,Deb Fischer,NE,1,Republican,Republican,1951-03-01,61,308,61.8438
113,2013-01-03,C001098,Ted Cruz,TX,1,Republican,Republican,1970-12-22,42,12,42.0329
113,2013-01-03,K000384,Tim Kaine,VA,1,Democratic,Democrat,1958-02-26,54,312,54.8525
113,2013-01-03,K000148,John F. Kerry,MA,2,Democratic,Democrat,1943-12-11,69,23,69.063
113,2013-01-03,L000123,Frank R. Lautenberg,NJ,2,Democratic,Democrat,1924-01-23,88,346,88.9454
113,2013-01-03,B000243,Max Baucus,MT,2,Democratic,Democrat,1941-12-11,71,23,71.063
113,2013-01-03,B001265,Mark Begich,AK,2,Democratic,Democrat,1962-03-30,50,279,50.7644
113,2013-01-03,C000286,Saxby Chambliss,GA,2,Republican,Republican,1943-11-10,69,54,69.1479
113,2013-01-03,H001049,Kay R. Hagan,NC,2,Democratic,Democrat,1953-05-26,59,222,59.6082
113,2013-01-03,H000206,Tom Harkin,IA,2,Democratic,Democrat,1939-11-19,73,45,73.1233
113,2013-01-03,J000177,Tim Johnson,SD,2,Democratic,Democrat,1946-12-28,66,6,66.0164
113,2013-01-03,L000550,Mary L. Landrieu,LA,2,Democratic,Democrat,1955-11-23,57,41,57.1123
113,2013-01-03,L000261,Carl Levin,MI,2,Democratic,Democrat,1934-06-28,78,189,78.5178
113,2013-01-03,P000590,Mark L. Pryor,AR,2,Democratic,Democrat,1963-01-10,49,359,49.9809
113,2013-01-03,R000361,"John D. Rockefeller, IV",WV,2,Democratic,Democrat,1937-06-18,75,199,75.5452
113,2013-01-03,U000038,Mark Udall,CO,2,Democratic,Democrat,1950-07-18,62,169,62.463
113,2013-01-03,C000560,Tom Coburn,OK,3,Republican,Republican,1948-03-14,64,295,64.8082
113,2013-01-03,J000291,Mike Johanns,NE,2,Republican,Republican,1950-06-18,62,199,62.5452
113,2013-01-03,A000368,Kelly Ayotte,NH,3,Republican,Republican,1968-06-27,44,190,44.5205
113,2013-01-03,B000711,Barbara Boxer,CA,3,Democratic,Democrat,1940-11-11,72,53,72.1452
113,2013-01-03,C000542,Daniel Coats,IN,3,Republican,Republican,1943-05-16,69,232,69.6356
113,2013-01-03,K000360,Mark Kirk,IL,3,Republican,Republican,1959-09-15,53,110,53.3014
113,2013-01-03,M000702,Barbara A. Mikulski,MD,3,Democratic,Democrat,1936-07-20,76,167,76.4575
113,2013-01-03,R000146,Harry Reid,NV,3,Democratic,Democrat,1939-12-02,73,32,73.0877
113,2013-01-03,V000127,David Vitter,LA,3,Republican,Republican,1961-05-03,51,245,51.6712
113,2013-01-03,S001141,Jeff Sessions,AL,2,Republican,Republican,1946-12-24,66,10,66.0274
113,2013-01-03,F000457,Al Franken,MN,2,Democratic,Democrat,1951-05-21,61,227,61.6219
113,2013-01-03,C000567,Thad Cochran,MS,2,Republican,Republican,1937-12-07,75,27,75.074
113,2013-01-03,M000303,John McCain,AZ,3,Republican,Republican,1936-08-29,76,127,76.3479
113,2013-01-03,C001071,Bob Corker,TN,1,Republican,Republican,1952-08-24,60,132,60.3616
113,2013-01-03,H000338,Orrin G. Hatch,UT,1,Republican,Republican,1934-03-22,78,287,78.7863
113,2013-01-03,M001170,Claire McCaskill,MO,1,Democratic,Democrat,1953-07-24,59,163,59.4466
113,2013-01-03,N000032,Bill Nelson,FL,1,Democratic,Democrat,1942-09-29,70,96,70.263
113,2013-01-03,D000607,Joe Donnelly,IN,1,Democratic,Democrat,1955-09-29,57,96,57.263
113,2013-01-03,F000444,Jeff Flake,AZ,1,Republican,Republican,1962-12-31,50,3,50.0082
113,2013-01-03,H001041,Dean Heller,NV,1,Republican,Republican,1960-05-10,52,238,52.6521
113,2013-01-03,H001069,Heidi Heitkamp,ND,1,Democratic,Democrat,1955-10-30,57,65,57.1781
113,2013-01-03,I000055,Johnny Isakson,GA,3,Republican,Republican,1944-12-28,68,6,68.0164
113,2013-01-03,A000360,Lamar Alexander,TN,2,Republican,Republican,1940-07-03,72,184,72.5041
113,2013-01-03,E000285,Michael B. Enzi,WY,2,Republican,Republican,1944-02-01,68,337,68.9208
113,2013-01-03,R000307,Pat Roberts,KS,2,Republican,Republican,1936-04-20,76,258,76.7068
113,2013-01-03,U000039,Tom Udall,NM,2,Democratic,Democrat,1948-05-18,64,230,64.6301
113,2013-01-03,B000575,Roy Blunt,MO,3,Republican,Republican,1950-01-10,62,359,62.9809
113,2013-01-03,B001135,Richard Burr,NC,3,Republican,Republican,1955-11-30,57,34,57.0932
113,2013-01-03,L000174,Patrick J. Leahy,VT,3,Democratic,Democrat,1940-03-31,72,278,72.7616
113,2013-01-03,P000449,Rob Portman,OH,3,Republican,Republican,1955-12-19,57,15,57.0411
113,2013-01-03,S000320,Richard C. Shelby,AL,3,Republican,Republican,1934-05-06,78,242,78.663
113,2013-01-03,T000461,Patrick J. Toomey,PA,3,Republican,Republican,1961-11-17,51,47,51.1288
113,2013-01-03,I000024,James M. Inhofe,OK,2,Republican,Republican,1934-11-17,78,47,78.1288
113,2013-01-03,F000062,Dianne Feinstein,CA,1,Democratic,Democrat,1933-06-22,79,195,79.5342
113,2013-01-03,M000639,Robert Menendez,NJ,1,Democratic,Democrat,1954-01-01,59,2,59.0055
113,2013-01-03,B000944,Sherrod Brown,OH,1,Democratic,Democrat,1952-11-09,60,55,60.1507
113,2013-01-03,C000141,Benjamin L. Cardin,MD,1,Democratic,Democrat,1943-10-05,69,90,69.2466
113,2013-01-03,C000174,Thomas R. Carper,DE,1,Democratic,Democrat,1947-01-23,65,346,65.9454
113,2013-01-03,C001070,"Robert P. Casey, Jr.",PA,1,Democratic,Democrat,1960-04-13,52,265,52.726
113,2013-01-03,S000770,Debbie Stabenow,MI,1,Democratic,Democrat,1950-04-29,62,249,62.6822
113,2013-01-03,T000464,Jon Tester,MT,1,Democratic,Democrat,1956-08-21,56,135,56.3699
113,2013-01-03,M001183,"Joe Manchin, III",WV,1,Democratic,Democrat,1947-08-24,65,132,65.3616
113,2013-01-03,R000595,Marco Rubio,FL,3,Republican,Republican,1971-05-28,41,220,41.6027
113,2013-01-03,G000359,Lindsey Graham,SC,2,Republican,Republican,1955-07-09,57,178,57.4877
114,2015-01-06,C000127,Maria Cantwell,WA,1,Democratic,Democrat,1958-10-13,56,85,56.2329
114,2015-01-06,K000367,Amy Klobuchar,MN,1,Democratic,Democrat,1960-05-25,54,226,54.6192
114,2015-01-06,S000033,Bernard Sanders,VT,1,Other,Independent,1941-09-08,73,120,73.3288
114,2015-01-06,W000802,Sheldon Whitehouse,RI,1,Democratic,Democrat,1955-10-20,59,78,59.2137
114,2015-01-06,B001261,John Barrasso,WY,1,Republican,Republican,1952-07-21,62,169,62.463
114,2015-01-06,W000437,Roger F. Wicker,MS,1,Republican,Republican,1951-07-05,63,185,63.5068
114,2015-01-06,C001035,Susan M. Collins,ME,2,Republican,Republican,1952-12-07,62,30,62.0822
114,2015-01-06,C001056,John Cornyn,TX,2,Republican,Republican,1952-02-02,62,338,62.926
114,2015-01-06,D000563,Richard J. Durbin,IL,2,Democratic,Democrat,1944-11-21,70,46,70.126
114,2015-01-06,M000355,Mitch McConnell,KY,2,Republican,Republican,1942-02-20,72,320,72.8767
114,2015-01-06,M001176,Jeff Merkley,OR,2,Democratic,Democrat,1956-10-24,58,74,58.2027
114,2015-01-06,R000122,Jack Reed,RI,2,Democratic,Democrat,1949-11-12,65,55,65.1507
114,2015-01-06,R000584,James E. Risch,ID,2,Republican,Republican,1943-05-03,71,248,71.6795
114,2015-01-06,S001181,Jeanne Shaheen,NH,2,Democratic,Democrat,1947-01-28,67,343,67.9397
114,2015-01-06,W000805,Mark R. Warner,VA,2,Democratic,Democrat,1954-12-15,60,22,60.0603
114,2015-01-06,G000555,Kirsten E. Gillibrand,NY,1,Democratic,Democrat,1966-12-09,48,28,48.0767
114,2015-01-06,C001088,Christopher A. Coons,DE,2,Democratic,Democrat,1963-09-09,51,119,51.326
114,2015-01-06,B001230,Tammy Baldwin,WI,1,Democratic,Democrat,1962-02-11,52,329,52.9014
114,2015-01-06,B001267,Michael F. Bennet,CO,3,Democratic,Democrat,1964-11-28,50,39,50.1068
114,2015-01-06,B001277,Richard Blumenthal,CT,3,Democratic,Democrat,1946-02-13,68,327,68.8959
114,2015-01-06,B001236,John Boozman,AR,3,Republican,Republican,1950-12-10,64,27,64.074
114,2015-01-06,C001047,Shelley Moore Capito,WV,2,Republican,Republican,1953-11-26,61,41,61.1123
114,2015-01-06,C001075,Bill Cassidy,LA,2,Republican,Republican,1957-09-28,57,100,57.274
114,2015-01-06,C000880,Mike Crapo,ID,3,Republican,Republican,1951-05-20,63,231,63.6329
114,2015-01-06,G000386,Chuck Grassley,IA,3,Republican,Republican,1933-09-17,81,111,81.3041
114,2015-01-06,H001046,Martin Heinrich,NM,1,Democratic,Democrat,1971-10-17,43,81,43.2219
114,2015-01-06,H001042,Mazie K. Hirono,HI,1,Democratic,Democrat,1947-11-03,67,64,67.1753
114,2015-01-06,H001061,John Hoeven,ND,3,Republican,Republican,1957-03-13,57,299,57.8192
114,2015-01-06,J000293,Ron Johnson,WI,3,Republican,Republican,1955-04-08,59,273,59.7479
114,2015-01-06,L000575,James Lankford,OK,3,Republican,Republican,1968-03-04,46,308,46.8438
114,2015-01-06,L000577,Mike Lee,UT,3,Republican,Republican,1971-06-04,43,216,43.5918
114,2015-01-06,M000133,Edward J. Markey,MA,2,Democratic,Democrat,1946-07-11,68,179,68.4904
114,2015-01-06,M000934,Jerry Moran,KS,3,Republican,Republican,1954-05-29,60,222,60.6082
114,2015-01-06,M001153,Lisa Murkowski,AK,3,Republican,Republican,1957-05-22,57,229,57.6274
114,2015-01-06,M001169,Christopher Murphy,CT,1,Democratic,Democrat,1973-08-03,41,156,41.4274
114,2015-01-06,M001111,Patty Murray,WA,3,Democratic,Democrat,1950-10-11,64,87,64.2384
114,2015-01-06,P000603,Rand Paul,KY,3,Republican,Republican,1963-01-07,51,364,51.9973
114,2015-01-06,P000595,Gary C. Peters,MI,2,Democratic,Democrat,1958-12-01,56,36,56.0986
114,2015-01-06,S000148,Charles E. Schumer,NY,3,Democratic,Democrat,1950-11-23,64,44,64.1205
114,2015-01-06,S001184,Tim Scott,SC,3,Republican,Republican,1965-09-19,49,109,49.2986
114,2015-01-06,T000250,John Thune,SD,3,Republican,Republican,1961-01-07,53,364,53.9973
114,2015-01-06,W000779,Ron Wyden,OR,3,Democratic,Democrat,1949-05-03,65,248,65.6795
114,2015-01-06,S001194,Brian Schatz,HI,3,Democratic,Democrat,1972-10-20,42,78,42.2137
114,2015-01-06,C001095,Tom Cotton,AR,2,Republican,Republican,1977-05-13,37,238,37.6521
114,2015-01-06,W000817,Elizabeth Warren,MA,1,Democratic,Democrat,1949-06-22,65,198,65.5425
114,2015-01-06,K000383,"Angus S. King, Jr.",ME,1,Other,Independent,1944-03-31,70,281,70.7699
114,2015-01-06,D000618,Steve Daines,MT,2,Republican,Republican,1962-08-20,52,139,52.3808
114,2015-01-06,F000463,Deb Fischer,NE,1,Republican,Republican,1951-03-01,63,311,63.8521
114,2015-01-06,C001098,Ted Cruz,TX,1,Republican,Republican,1970-12-22,44,15,44.0411
114,2015-01-06,K000384,Tim Kaine,VA,1,Democratic,Democrat,1958-02-26,56,314,56.8603
114,2015-01-06,B001288,Cory A. Booker,NJ,2,Democratic,Democrat,1969-04-27,45,254,45.6959
114,2015-01-06,S001198,Dan Sullivan,AK,2,Republican,Republican,1964-11-13,50,54,50.1479
114,2015-01-06,E000295,Joni Ernst,IA,2,Republican,Republican,1970-07-01,44,189,44.5178
114,2015-01-06,T000476,Thom Tillis,NC,2,Republican,Republican,1960-08-30,54,129,54.3534
114,2015-01-06,R000605,Mike Rounds,SD,2,Republican,Republican,1954-10-24,60,74,60.2027
114,2015-01-06,A000368,Kelly Ayotte,NH,3,Republican,Republican,1968-06-27,46,193,46.5288
114,2015-01-06,B000711,Barbara Boxer,CA,3,Democratic,Democrat,1940-11-11,74,56,74.1534
114,2015-01-06,C000542,Daniel Coats,IN,3,Republican,Republican,1943-05-16,71,235,71.6438
114,2015-01-06,K000360,Mark Kirk,IL,3,Republican,Republican,1959-09-15,55,113,55.3096
114,2015-01-06,M000702,Barbara A. Mikulski,MD,3,Democratic,Democrat,1936-07-20,78,170,78.4658
114,2015-01-06,R000146,Harry Reid,NV,3,Democratic,Democrat,1939-12-02,75,35,75.0959
114,2015-01-06,V000127,David Vitter,LA,3,Republican,Republican,1961-05-03,53,248,53.6795
114,2015-01-06,S001141,Jeff Sessions,AL,2,Republican,Republican,1946-12-24,68,13,68.0356
114,2015-01-06,F000457,Al Franken,MN,2,Democratic,Democrat,1951-05-21,63,230,63.6301
114,2015-01-06,C000567,Thad Cochran,MS,2,Republican,Republican,1937-12-07,77,30,77.0822
114,2015-01-06,M000303,John McCain,AZ,3,Republican,Republican,1936-08-29,78,130,78.3562
114,2015-01-06,C001071,Bob Corker,TN,1,Republican,Republican,1952-08-24,62,135,62.3699
114,2015-01-06,H000338,Orrin G. Hatch,UT,1,Republican,Republican,1934-03-22,80,290,80.7945
114,2015-01-06,M001170,Claire McCaskill,MO,1,Democratic,Democrat,1953-07-24,61,166,61.4548
114,2015-01-06,N000032,Bill Nelson,FL,1,Democratic,Democrat,1942-09-29,72,99,72.2712
114,2015-01-06,D000607,Joe Donnelly,IN,1,Democratic,Democrat,1955-09-29,59,99,59.2712
114,2015-01-06,F000444,Jeff Flake,AZ,1,Republican,Republican,1962-12-31,52,6,52.0164
114,2015-01-06,H001041,Dean Heller,NV,1,Republican,Republican,1960-05-10,54,241,54.6603
114,2015-01-06,H001069,Heidi Heitkamp,ND,1,Democratic,Democrat,1955-10-30,59,68,59.1863
114,2015-01-06,I000055,Johnny Isakson,GA,3,Republican,Republican,1944-12-28,70,9,70.0247
114,2015-01-06,A000360,Lamar Alexander,TN,2,Republican,Republican,1940-07-03,74,187,74.5123
114,2015-01-06,E000285,Michael B. Enzi,WY,2,Republican,Republican,1944-02-01,70,339,70.9288
114,2015-01-06,R000307,Pat Roberts,KS,2,Republican,Republican,1936-04-20,78,261,78.7151
114,2015-01-06,U000039,Tom Udall,NM,2,Democratic,Democrat,1948-05-18,66,233,66.6384
114,2015-01-06,G000562,Cory Gardner,CO,2,Republican,Republican,1974-08-22,40,137,40.3753
114,2015-01-06,P000612,David Perdue,GA,2,Republican,Republican,1949-12-10,65,27,65.074
114,2015-01-06,B000575,Roy Blunt,MO,3,Republican,Republican,1950-01-10,64,361,64.989
114,2015-01-06,B001135,Richard Burr,NC,3,Republican,Republican,1955-11-30,59,37,59.1014
114,2015-01-06,L000174,Patrick J. Leahy,VT,3,Democratic,Democrat,1940-03-31,74,281,74.7699
114,2015-01-06,P000449,Rob Portman,OH,3,Republican,Republican,1955-12-19,59,18,59.0493
114,2015-01-06,S000320,Richard C. Shelby,AL,3,Republican,Republican,1934-05-06,80,245,80.6712
114,2015-01-06,T000461,Patrick J. Toomey,PA,3,Republican,Republican,1961-11-17,53,50,53.137
114,2015-01-06,I000024,James M. Inhofe,OK,2,Republican,Republican,1934-11-17,80,50,80.137
114,2015-01-06,S001197,Ben Sasse,NE,2,Republican,Republican,1972-02-22,42,318,42.8712
114,2015-01-06,F000062,Dianne Feinstein,CA,1,Democratic,Democrat,1933-06-22,81,198,81.5425
114,2015-01-06,M000639,Robert Menendez,NJ,1,Democratic,Democrat,1954-01-01,61,5,61.0137
114,2015-01-06,B000944,Sherrod Brown,OH,1,Democratic,Democrat,1952-11-09,62,58,62.1589
114,2015-01-06,C000141,Benjamin L. Cardin,MD,1,Democratic,Democrat,1943-10-05,71,93,71.2548
114,2015-01-06,C000174,Thomas R. Carper,DE,1,Democratic,Democrat,1947-01-23,67,348,67.9534
114,2015-01-06,C001070,"Robert P. Casey, Jr.",PA,1,Democratic,Democrat,1960-04-13,54,268,54.7342
114,2015-01-06,S000770,Debbie Stabenow,MI,1,Democratic,Democrat,1950-04-29,64,252,64.6904
114,2015-01-06,T000464,Jon Tester,MT,1,Democratic,Democrat,1956-08-21,58,138,58.3781
114,2015-01-06,M001183,"Joe Manchin, III",WV,1,Democratic,Democrat,1947-08-24,67,135,67.3699
114,2015-01-06,R000595,Marco Rubio,FL,3,Republican,Republican,1971-05-28,43,223,43.611
114,2015-01-06,G000359,Lindsey Graham,SC,2,Republican,Republican,1955-07-09,59,181,59.4959
115,2017-01-03,C000127,Maria Cantwell,WA,1,Democratic,Democrat,1958-10-13,58,82,58.2247
115,2017-01-03,K000367,Amy Klobuchar,MN,1,Democratic,Democrat,1960-05-25,56,223,56.611
115,2017-01-03,S000033,Bernard Sanders,VT,1,Other,Independent,1941-09-08,75,117,75.3205
115,2017-01-03,W000802,Sheldon Whitehouse,RI,1,Democratic,Democrat,1955-10-20,61,75,61.2055
115,2017-01-03,B001261,John Barrasso,WY,1,Republican,Republican,1952-07-21,64,166,64.4548
115,2017-01-03,W000437,Roger F. Wicker,MS,1,Republican,Republican,1951-07-05,65,182,65.4986
115,2017-01-03,C001035,Susan M. Collins,ME,2,Republican,Republican,1952-12-07,64,27,64.074
115,2017-01-03,C001056,John Cornyn,TX,2,Republican,Republican,1952-02-02,64,336,64.918
115,2017-01-03,D000563,Richard J. Durbin,IL,2,Democratic,Democrat,1944-11-21,72,43,72.1178
115,2017-01-03,M000355,Mitch McConnell,KY,2,Republican,Republican,1942-02-20,74,318,74.8689
115,2017-01-03,M001176,Jeff Merkley,OR,2,Democratic,Democrat,1956-10-24,60,71,60.1945
115,2017-01-03,R000122,Jack Reed,RI,2,Democratic,Democrat,1949-11-12,67,52,67.1425
115,2017-01-03,R000584,James E. Risch,ID,2,Republican,Republican,1943-05-03,73,245,73.6712
115,2017-01-03,S001181,Jeanne Shaheen,NH,2,Democratic,Democrat,1947-01-28,69,341,69.9317
115,2017-01-03,W000805,Mark R. Warner,VA,2,Democratic,Democrat,1954-12-15,62,19,62.0521
115,2017-01-03,G000555,Kirsten E. Gillibrand,NY,1,Democratic,Democrat,1966-12-09,50,25,50.0685
115,2017-01-03,C001088,Christopher A. Coons,DE,2,Democratic,Democrat,1963-09-09,53,116,53.3178
115,2017-01-03,B001230,Tammy Baldwin,WI,1,Democratic,Democrat,1962-02-11,54,327,54.8934
115,2017-01-03,B001267,Michael F. Bennet,CO,3,Democratic,Democrat,1964-11-28,52,36,52.0986
115,2017-01-03,B001277,Richard Blumenthal,CT,3,Democratic,Democrat,1946-02-13,70,325,70.888
115,2017-01-03,B001236,John Boozman,AR,3,Republican,Republican,1950-12-10,66,24,66.0658
115,2017-01-03,C001047,Shelley Moore Capito,WV,2,Republican,Republican,1953-11-26,63,38,63.1041
115,2017-01-03,C001075,Bill Cassidy,LA,2,Republican,Republican,1957-09-28,59,97,59.2658
115,2017-01-03,C000880,Mike Crapo,ID,3,Republican,Republican,1951-05-20,65,228,65.6247
115,2017-01-03,G000386,Chuck Grassley,IA,3,Republican,Republican,1933-09-17,83,108,83.2959
115,2017-01-03,H001046,Martin Heinrich,NM,1,Democratic,Democrat,1971-10-17,45,78,45.2137
115,2017-01-03,H001042,Mazie K. Hirono,HI,1,Democratic,Democrat,1947-11-03,69,61,69.1671
115,2017-01-03,H001061,John Hoeven,ND,3,Republican,Republican,1957-03-13,59,296,59.811
115,2017-01-03,J000293,Ron Johnson,WI,3,Republican,Republican,1955-04-08,61,270,61.7397
115,2017-01-03,L000575,James Lankford,OK,3,Republican,Republican,1968-03-04,48,305,48.8356
115,2017-01-03,L000577,Mike Lee,UT,3,Republican,Republican,1971-06-04,45,213,45.5836
115,2017-01-03,M000133,Edward J. Markey,MA,2,Democratic,Democrat,1946-07-11,70,176,70.4822
115,2017-01-03,M000934,Jerry Moran,KS,3,Republican,Republican,1954-05-29,62,219,62.6
115,2017-01-03,M001153,Lisa Murkowski,AK,3,Republican,Republican,1957-05-22,59,226,59.6192
115,2017-01-03,M001169,Christopher Murphy,CT,1,Democratic,Democrat,1973-08-03,43,153,43.4192
115,2017-01-03,M001111,Patty Murray,WA,3,Democratic,Democrat,1950-10-11,66,84,66.2301
115,2017-01-03,P000603,Rand Paul,KY,3,Republican,Republican,1963-01-07,53,362,53.9891
115,2017-01-03,P000595,Gary C. Peters,MI,2,Democratic,Democrat,1958-12-01,58,33,58.0904
115,2017-01-03,S000148,Charles E. Schumer,NY,3,Democratic,Democrat,1950-11-23,66,41,66.1123
115,2017-01-03,S001184,Tim Scott,SC,3,Republican,Republican,1965-09-19,51,106,51.2904
115,2017-01-03,T000250,John Thune,SD,3,Republican,Republican,1961-01-07,55,362,55.9891
115,2017-01-03,V000128,Chris Van Hollen,MD,3,Democratic,Democrat,1959-01-10,57,359,57.9809
115,2017-01-03,W000779,Ron Wyden,OR,3,Democratic,Democrat,1949-05-03,67,245,67.6712
115,2017-01-03,Y000064,Todd Young,IN,3,Republican,Republican,1972-08-24,44,132,44.3616
115,2017-01-03,S001194,Brian Schatz,HI,3,Democratic,Democrat,1972-10-20,44,75,44.2055
115,2017-01-03,C001095,Tom Cotton,AR,2,Republican,Republican,1977-05-13,39,235,39.6438
115,2017-01-03,D000622,Tammy Duckworth,IL,3,Democratic,Democrat,1968-03-12,48,297,48.8137
115,2017-01-03,W000817,Elizabeth Warren,MA,1,Democratic,Democrat,1949-06-22,67,195,67.5342
115,2017-01-03,K000383,"Angus S. King, Jr.",ME,1,Other,Independent,1944-03-31,72,278,72.7616
115,2017-01-03,D000618,Steve Daines,MT,2,Republican,Republican,1962-08-20,54,136,54.3726
115,2017-01-03,F000463,Deb Fischer,NE,1,Republican,Republican,1951-03-01,65,308,65.8438
115,2017-01-03,C001098,Ted Cruz,TX,1,Republican,Republican,1970-12-22,46,12,46.0329
115,2017-01-03,K000384,Tim Kaine,VA,1,Democratic,Democrat,1958-02-26,58,312,58.8525
115,2017-01-03,B001288,Cory A. Booker,NJ,2,Democratic,Democrat,1969-04-27,47,251,47.6877
115,2017-01-03,S001198,Dan Sullivan,AK,2,Republican,Republican,1964-11-13,52,51,52.1397
115,2017-01-03,E000295,Joni Ernst,IA,2,Republican,Republican,1970-07-01,46,186,46.5096
115,2017-01-03,T000476,Thom Tillis,NC,2,Republican,Republican,1960-08-30,56,126,56.3452
115,2017-01-03,R000605,Mike Rounds,SD,2,Republican,Republican,1954-10-24,62,71,62.1945
115,2017-01-03,K000393,John Kennedy,LA,3,Republican,Republican,1951-11-21,65,43,65.1178
115,2017-01-03,H001076,Margaret Wood Hassan,NH,3,Democratic,Democrat,1958-02-27,58,311,58.8497
115,2017-01-03,C001113,Catherine Cortez Masto,NV,3,Democratic,Democrat,1964-03-29,52,280,52.7671
115,2017-01-03,S001141,Jeff Sessions,AL,2,Republican,Republican,1946-12-24,70,10,70.0274
115,2017-01-03,F000457,Al Franken,MN,2,Democratic,Democrat,1951-05-21,65,227,65.6219
115,2017-01-03,C000567,Thad Cochran,MS,2,Republican,Republican,1937-12-07,79,27,79.074
115,2017-01-03,M000303,John McCain,AZ,3,Republican,Republican,1936-08-29,80,127,80.3479
115,2017-01-03,C001071,Bob Corker,TN,1,Republican,Republican,1952-08-24,64,132,64.3616
115,2017-01-03,H000338,Orrin G. Hatch,UT,1,Republican,Republican,1934-03-22,82,287,82.7863
115,2017-01-03,M001170,Claire McCaskill,MO,1,Democratic,Democrat,1953-07-24,63,163,63.4466
115,2017-01-03,N000032,Bill Nelson,FL,1,Democratic,Democrat,1942-09-29,74,96,74.263
115,2017-01-03,D000607,Joe Donnelly,IN,1,Democratic,Democrat,1955-09-29,61,96,61.263
115,2017-01-03,F000444,Jeff Flake,AZ,1,Republican,Republican,1962-12-31,54,3,54.0082
115,2017-01-03,H001041,Dean Heller,NV,1,Republican,Republican,1960-05-10,56,238,56.6521
115,2017-01-03,H001069,Heidi Heitkamp,ND,1,Democratic,Democrat,1955-10-30,61,65,61.1781
115,2017-01-03,I000055,Johnny Isakson,GA,3,Republican,Republican,1944-12-28,72,6,72.0164
115,2017-01-03,A000360,Lamar Alexander,TN,2,Republican,Republican,1940-07-03,76,184,76.5041
115,2017-01-03,E000285,Michael B. Enzi,WY,2,Republican,Republican,1944-02-01,72,337,72.9208
115,2017-01-03,R000307,Pat Roberts,KS,2,Republican,Republican,1936-04-20,80,258,80.7068
115,2017-01-03,U000039,Tom Udall,NM,2,Democratic,Democrat,1948-05-18,68,230,68.6301
115,2017-01-03,G000562,Cory Gardner,CO,2,Republican,Republican,1974-08-22,42,134,42.3671
115,2017-01-03,P000612,David Perdue,GA,2,Republican,Republican,1949-12-10,67,24,67.0658
115,2017-01-03,H001075,Kamala D. Harris,CA,3,Democratic,Democrat,1964-10-20,52,75,52.2055
115,2017-01-03,B000575,Roy Blunt,MO,3,Republican,Republican,1950-01-10,66,359,66.9809
115,2017-01-03,B001135,Richard Burr,NC,3,Republican,Republican,1955-11-30,61,34,61.0932
115,2017-01-03,L000174,Patrick J. Leahy,VT,3,Democratic,Democrat,1940-03-31,76,278,76.7616
115,2017-01-03,P000449,Rob Portman,OH,3,Republican,Republican,1955-12-19,61,15,61.0411
115,2017-01-03,S000320,Richard C. Shelby,AL,3,Republican,Republican,1934-05-06,82,242,82.663
115,2017-01-03,T000461,Patrick J. Toomey,PA,3,Republican,Republican,1961-11-17,55,47,55.1288
115,2017-01-03,I000024,James M. Inhofe,OK,2,Republican,Republican,1934-11-17,82,47,82.1288
115,2017-01-03,S001197,Ben Sasse,NE,2,Republican,Republican,1972-02-22,44,316,44.8634
115,2017-01-03,F000062,Dianne Feinstein,CA,1,Democratic,Democrat,1933-06-22,83,195,83.5342
115,2017-01-03,M000639,Robert Menendez,NJ,1,Democratic,Democrat,1954-01-01,63,2,63.0055
115,2017-01-03,B000944,Sherrod Brown,OH,1,Democratic,Democrat,1952-11-09,64,55,64.1507
115,2017-01-03,C000141,Benjamin L. Cardin,MD,1,Democratic,Democrat,1943-10-05,73,90,73.2466
115,2017-01-03,C000174,Thomas R. Carper,DE,1,Democratic,Democrat,1947-01-23,69,346,69.9454
115,2017-01-03,C001070,"Robert P. Casey, Jr.",PA,1,Democratic,Democrat,1960-04-13,56,265,56.726
115,2017-01-03,S000770,Debbie Stabenow,MI,1,Democratic,Democrat,1950-04-29,66,249,66.6822
115,2017-01-03,T000464,Jon Tester,MT,1,Democratic,Democrat,1956-08-21,60,135,60.3699
115,2017-01-03,M001183,"Joe Manchin, III",WV,1,Democratic,Democrat,1947-08-24,69,132,69.3616
115,2017-01-03,R000595,Marco Rubio,FL,3,Republican,Republican,1971-05-28,45,220,45.6027
115,2017-01-03,G000359,Lindsey Graham,SC,2,Republican,Republican,1955-07-09,61,178,61.4877
116,2019-01-03,C000127,Maria Cantwell,WA,1,Democratic,Democrat,1958-10-13,60,82,60.2247
116,2019-01-03,K000367,Amy Klobuchar,MN,1,Democratic,Democrat,1960-05-25,58,223,58.611
116,2019-01-03,S000033,Bernard Sanders,VT,1,Other,Independent,1941-09-08,77,117,77.3205
116,2019-01-03,W000802,Sheldon Whitehouse,RI,1,Democratic,Democrat,1955-10-20,63,75,63.2055
116,2019-01-03,B001261,John Barrasso,WY,1,Republican,Republican,1952-07-21,66,166,66.4548
116,2019-01-03,W000437,Roger F. Wicker,MS,1,Republican,Republican,1951-07-05,67,182,67.4986
116,2019-01-03,C001035,Susan M. Collins,ME,2,Republican,Republican,1952-12-07,66,27,66.074
116,2019-01-03,C001056,John Cornyn,TX,2,Republican,Republican,1952-02-02,66,335,66.9178
116,2019-01-03,D000563,Richard J. Durbin,IL,2,Democratic,Democrat,1944-11-21,74,43,74.1178
116,2019-01-03,M000355,Mitch McConnell,KY,2,Republican,Republican,1942-02-20,76,317,76.8685
116,2019-01-03,M001176,Jeff Merkley,OR,2,Democratic,Democrat,1956-10-24,62,71,62.1945
116,2019-01-03,R000122,Jack Reed,RI,2,Democratic,Democrat,1949-11-12,69,52,69.1425
116,2019-01-03,R000584,James E. Risch,ID,2,Republican,Republican,1943-05-03,75,245,75.6712
116,2019-01-03,S001181,Jeanne Shaheen,NH,2,Democratic,Democrat,1947-01-28,71,340,71.9315
116,2019-01-03,W000805,Mark R. Warner,VA,2,Democratic,Democrat,1954-12-15,64,19,64.0521
116,2019-01-03,G000555,Kirsten E. Gillibrand,NY,1,Democratic,Democrat,1966-12-09,52,25,52.0685
116,2019-01-03,C001088,Christopher A. Coons,DE,2,Democratic,Democrat,1963-09-09,55,116,55.3178
116,2019-01-03,B001230,Tammy Baldwin,WI,1,Democratic,Democrat,1962-02-11,56,326,56.8932
116,2019-01-03,B001267,Michael F. Bennet,CO,3,Democratic,Democrat,1964-11-28,54,36,54.0986
116,2019-01-03,B001243,Marsha Blackburn,TN,1,Republican,Republican,1952-06-06,66,211,66.5781
116,2019-01-03,B001277,Richard Blumenthal,CT,3,Democratic,Democrat,1946-02-13,72,324,72.8877
116,2019-01-03,B001236,John Boozman,AR,3,Republican,Republican,1950-12-10,68,24,68.0658
116,2019-01-03,C001047,Shelley Moore Capito,WV,2,Republican,Republican,1953-11-26,65,38,65.1041
116,2019-01-03,C001075,Bill Cassidy,LA,2,Republican,Republican,1957-09-28,61,97,61.2658
116,2019-01-03,C000880,Mike Crapo,ID,3,Republican,Republican,1951-05-20,67,228,67.6247
116,2019-01-03,G000386,Chuck Grassley,IA,3,Republican,Republican,1933-09-17,85,108,85.2959
116,2019-01-03,H001046,Martin Heinrich,NM,1,Democratic,Democrat,1971-10-17,47,78,47.2137
116,2019-01-03,H001042,Mazie K. Hirono,HI,1,Democratic,Democrat,1947-11-03,71,61,71.1671
116,2019-01-03,H001061,John Hoeven,ND,3,Republican,Republican,1957-03-13,61,296,61.811
116,2019-01-03,J000293,Ron Johnson,WI,3,Republican,Republican,1955-04-08,63,270,63.7397
116,2019-01-03,L000575,James Lankford,OK,3,Republican,Republican,1968-03-04,50,305,50.8356
116,2019-01-03,L000577,Mike Lee,UT,3,Republican,Republican,1971-06-04,47,213,47.5836
116,2019-01-03,M000133,Edward J. Markey,MA,2,Democratic,Democrat,1946-07-11,72,176,72.4822
116,2019-01-03,M000934,Jerry Moran,KS,3,Republican,Republican,1954-05-29,64,219,64.6
116,2019-01-03,M001153,Lisa Murkowski,AK,3,Republican,Republican,1957-05-22,61,226,61.6192
116,2019-01-03,M001169,Christopher Murphy,CT,1,Democratic,Democrat,1973-08-03,45,153,45.4192
116,2019-01-03,M001111,Patty Murray,WA,3,Democratic,Democrat,1950-10-11,68,84,68.2301
116,2019-01-03,P000603,Rand Paul,KY,3,Republican,Republican,1963-01-07,55,361,55.989
116,2019-01-03,P000595,Gary C. Peters,MI,2,Democratic,Democrat,1958-12-01,60,33,60.0904
116,2019-01-03,S000148,Charles E. Schumer,NY,3,Democratic,Democrat,1950-11-23,68,41,68.1123
116,2019-01-03,S001184,Tim Scott,SC,3,Republican,Republican,1965-09-19,53,106,53.2904
116,2019-01-03,T000250,John Thune,SD,3,Republican,Republican,1961-01-07,57,361,57.989
116,2019-01-03,V000128,Chris Van Hollen,MD,3,Democratic,Democrat,1959-01-10,59,358,59.9808
116,2019-01-03,W000779,Ron Wyden,OR,3,Democratic,Democrat,1949-05-03,69,245,69.6712
116,2019-01-03,Y000064,Todd Young,IN,3,Republican,Republican,1972-08-24,46,132,46.3616
116,2019-01-03,S001194,Brian Schatz,HI,3,Democratic,Democrat,1972-10-20,46,75,46.2055
116,2019-01-03,C001095,Tom Cotton,AR,2,Republican,Republican,1977-05-13,41,235,41.6438
116,2019-01-03,D000622,Tammy Duckworth,IL,3,Democratic,Democrat,1968-03-12,50,297,50.8137
116,2019-01-03,W000817,Elizabeth Warren,MA,1,Democratic,Democrat,1949-06-22,69,195,69.5342
116,2019-01-03,K000383,"Angus S. King, Jr.",ME,1,Other,Independent,1944-03-31,74,278,74.7616
116,2019-01-03,D000618,Steve Daines,MT,2,Republican,Republican,1962-08-20,56,136,56.3726
116,2019-01-03,C001096,Kevin Cramer,ND,1,Republican,Republican,1961-01-21,57,347,57.9507
116,2019-01-03,F000463,Deb Fischer,NE,1,Republican,Republican,1951-03-01,67,308,67.8438
116,2019-01-03,C001098,Ted Cruz,TX,1,Republican,Republican,1970-12-22,48,12,48.0329
116,2019-01-03,K000384,Tim Kaine,VA,1,Democratic,Democrat,1958-02-26,60,311,60.8521
116,2019-01-03,B001288,Cory A. Booker,NJ,2,Democratic,Democrat,1969-04-27,49,251,49.6877
116,2019-01-03,S001198,Dan Sullivan,AK,2,Republican,Republican,1964-11-13,54,51,54.1397
116,2019-01-03,E000295,Joni Ernst,IA,2,Republican,Republican,1970-07-01,48,186,48.5096
116,2019-01-03,T000476,Thom Tillis,NC,2,Republican,Republican,1960-08-30,58,126,58.3452
116,2019-01-03,R000605,Mike Rounds,SD,2,Republican,Republican,1954-10-24,64,71,64.1945
116,2019-01-03,K000393,John Kennedy,LA,3,Republican,Republican,1951-11-21,67,43,67.1178
116,2019-01-03,H001076,Margaret Wood Hassan,NH,3,Democratic,Democrat,1958-02-27,60,310,60.8493
116,2019-01-03,C001113,Catherine Cortez Masto,NV,3,Democratic,Democrat,1964-03-29,54,280,54.7671
116,2019-01-03,R000608,Jacky Rosen,NV,1,Democratic,Democrat,1957-08-02,61,154,61.4219
116,2019-01-03,S001203,Tina Smith,MN,2,Democratic,Democrat,1958-03-04,60,305,60.8356
116,2019-01-03,H001079,Cindy Hyde-Smith,MS,2,Republican,Republican,1959-05-10,59,238,59.6521
116,2019-01-03,H001089,Josh Hawley,MO,1,Republican,Republican,1979-12-31,39,3,39.0082
116,2019-01-03,I000055,Johnny Isakson,GA,3,Republican,Republican,1944-12-28,74,6,74.0164
116,2019-01-03,M001197,Martha McSally,AZ,3,Republican,Republican,1966-03-22,52,287,52.7863
116,2019-01-03,A000360,Lamar Alexander,TN,2,Republican,Republican,1940-07-03,78,184,78.5041
116,2019-01-03,E000285,Michael B. Enzi,WY,2,Republican,Republican,1944-02-01,74,336,74.9205
116,2019-01-03,R000307,Pat Roberts,KS,2,Republican,Republican,1936-04-20,82,258,82.7068
116,2019-01-03,U000039,Tom Udall,NM,2,Democratic,Democrat,1948-05-18,70,230,70.6301
116,2019-01-03,G000562,Cory Gardner,CO,2,Republican,Republican,1974-08-22,44,134,44.3671
116,2019-01-03,P000612,David Perdue,GA,2,Republican,Republican,1949-12-10,69,24,69.0658
116,2019-01-03,J000300,Doug Jones,AL,2,Democratic,Democrat,1954-05-04,64,244,64.6685
116,2019-01-03,H001075,Kamala D. Harris,CA,3,Democratic,Democrat,1964-10-20,54,75,54.2055
116,2019-01-03,B000575,Roy Blunt,MO,3,Republican,Republican,1950-01-10,68,358,68.9808
116,2019-01-03,B001135,Richard Burr,NC,3,Republican,Republican,1955-11-30,63,34,63.0932
116,2019-01-03,L000174,Patrick J. Leahy,VT,3,Democratic,Democrat,1940-03-31,78,278,78.7616
116,2019-01-03,P000449,Rob Portman,OH,3,Republican,Republican,1955-12-19,63,15,63.0411
116,2019-01-03,S000320,Richard C. Shelby,AL,3,Republican,Republican,1934-05-06,84,242,84.663
116,2019-01-03,T000461,Patrick J. Toomey,PA,3,Republican,Republican,1961-11-17,57,47,57.1288
116,2019-01-03,I000024,James M. Inhofe,OK,2,Republican,Republican,1934-11-17,84,47,84.1288
116,2019-01-03,S001197,Ben Sasse,NE,2,Republican,Republican,1972-02-22,46,315,46.863
116,2019-01-03,F000062,Dianne Feinstein,CA,1,Democratic,Democrat,1933-06-22,85,195,85.5342
116,2019-01-03,M000639,Robert Menendez,NJ,1,Democratic,Democrat,1954-01-01,65,2,65.0055
116,2019-01-03,B000944,Sherrod Brown,OH,1,Democratic,Democrat,1952-11-09,66,55,66.1507
116,2019-01-03,C000141,Benjamin L. Cardin,MD,1,Democratic,Democrat,1943-10-05,75,90,75.2466
116,2019-01-03,C000174,Thomas R. Carper,DE,1,Democratic,Democrat,1947-01-23,71,345,71.9452
116,2019-01-03,C001070,"Robert P. Casey, Jr.",PA,1,Democratic,Democrat,1960-04-13,58,265,58.726
116,2019-01-03,S000770,Debbie Stabenow,MI,1,Democratic,Democrat,1950-04-29,68,249,68.6822
116,2019-01-03,T000464,Jon Tester,MT,1,Democratic,Democrat,1956-08-21,62,135,62.3699
116,2019-01-03,M001183,"Joe Manchin, III",WV,1,Other,Independent,1947-08-24,71,132,71.3616
116,2019-01-03,S001191,Kyrsten Sinema,AZ,1,Other,Independent,1976-07-12,42,175,42.4795
116,2019-01-03,B001310,Mike Braun,IN,1,Republican,Republican,1954-03-24,64,285,64.7808
116,2019-01-03,R000615,Mitt Romney,UT,1,Republican,Republican,1947-03-12,71,297,71.8137
116,2019-01-03,R000595,Marco Rubio,FL,3,Republican,Republican,1971-05-28,47,220,47.6027
116,2019-01-03,G000359,Lindsey Graham,SC,2,Republican,Republican,1955-07-09,63,178,63.4877
117,2021-01-03,C000127,Maria Cantwell,WA,1,Democratic,Democrat,1958-10-13,62,82,62.2247
117,2021-01-03,K000367,Amy Klobuchar,MN,1,Democratic,Democrat,1960-05-25,60,223,60.611
117,2021-01-03,S000033,Bernard Sanders,VT,1,Other,Independent,1941-09-08,79,117,79.3205
117,2021-01-03,W000802,Sheldon Whitehouse,RI,1,Democratic,Democrat,1955-10-20,65,75,65.2055
117,2021-01-03,B001261,John Barrasso,WY,1,Republican,Republican,1952-07-21,68,166,68.4548
117,2021-01-03,W000437,Roger F. Wicker,MS,1,Republican,Republican,1951-07-05,69,182,69.4986
117,2021-01-03,C001035,Susan M. Collins,ME,2,Republican,Republican,1952-12-07,68,27,68.074
117,2021-01-03,C001056,John Cornyn,TX,2,Republican,Republican,1952-02-02,68,336,68.918
117,2021-01-03,D000563,Richard J. Durbin,IL,2,Democratic,Democrat,1944-11-21,76,43,76.1178
117,2021-01-03,M000355,Mitch McConnell,KY,2,Republican,Republican,1942-02-20,78,318,78.8689
117,2021-01-03,M001176,Jeff Merkley,OR,2,Democratic,Democrat,1956-10-24,64,71,64.1945
117,2021-01-03,R000122,Jack Reed,RI,2,Democratic,Democrat,1949-11-12,71,52,71.1425
117,2021-01-03,R000584,James E. Risch,ID,2,Republican,Republican,1943-05-03,77,245,77.6712
117,2021-01-03,S001181,Jeanne Shaheen,NH,2,Democratic,Democrat,1947-01-28,73,341,73.9317
117,2021-01-03,W000805,Mark R. Warner,VA,2,Democratic,Democrat,1954-12-15,66,19,66.0521
117,2021-01-03,G000555,Kirsten E. Gillibrand,NY,1,Democratic,Democrat,1966-12-09,54,25,54.0685
117,2021-01-03,C001088,Christopher A. Coons,DE,2,Democratic,Democrat,1963-09-09,57,116,57.3178
117,2021-01-03,B001230,Tammy Baldwin,WI,1,Democratic,Democrat,1962-02-11,58,327,58.8934
117,2021-01-03,B001267,Michael F. Bennet,CO,3,Democratic,Democrat,1964-11-28,56,36,56.0986
117,2021-01-03,B001243,Marsha Blackburn,TN,1,Republican,Republican,1952-06-06,68,211,68.5781
117,2021-01-03,B001277,Richard Blumenthal,CT,3,Democratic,Democrat,1946-02-13,74,325,74.888
117,2021-01-03,B001236,John Boozman,AR,3,Republican,Republican,1950-12-10,70,24,70.0658
117,2021-01-03,C001047,Shelley Moore Capito,WV,2,Republican,Republican,1953-11-26,67,38,67.1041
117,2021-01-03,C001075,Bill Cassidy,LA,2,Republican,Republican,1957-09-28,63,97,63.2658
117,2021-01-03,C000880,Mike Crapo,ID,3,Republican,Republican,1951-05-20,69,228,69.6247
117,2021-01-03,G000386,Chuck Grassley,IA,3,Republican,Republican,1933-09-17,87,108,87.2959
117,2021-01-03,H001046,Martin Heinrich,NM,1,Democratic,Democrat,1971-10-17,49,78,49.2137
117,2021-01-03,H001042,Mazie K. Hirono,HI,1,Democratic,Democrat,1947-11-03,73,61,73.1671
117,2021-01-03,H001061,John Hoeven,ND,3,Republican,Republican,1957-03-13,63,296,63.811
117,2021-01-03,J000293,Ron Johnson,WI,3,Republican,Republican,1955-04-08,65,270,65.7397
117,2021-01-03,L000575,James Lankford,OK,3,Republican,Republican,1968-03-04,52,305,52.8356
117,2021-01-03,L000577,Mike Lee,UT,3,Republican,Republican,1971-06-04,49,213,49.5836
117,2021-01-03,L000570,Ben Ray Luján,NM,2,Democratic,Democrat,1972-06-07,48,210,48.5753
117,2021-01-03,M000133,Edward J. Markey,MA,2,Democratic,Democrat,1946-07-11,74,176,74.4822
117,2021-01-03,M000934,Jerry Moran,KS,3,Republican,Republican,1954-05-29,66,219,66.6
117,2021-01-03,M001153,Lisa Murkowski,AK,3,Republican,Republican,1957-05-22,63,226,63.6192
117,2021-01-03,M001169,Christopher Murphy,CT,1,Democratic,Democrat,1973-08-03,47,153,47.4192
117,2021-01-03,M001111,Patty Murray,WA,3,Democratic,Democrat,1950-10-11,70,84,70.2301
117,2021-01-03,P000603,Rand Paul,KY,3,Republican,Republican,1963-01-07,57,362,57.9891
117,2021-01-03,P000595,Gary C. Peters,MI,2,Democratic,Democrat,1958-12-01,62,33,62.0904
117,2021-01-03,S000148,Charles E. Schumer,NY,3,Democratic,Democrat,1950-11-23,70,41,70.1123
117,2021-01-03,S001184,Tim Scott,SC,3,Republican,Republican,1965-09-19,55,106,55.2904
117,2021-01-03,T000250,John Thune,SD,3,Republican,Republican,1961-01-07,59,362,59.9891
117,2021-01-03,V000128,Chris Van Hollen,MD,3,Democratic,Democrat,1959-01-10,61,359,61.9809
117,2021-01-03,W000779,Ron Wyden,OR,3,Democratic,Democrat,1949-05-03,71,245,71.6712
117,2021-01-03,Y000064,Todd Young,IN,3,Republican,Republican,1972-08-24,48,132,48.3616
117,2021-01-03,S001194,Brian Schatz,HI,3,Democratic,Democrat,1972-10-20,48,75,48.2055
117,2021-01-03,C001095,Tom Cotton,AR,2,Republican,Republican,1977-05-13,43,235,43.6438
117,2021-01-03,D000622,Tammy Duckworth,IL,3,Democratic,Democrat,1968-03-12,52,297,52.8137
117,2021-01-03,W000817,Elizabeth Warren,MA,1,Democratic,Democrat,1949-06-22,71,195,71.5342
117,2021-01-03,K000383,"Angus S. King, Jr.",ME,1,Other,Independent,1944-03-31,76,278,76.7616
117,2021-01-03,D000618,Steve Daines,MT,2,Republican,Republican,1962-08-20,58,136,58.3726
117,2021-01-03,C001096,Kevin Cramer,ND,1,Republican,Republican,1961-01-21,59,348,59.9508
117,2021-01-03,F000463,Deb Fischer,NE,1,Republican,Republican,1951-03-01,69,308,69.8438
117,2021-01-03,C001098,Ted Cruz,TX,1,Republican,Republican,1970-12-22,50,12,50.0329
117,2021-01-03,K000384,Tim Kaine,VA,1,Democratic,Democrat,1958-02-26,62,312,62.8525
117,2021-01-03,B001288,Cory A. Booker,NJ,2,Democratic,Democrat,1969-04-27,51,251,51.6877
117,2021-01-03,S001198,Dan Sullivan,AK,2,Republican,Republican,1964-11-13,56,51,56.1397
117,2021-01-03,E000295,Joni Ernst,IA,2,Republican,Republican,1970-07-01,50,186,50.5096
117,2021-01-03,T000476,Thom Tillis,NC,2,Republican,Republican,1960-08-30,60,126,60.3452
117,2021-01-03,R000605,Mike Rounds,SD,2,Republican,Republican,1954-10-24,66,71,66.1945
117,2021-01-03,K000393,John Kennedy,LA,3,Republican,Republican,1951-11-21,69,43,69.1178
117,2021-01-03,H001076,Margaret Wood Hassan,NH,3,Democratic,Democrat,1958-02-27,62,311,62.8497
117,2021-01-03,C001113,Catherine Cortez Masto,NV,3,Democratic,Democrat,1964-03-29,56,280,56.7671
117,2021-01-03,M001198,Roger Marshall,KS,2,Republican,Republican,1960-08-09,60,147,60.4027
117,2021-01-03,R000608,Jacky Rosen,NV,1,Democratic,Democrat,1957-08-02,63,154,63.4219
117,2021-01-03,S001203,Tina Smith,MN,2,Democratic,Democrat,1958-03-04,62,305,62.8356
117,2021-01-03,H001079,Cindy Hyde-Smith,MS,2,Republican,Republican,1959-05-10,61,238,61.6521
117,2021-01-03,S001217,Rick Scott,FL,1,Republican,Republican,1952-12-01,68,33,68.0904
117,2021-01-03,H001089,Josh Hawley,MO,1,Republican,Republican,1979-12-31,41,3,41.0082
117,2021-01-03,K000377,Mark Kelly,AZ,3,Democratic,Democrat,1964-02-21,56,317,56.8661
117,2021-01-03,L000571,Cynthia M. Lummis,WY,2,Republican,Republican,1954-09-10,66,115,66.3151
117,2021-01-03,T000278,Tommy Tuberville,AL,2,Republican,Republican,1954-09-18,66,107,66.2932
117,2021-01-03,H000273,John W. Hickenlooper,CO,2,Democratic,Democrat,1952-02-07,68,331,68.9044
117,2021-01-03,H000601,Bill Hagerty,TN,2,Republican,Republican,1959-08-14,61,142,61.389
117,2021-01-03,H001075,Kamala D. Harris,CA,3,Democratic,Democrat,1964-10-20,56,75,56.2055
117,2021-01-03,L000594,Kelly Loeffler,GA,3,Republican,Republican,1970-11-27,50,37,50.1014
117,2021-01-03,B000575,Roy Blunt,MO,3,Republican,Republican,1950-01-10,70,359,70.9809
117,2021-01-03,B001135,Richard Burr,NC,3,Republican,Republican,1955-11-30,65,34,65.0932
117,2021-01-03,L000174,Patrick J. Leahy,VT,3,Democratic,Democrat,1940-03-31,80,278,80.7616
117,2021-01-03,P000449,Rob Portman,OH,3,Republican,Republican,1955-12-19,65,15,65.0411
117,2021-01-03,S000320,Richard C. Shelby,AL,3,Republican,Republican,1934-05-06,86,242,86.663
117,2021-01-03,T000461,Patrick J. Toomey,PA,3,Republican,Republican,1961-11-17,59,47,59.1288
117,2021-01-03,I000024,James M. Inhofe,OK,2,Republican,Republican,1934-11-17,86,47,86.1288
117,2021-01-03,S001197,Ben Sasse,NE,2,Republican,Republican,1972-02-22,48,316,48.8634
117,2021-01-03,F000062,Dianne Feinstein,CA,1,Democratic,Democrat,1933-06-22,87,195,87.5342
117,2021-01-03,M000639,Robert Menendez,NJ,1,Democratic,Democrat,1954-01-01,67,2,67.0055
117,2021-01-03,B000944,Sherrod Brown,OH,1,Democratic,Democrat,1952-11-09,68,55,68.1507
117,2021-01-03,C000141,Benjamin L. Cardin,MD,1,Democratic,Democrat,1943-10-05,77,90,77.2466
117,2021-01-03,C000174,Thomas R. Carper,DE,1,Democratic,Democrat,1947-01-23,73,346,73.9454
117,2021-01-03,C001070,"Robert P. Casey, Jr.",PA,1,Democratic,Democrat,1960-04-13,60,265,60.726
117,2021-01-03,S000770,Debbie Stabenow,MI,1,Democratic,Democrat,1950-04-29,70,249,70.6822
117,2021-01-03,T000464,Jon Tester,MT,1,Democratic,Democrat,1956-08-21,64,135,64.3699
117,2021-01-03,M001183,"Joe Manchin, III",WV,1,Other,Independent,1947-08-24,73,132,73.3616
117,2021-01-03,S001191,Kyrsten Sinema,AZ,1,Other,Independent,1976-07-12,44,175,44.4795
117,2021-01-03,B001310,Mike Braun,IN,1,Republican,Republican,1954-03-24,66,285,66.7808
117,2021-01-03,R000615,Mitt Romney,UT,1,Republican,Republican,1947-03-12,73,297,73.8137
117,2021-01-03,R000595,Marco Rubio,FL,3,Republican,Republican,1971-05-28,49,220,49.6027
117,2021-01-03,G000359,Lindsey Graham,SC,2,Republican,Republican,1955-07-09,65,178,65.4877
118,2023-01-03,C000127,Maria Cantwell,WA,1,Democratic,Democrat,1958-10-13,64,82,64.2247
118,2023-01-03,K000367,Amy Klobuchar,MN,1,Democratic,Democrat,1960-05-25,62,223,62.611
118,2023-01-03,S000033,Bernard Sanders,VT,1,Other,Independent,1941-09-08,81,117,81.3205
118,2023-01-03,W000802,Sheldon Whitehouse,RI,1,Democratic,Democrat,1955-10-20,67,75,67.2055
118,2023-01-03,B001261,John Barrasso,WY,1,Republican,Republican,1952-07-21,70,166,70.4548
118,2023-01-03,W000437,Roger F. Wicker,MS,1,Republican,Republican,1951-07-05,71,182,71.4986
118,2023-01-03,C001035,Susan M. Collins,ME,2,Republican,Republican,1952-12-07,70,27,70.074
118,2023-01-03,C001056,John Cornyn,TX,2,Republican,Republican,1952-02-02,70,335,70.9178
118,2023-01-03,D000563,Richard J. Durbin,IL,2,Democratic,Democrat,1944-11-21,78,43,78.1178
118,2023-01-03,M000355,Mitch McConnell,KY,2,Republican,Republican,1942-02-20,80,317,80.8685
118,2023-01-03,M001176,Jeff Merkley,OR,2,Democratic,Democrat,1956-10-24,66,71,66.1945
118,2023-01-03,R000122,Jack Reed,RI,2,Democratic,Democrat,1949-11-12,73,52,73.1425
118,2023-01-03,R000584,James E. Risch,ID,2,Republican,Republican,1943-05-03,79,245,79.6712
118,2023-01-03,S001181,Jeanne Shaheen,NH,2,Democratic,Democrat,1947-01-28,75,340,75.9315
118,2023-01-03,W000805,Mark R. Warner,VA,2,Democratic,Democrat,1954-12-15,68,19,68.0521
118,2023-01-03,G000555,Kirsten E. Gillibrand,NY,1,Democratic,Democrat,1966-12-09,56,25,56.0685
118,2023-01-03,C001088,Christopher A. Coons,DE,2,Democratic,Democrat,1963-09-09,59,116,59.3178
118,2023-01-03,B001230,Tammy Baldwin,WI,1,Democratic,Democrat,1962-02-11,60,326,60.8932
118,2023-01-03,B001267,Michael F. Bennet,CO,3,Democratic,Democrat,1964-11-28,58,36,58.0986
118,2023-01-03,B001243,Marsha Blackburn,TN,1,Republican,Republican,1952-06-06,70,211,70.5781
118,2023-01-03,B001277,Richard Blumenthal,CT,3,Democratic,Democrat,1946-02-13,76,324,76.8877
118,2023-01-03,B001236,John Boozman,AR,3,Republican,Republican,1950-12-10,72,24,72.0658
118,2023-01-03,C001047,Shelley Moore Capito,WV,2,Republican,Republican,1953-11-26,69,38,69.1041
118,2023-01-03,C001075,Bill Cassidy,LA,2,Republican,Republican,1957-09-28,65,97,65.2658
118,2023-01-03,C000880,Mike Crapo,ID,3,Republican,Republican,1951-05-20,71,228,71.6247
118,2023-01-03,G000386,Chuck Grassley,IA,3,Republican,Republican,1933-09-17,89,108,89.2959
118,2023-01-03,H001046,Martin Heinrich,NM,1,Democratic,Democrat,1971-10-17,51,78,51.2137
118,2023-01-03,H001042,Mazie K. Hirono,HI,1,Democratic,Democrat,1947-11-03,75,61,75.1671
118,2023-01-03,H001061,John Hoeven,ND,3,Republican,Republican,1957-03-13,65,296,65.811
118,2023-01-03,J000293,Ron Johnson,WI,3,Republican,Republican,1955-04-08,67,270,67.7397
118,2023-01-03,L000575,James Lankford,OK,3,Republican,Republican,1968-03-04,54,305,54.8356
118,2023-01-03,L000577,Mike Lee,UT,3,Republican,Republican,1971-06-04,51,213,51.5836
118,2023-01-03,L000570,Ben Ray Luján,NM,2,Democratic,Democrat,1972-06-07,50,210,50.5753
118,2023-01-03,M000133,Edward J. Markey,MA,2,Democratic,Democrat,1946-07-11,76,176,76.4822
118,2023-01-03,M000934,Jerry Moran,KS,3,Republican,Republican,1954-05-29,68,219,68.6
118,2023-01-03,M001153,Lisa Murkowski,AK,3,Republican,Republican,1957-05-22,65,226,65.6192
118,2023-01-03,M001169,Christopher Murphy,CT,1,Democratic,Democrat,1973-08-03,49,153,49.4192
118,2023-01-03,M001111,Patty Murray,WA,3,Democratic,Democrat,1950-10-11,72,84,72.2301
118,2023-01-03,P000603,Rand Paul,KY,3,Republican,Republican,1963-01-07,59,361,59.989
118,2023-01-03,P000595,Gary C. Peters,MI,2,Democratic,Democrat,1958-12-01,64,33,64.0904
118,2023-01-03,S000148,Charles E. Schumer,NY,3,Democratic,Democrat,1950-11-23,72,41,72.1123
118,2023-01-03,S001184,Tim Scott,SC,3,Republican,Republican,1965-09-19,57,106,57.2904
118,2023-01-03,T000250,John Thune,SD,3,Republican,Republican,1961-01-07,61,361,61.989
118,2023-01-03,V000128,Chris Van Hollen,MD,3,Democratic,Democrat,1959-01-10,63,358,63.9808
118,2023-01-03,W000800,Peter Welch,VT,3,Democratic,Democrat,1947-05-02,75,246,75.674
118,2023-01-03,W000779,Ron Wyden,OR,3,Democratic,Democrat,1949-05-03,73,245,73.6712
118,2023-01-03,Y000064,Todd Young,IN,3,Republican,Republican,1972-08-24,50,132,50.3616
118,2023-01-03,S001194,Brian Schatz,HI,3,Democratic,Democrat,1972-10-20,50,75,50.2055
118,2023-01-03,C001095,Tom Cotton,AR,2,Republican,Republican,1977-05-13,45,235,45.6438
118,2023-01-03,D000622,Tammy Duckworth,IL,3,Democratic,Democrat,1968-03-12,54,297,54.8137
118,2023-01-03,W000817,Elizabeth Warren,MA,1,Democratic,Democrat,1949-06-22,73,195,73.5342
118,2023-01-03,K000383,"Angus S. King, Jr.",ME,1,Other,Independent,1944-03-31,78,278,78.7616
118,2023-01-03,D000618,Steve Daines,MT,2,Republican,Republican,1962-08-20,60,136,60.3726
118,2023-01-03,C001096,Kevin Cramer,ND,1,Republican,Republican,1961-01-21,61,347,61.9507
118,2023-01-03,F000463,Deb Fischer,NE,1,Republican,Republican,1951-03-01,71,308,71.8438
118,2023-01-03,C001098,Ted Cruz,TX,1,Republican,Republican,1970-12-22,52,12,52.0329
118,2023-01-03,K000384,Tim Kaine,VA,1,Democratic,Democrat,1958-02-26,64,311,64.8521
118,2023-01-03,B001288,Cory A. Booker,NJ,2,Democratic,Democrat,1969-04-27,53,251,53.6877
118,2023-01-03,S001198,Dan Sullivan,AK,2,Republican,Republican,1964-11-13,58,51,58.1397
118,2023-01-03,E000295,Joni Ernst,IA,2,Republican,Republican,1970-07-01,52,186,52.5096
118,2023-01-03,T000476,Thom Tillis,NC,2,Republican,Republican,1960-08-30,62,126,62.3452
118,2023-01-03,R000605,Mike Rounds,SD,2,Republican,Republican,1954-10-24,68,71,68.1945
118,2023-01-03,K000393,John Kennedy,LA,3,Republican,Republican,1951-11-21,71,43,71.1178
118,2023-01-03,H001076,Margaret Wood Hassan,NH,3,Democratic,Democrat,1958-02-27,64,310,64.8493
118,2023-01-03,C001113,Catherine Cortez Masto,NV,3,Democratic,Democrat,1964-03-29,58,280,58.7671
118,2023-01-03,M001198,Roger Marshall,KS,2,Republican,Republican,1960-08-09,62,147,62.4027
118,2023-01-03,B001305,Ted Budd,NC,3,Republican,Republican,1971-10-21,51,74,51.2027
118,2023-01-03,R000608,Jacky Rosen,NV,1,Democratic,Democrat,1957-08-02,65,154,65.4219
118,2023-01-03,S001203,Tina Smith,MN,2,Democratic,Democrat,1958-03-04,64,305,64.8356
118,2023-01-03,H001079,Cindy Hyde-Smith,MS,2,Republican,Republican,1959-05-10,63,238,63.6521
118,2023-01-03,S001217,Rick Scott,FL,1,Republican,Republican,1952-12-01,70,33,70.0904
118,2023-01-03,H001089,Josh Hawley,MO,1,Republican,Republican,1979-12-31,43,3,43.0082
118,2023-01-03,K000377,Mark Kelly,AZ,3,Democratic,Democrat,1964-02-21,58,316,58.8658
118,2023-01-03,L000571,Cynthia M. Lummis,WY,2,Republican,Republican,1954-09-10,68,115,68.3151
118,2023-01-03,T000278,Tommy Tuberville,AL,2,Republican,Republican,1954-09-18,68,107,68.2932
118,2023-01-03,H000273,John W. Hickenlooper,CO,2,Democratic,Democrat,1952-02-07,70,330,70.9041
118,2023-01-03,H000601,Bill Hagerty,TN,2,Republican,Republican,1959-08-14,63,142,63.389
118,2023-01-03,P000145,Alex Padilla,CA,3,Democratic,Democrat,1973-03-22,49,287,49.7863
118,2023-01-03,O000174,Jon Ossoff,GA,2,Democratic,Democrat,1987-02-16,35,321,35.8795
118,2023-01-03,W000790,Raphael G. Warnock,GA,3,Democratic,Democrat,1969-07-23,53,164,53.4493
118,2023-01-03,B001319,Katie Boyd Britt,AL,3,Republican,Republican,1982-02-02,40,335,40.9178
118,2023-01-03,S001227,Eric Schmitt,MO,3,Republican,Republican,1975-06-20,47,197,47.5397
118,2023-01-03,F000479,John Fetterman,PA,3,Democratic,Democrat,1969-08-15,53,141,53.3863
118,2023-01-03,S001197,Ben Sasse,NE,2,Republican,Republican,1972-02-22,50,315,50.863
118,2023-01-03,F000062,Dianne Feinstein,CA,1,Democratic,Democrat,1933-06-22,89,195,89.5342
118,2023-01-03,M000639,Robert Menendez,NJ,1,Democratic,Democrat,1954-01-01,69,2,69.0055
118,2023-01-03,B000944,Sherrod Brown,OH,1,Democratic,Democrat,1952-11-09,70,55,70.1507
118,2023-01-03,C000141,Benjamin L. Cardin,MD,1,Democratic,Democrat,1943-10-05,79,90,79.2466
118,2023-01-03,C000174,Thomas R. Carper,DE,1,Democratic,Democrat,1947-01-23,75,345,75.9452
118,2023-01-03,C001070,"Robert P. Casey, Jr.",PA,1,Democratic,Democrat,1960-04-13,62,265,62.726
118,2023-01-03,S000770,Debbie Stabenow,MI,1,Democratic,Democrat,1950-04-29,72,249,72.6822
118,2023-01-03,T000464,Jon Tester,MT,1,Democratic,Democrat,1956-08-21,66,135,66.3699
118,2023-01-03,M001183,"Joe Manchin, III",WV,1,Other,Independent,1947-08-24,75,132,75.3616
118,2023-01-03,S001191,Kyrsten Sinema,AZ,1,Other,Independent,1976-07-12,46,175,46.4795
118,2023-01-03,B001310,Mike Braun,IN,1,Republican,Republican,1954-03-24,68,285,68.7808
118,2023-01-03,R000615,Mitt Romney,UT,1,Republican,Republican,1947-03-12,75,297,75.8137
118,2023-01-03,V000137,J.D. Vance,OH,3,Republican,Republican,1984-08-02,38,154,38.4219
118,2023-01-03,R000595,Marco Rubio,FL,3,Republican,Republican,1971-05-28,51,220,51.6027
118,2023-01-03,M001190,Markwayne Mullin,OK,2,Republican,Republican,1977-07-26,45,161,45.4411
118,2023-01-03,G000359,Lindsey Graham,SC,2,Republican,Republican,1955-07-09,67,178,67.4877
119,2025-01-03,C000127,Maria Cantwell,WA,1,Democratic,Democrat,1958-10-13,66,82,66.2247
119,2025-01-03,K000367,Amy Klobuchar,MN,1,Democratic,Democrat,1960-05-25,64,223,64.611
119,2025-01-03,S000033,Bernard Sanders,VT,1,Other,Independent,1941-09-08,83,117,83.3205
119,2025-01-03,W000802,Sheldon Whitehouse,RI,1,Democratic,Democrat,1955-10-20,69,75,69.2055
119,2025-01-03,B001261,John Barrasso,WY,1,Republican,Republican,1952-07-21,72,166,72.4548
119,2025-01-03,W000437,Roger F. Wicker,MS,1,Republican,Republican,1951-07-05,73,182,73.4986
119,2025-01-03,C001035,Susan M. Collins,ME,2,Republican,Republican,1952-12-07,72,27,72.074
119,2025-01-03,C001056,John Cornyn,TX,2,Republican,Republican,1952-02-02,72,336,72.918
119,2025-01-03,D000563,Richard J. Durbin,IL,2,Democratic,Democrat,1944-11-21,80,43,80.1178
119,2025-01-03,M000355,Mitch McConnell,KY,2,Republican,Republican,1942-02-20,82,318,82.8689
119,2025-01-03,M001176,Jeff Merkley,OR,2,Democratic,Democrat,1956-10-24,68,71,68.1945
119,2025-01-03,R000122,Jack Reed,RI,2,Democratic,Democrat,1949-11-12,75,52,75.1425
119,2025-01-03,R000584,James E. Risch,ID,2,Republican,Republican,1943-05-03,81,245,81.6712
119,2025-01-03,S001181,Jeanne Shaheen,NH,2,Democratic,Democrat,1947-01-28,77,341,77.9317
119,2025-01-03,W000805,Mark R. Warner,VA,2,Democratic,Democrat,1954-12-15,70,19,70.0521
119,2025-01-03,G000555,Kirsten E. Gillibrand,NY,1,Democratic,Democrat,1966-12-09,58,25,58.0685
119,2025-01-03,C001088,Christopher A. Coons,DE,2,Democratic,Democrat,1963-09-09,61,116,61.3178
119,2025-01-03,B001230,Tammy Baldwin,WI,1,Democratic,Democrat,1962-02-11,62,327,62.8934
119,2025-01-03,B001267,Michael F. Bennet,CO,3,Democratic,Democrat,1964-11-28,60,36,60.0986
119,2025-01-03,B001243,Marsha Blackburn,TN,1,Republican,Republican,1952-06-06,72,211,72.5781
119,2025-01-03,B001277,Richard Blumenthal,CT,3,Democratic,Democrat,1946-02-13,78,325,78.888
119,2025-01-03,B001236,John Boozman,AR,3,Republican,Republican,1950-12-10,74,24,74.0658
119,2025-01-03,C001047,Shelley Moore Capito,WV,2,Republican,Republican,1953-11-26,71,38,71.1041
119,2025-01-03,C001075,Bill Cassidy,LA,2,Republican,Republican,1957-09-28,67,97,67.2658
119,2025-01-03,C000880,Mike Crapo,ID,3,Republican,Republican,1951-05-20,73,228,73.6247
119,2025-01-03,G000386,Chuck Grassley,IA,3,Republican,Republican,1933-09-17,91,108,91.2959
119,2025-01-03,H001046,Martin Heinrich,NM,1,Democratic,Democrat,1971-10-17,53,78,53.2137
119,2025-01-03,H001042,Mazie K. Hirono,HI,1,Democratic,Democrat,1947-11-03,77,61,77.1671
119,2025-01-03,H001061,John Hoeven,ND,3,Republican,Republican,1957-03-13,67,296,67.811
119,2025-01-03,J000293,Ron Johnson,WI,3,Republican,Republican,1955-04-08,69,270,69.7397
119,2025-01-03,L000575,James Lankford,OK,3,Republican,Republican,1968-03-04,56,305,56.8356
119,2025-01-03,L000577,Mike Lee,UT,3,Republican,Republican,1971-06-04,53,213,53.5836
119,2025-01-03,L000570,Ben Ray Luján,NM,2,Democratic,Democrat,1972-06-07,52,210,52.5753
119,2025-01-03,M000133,Edward J. Markey,MA,2,Democratic,Democrat,1946-07-11,78,176,78.4822
119,2025-01-03,M000934,Jerry Moran,KS,3,Republican,Republican,1954-05-29,70,219,70.6
119,2025-01-03,M001153,Lisa Murkowski,AK,3,Republican,Republican,1957-05-22,67,226,67.6192
119,2025-01-03,M001169,Christopher Murphy,CT,1,Democratic,Democrat,1973-08-03,51,153,51.4192
119,2025-01-03,M001111,Patty Murray,WA,3,Democratic,Democrat,1950-10-11,74,84,74.2301
119,2025-01-03,P000603,Rand Paul,KY,3,Republican,Republican,1963-01-07,61,362,61.9891
119,2025-01-03,P000595,Gary C. Peters,MI,2,Democratic,Democrat,1958-12-01,66,33,66.0904
119,2025-01-03,S001150,Adam B. Schiff,CA,1,Democratic,Democrat,1960-06-22,64,195,64.5342
119,2025-01-03,S000148,Charles E. Schumer,NY,3,Democratic,Democrat,1950-11-23,74,41,74.1123
119,2025-01-03,S001184,Tim Scott,SC,3,Republican,Republican,1965-09-19,59,106,59.2904
119,2025-01-03,T000250,John Thune,SD,3,Republican,Republican,1961-01-07,63,362,63.9891
119,2025-01-03,V000128,Chris Van Hollen,MD,3,Democratic,Democrat,1959-01-10,65,359,65.9809
119,2025-01-03,W000800,Peter Welch,VT,3,Democratic,Democrat,1947-05-02,77,246,77.674
119,2025-01-03,W000779,Ron Wyden,OR,3,Democratic,Democrat,1949-05-03,75,245,75.6712
119,2025-01-03,Y000064,Todd Young,IN,3,Republican,Republican,1972-08-24,52,132,52.3616
119,2025-01-03,S001194,Brian Schatz,HI,3,Democratic,Democrat,1972-10-20,52,75,52.2055
119,2025-01-03,C001095,Tom Cotton,AR,2,Republican,Republican,1977-05-13,47,235,47.6438
119,2025-01-03,D000622,Tammy Duckworth,IL,3,Democratic,Democrat,1968-03-12,56,297,56.8137
119,2025-01-03,W000817,Elizabeth Warren,MA,1,Democratic,Democrat,1949-06-22,75,195,75.5342
119,2025-01-03,K000383,"Angus S. King, Jr.",ME,1,Other,Independent,1944-03-31,80,278,80.7616
119,2025-01-03,D000618,Steve Daines,MT,2,Republican,Republican,1962-08-20,62,136,62.3726
119,2025-01-03,C001096,Kevin Cramer,ND,1,Republican,Republican,1961-01-21,63,348,63.9508
119,2025-01-03,F000463,Deb Fischer,NE,1,Republican,Republican,1951-03-01,73,308,73.8438
119,2025-01-03,C001098,Ted Cruz,TX,1,Republican,Republican,1970-12-22,54,12,54.0329
119,2025-01-03,K000384,Tim Kaine,VA,1,Democratic,Democrat,1958-02-26,66,312,66.8525
119,2025-01-03,B001288,Cory A. Booker,NJ,2,Democratic,Democrat,1969-04-27,55,251,55.6877
119,2025-01-03,G000574,Ruben Gallego,AZ,1,Democratic,Democrat,1979-11-20,45,44,45.1205
119,2025-01-03,S001198,Dan Sullivan,AK,2,Republican,Republican,1964-11-13,60,51,60.1397
119,2025-01-03,E000295,Joni Ernst,IA,2,Republican,Republican,1970-07-01,54,186,54.5096
119,2025-01-03,T000476,Thom Tillis,NC,2,Republican,Republican,1960-08-30,64,126,64.3452
119,2025-01-03,R000605,Mike Rounds,SD,2,Republican,Republican,1954-10-24,70,71,70.1945
119,2025-01-03,K000393,John Kennedy,LA,3,Republican,Republican,1951-11-21,73,43,73.1178
119,2025-01-03,H001076,Margaret Wood Hassan,NH,3,Democratic,Democrat,1958-02-27,66,311,66.8497
119,2025-01-03,C001113,Catherine Cortez Masto,NV,3,Democratic,Democrat,1964-03-29,60,280,60.7671
119,2025-01-03,B001303,Lisa Blunt Rochester,DE,1,Democratic,Democrat,1962-02-10,62,328,62.8962
119,2025-01-03,B001299,Jim Banks,IN,1,Republican,Republican,1979-07-16,45,171,45.4685
119,2025-01-03,M001198,Roger Marshall,KS,2,Republican,Republican,1960-08-09,64,147,64.4027
119,2025-01-03,B001305,Ted Budd,NC,3,Republican,Republican,1971-10-21,53,74,53.2027
119,2025-01-03,R000608,Jacky Rosen,NV,1,Democratic,Democrat,1957-08-02,67,154,67.4219
119,2025-01-03,C001114,John R. Curtis,UT,1,Republican,Republican,1960-05-10,64,238,64.6521
119,2025-01-03,S001203,Tina Smith,MN,2,Democratic,Democrat,1958-03-04,66,305,66.8356
119,2025-01-03,H001079,Cindy Hyde-Smith,MS,2,Republican,Republican,1959-05-10,65,238,65.6521
119,2025-01-03,S001208,Elissa Slotkin,MI,1,Democratic,Democrat,1976-07-10,48,177,48.4849
119,2025-01-03,K000394,Andy Kim,NJ,1,Democratic,Democrat,1982-07-12,42,175,42.4795
119,2025-01-03,S001217,Rick Scott,FL,1,Republican,Republican,1952-12-01,72,33,72.0904
119,2025-01-03,H001089,Josh Hawley,MO,1,Republican,Republican,1979-12-31,45,3,45.0082
119,2025-01-03,K000377,Mark Kelly,AZ,3,Democratic,Democrat,1964-02-21,60,317,60.8661
119,2025-01-03,L000571,Cynthia M. Lummis,WY,2,Republican,Republican,1954-09-10,70,115,70.3151
119,2025-01-03,T000278,Tommy Tuberville,AL,2,Republican,Republican,1954-09-18,70,107,70.2932
119,2025-01-03,H000273,John W. Hickenlooper,CO,2,Democratic,Democrat,1952-02-07,72,331,72.9044
119,2025-01-03,H000601,Bill Hagerty,TN,2,Republican,Republican,1959-08-14,65,142,65.389
119,2025-01-03,P000145,Alex Padilla,CA,3,Democratic,Democrat,1973-03-22,51,287,51.7863
119,2025-01-03,O000174,Jon Ossoff,GA,2,Democratic,Democrat,1987-02-16,37,322,37.8798
119,2025-01-03,W000790,Raphael G. Warnock,GA,3,Democratic,Democrat,1969-07-23,55,164,55.4493
119,2025-01-03,B001319,Katie Boyd Britt,AL,3,Republican,Republican,1982-02-02,42,336,42.918
119,2025-01-03,S001227,Eric Schmitt,MO,3,Republican,Republican,1975-06-20,49,197,49.5397
119,2025-01-03,F000479,John Fetterman,PA,3,Democratic,Democrat,1969-08-15,55,141,55.3863
119,2025-01-03,R000618,Pete Ricketts,NE,2,Republican,Republican,1964-08-19,60,137,60.3753
119,2025-01-03,A000382,Angela D. Alsobrooks,MD,1,Democratic,Democrat,1971-02-23,53,315,53.8607
119,2025-01-03,S001232,Tim Sheehy,MT,1,Republican,Republican,1985-11-18,39,46,39.126
119,2025-01-03,M001242,Bernie Moreno,OH,1,Republican,Republican,1967-02-14,57,324,57.8852
119,2025-01-03,M001243,David McCormick,PA,1,Republican,Republican,1965-08-17,59,139,59.3808
119,2025-01-03,V000137,J.D. Vance,OH,3,Republican,Republican,1984-08-02,40,154,40.4219
119,2025-01-03,R000595,Marco Rubio,FL,3,Republican,Republican,1971-05-28,53,220,53.6027
119,2025-01-03,M001190,Markwayne Mullin,OK,2,Republican,Republican,1977-07-26,47,161,47.4411
119,2025-01-03,G000359,Lindsey Graham,SC,2,Republican,Republican,1955-07-09,69,178,69.4877
